{"type":"FeatureCollection","features":[{"type":"Feature","properties":{"clase":1,"profundidad":"hasta 0,5 m"},"geometry":{"type":"MultiPolygon","coordinates":[[[[-58.19315,-32.16972],[-58.1925,-32.16954],[-58.19222,-32.16991],[-58.19278,-32.16991],[-58.19315,-32.16972]]],[[[-58.19231,-32.16806],[-58.1925,-32.16685],[-58.19231,-32.16667],[-58.19231,-32.16806]]],[[[-58.19611,-32.16741],[-58.19667,-32.16722],[-58.19657,-32.16685],[-58.19583,-32.16685],[-58.19574,-32.16713],[-58.19611,-32.16741]]],[[[-58.19704,-32.16574],[-58.19565,-32.16463],[-58.19574,-32.165],[-58.19537,-32.16528],[-58.19556,-32.16574],[-58.19509,-32.16583],[-58.19509,-32.16639],[-58.19593,-32.16528],[-58.1962,-32.16537],[-58.19611,-32.16574],[-58.19565,-32.16657],[-58.19509,-32.16676],[-58.19481,-32.16648],[-58.195,-32.16741],[-58.1937,-32.16889],[-58.19389,-32.16935],[-58.19444,-32.16889],[-58.19556,-32.1687],[-58.19509,-32.16861],[-58.19472,-32.16806],[-58.19519,-32.16769],[-58.19528,-32.16676],[-58.19593,-32.16667],[-58.1963,-32.16602],[-58.19704,-32.16574]]],[[[-58.19787,-32.16593],[-58.19861,-32.16565],[-58.1975,-32.16556],[-58.19704,-32.16574],[-58.19769,-32.16565],[-58.19713,-32.1663],[-58.19796,-32.16676],[-58.19769,-32.16657],[-58.19787,-32.1662],[-58.19806,-32.16657],[-58.19824,-32.16648],[-58.19787,-32.16593]]],[[[-58.19685,-32.16731],[-58.19713,-32.16741],[-58.19722,-32.16713],[-58.19796,-32.16713],[-58.19796,-32.16694],[-58.1975,-32.16667],[-58.19685,-32.16731]]],[[[-58.19111,-32.16602],[-58.19074,-32.16593],[-58.19093,-32.16657],[-58.19102,-32.16657],[-58.19111,-32.16602]]],[[[-58.18657,-32.16],[-58.1863,-32.16037],[-58.18639,-32.16074],[-58.18648,-32.16074],[-58.18657,-32.16]]],[[[-58.18685,-32.15917],[-58.18685,-32.15824],[-58.18676,-32.15824],[-58.18657,-32.15861],[-58.18685,-32.15917]]],[[[-58.18657,-32.15759],[-58.1862,-32.15806],[-58.18685,-32.15815],[-58.18657,-32.15796],[-58.18657,-32.15759]]],[[[-58.1887,-32.14546],[-58.18898,-32.14648],[-58.18778,-32.14657],[-58.18824,-32.14722],[-58.18843,-32.14722],[-58.18815,-32.14759],[-58.18815,-32.14861],[-58.1887,-32.14861],[-58.18889,-32.14917],[-58.1888,-32.14778],[-58.18852,-32.14815],[-58.18824,-32.14796],[-58.1887,-32.14731],[-58.18815,-32.14685],[-58.18907,-32.14667],[-58.18917,-32.14546],[-58.1887,-32.14546]]],[[[-58.18889,-32.14306],[-58.18815,-32.14287],[-58.18787,-32.14324],[-58.18889,-32.14306]]],[[[-58.19157,-32.1388],[-58.19102,-32.13787],[-58.19157,-32.13806],[-58.19167,-32.13778],[-58.1912,-32.13759],[-58.19111,-32.13731],[-58.19148,-32.13713],[-58.1912,-32.13694],[-58.19074,-32.13731],[-58.19093,-32.13806],[-58.19065,-32.13898],[-58.19111,-32.13889],[-58.19111,-32.13843],[-58.1913,-32.13898],[-58.19157,-32.1388]]],[[[-58.19065,-32.14028],[-58.19102,-32.14046],[-58.19093,-32.13926],[-58.1913,-32.13963],[-58.1913,-32.13898],[-58.19074,-32.13935],[-58.19046,-32.13898],[-58.19028,-32.13944],[-58.18981,-32.13944],[-58.18954,-32.14056],[-58.19009,-32.14093],[-58.19,-32.1413],[-58.19074,-32.14102],[-58.19065,-32.14028]],[[-58.19046,-32.14074],[-58.19009,-32.13991],[-58.19074,-32.13981],[-58.19046,-32.14074]]],[[[-58.19019,-32.14167],[-58.18954,-32.14139],[-58.18926,-32.14231],[-58.18898,-32.14231],[-58.18944,-32.14259],[-58.18954,-32.14324],[-58.18889,-32.14343],[-58.18917,-32.1437],[-58.1888,-32.14398],[-58.18889,-32.14417],[-58.18926,-32.14389],[-58.18926,-32.14352],[-58.19,-32.14324],[-58.19019,-32.14269],[-58.19019,-32.14213],[-58.18991,-32.14213],[-58.19019,-32.14204],[-58.19019,-32.14167]]],[[[-58.18935,-32.14407],[-58.1887,-32.145],[-58.18917,-32.14509],[-58.18926,-32.14454],[-58.18972,-32.14472],[-58.18963,-32.14435],[-58.18935,-32.14407]]],[[[-58.15241,-32.34241],[-58.15333,-32.34231],[-58.15352,-32.34269],[-58.15352,-32.34213],[-58.15241,-32.34204],[-58.15241,-32.34241]]],[[[-58.15315,-32.2125],[-58.15315,-32.2112],[-58.15389,-32.21074],[-58.15389,-32.21037],[-58.15278,-32.21],[-58.15259,-32.20944],[-58.15306,-32.2113],[-58.1525,-32.21176],[-58.15287,-32.2125],[-58.15259,-32.2125],[-58.15269,-32.21296],[-58.15231,-32.21296],[-58.15231,-32.21315],[-58.15315,-32.21324],[-58.15287,-32.21296],[-58.15315,-32.2125]]],[[[-58.15148,-32.20843],[-58.15222,-32.20907],[-58.1525,-32.20852],[-58.15213,-32.20815],[-58.15213,-32.20861],[-58.15148,-32.20843]]],[[[-58.15194,-32.20398],[-58.15306,-32.20324],[-58.15231,-32.20157],[-58.1512,-32.20176],[-58.15037,-32.20259],[-58.15065,-32.20269],[-58.15093,-32.20398],[-58.15167,-32.20426],[-58.15148,-32.20444],[-58.15185,-32.20435],[-58.15204,-32.20463],[-58.15194,-32.20398]]],[[[-58.15185,-32.20463],[-58.15185,-32.20491],[-58.1513,-32.20454],[-58.15083,-32.20481],[-58.15093,-32.20565],[-58.15046,-32.2063],[-58.15,-32.20639],[-58.14981,-32.20574],[-58.14889,-32.20556],[-58.14917,-32.20611],[-58.14833,-32.20685],[-58.14759,-32.20611],[-58.14741,-32.20685],[-58.14769,-32.20713],[-58.14704,-32.20722],[-58.14639,-32.20796],[-58.1488,-32.20676],[-58.14907,-32.20676],[-58.1488,-32.20713],[-58.14935,-32.20713],[-58.14954,-32.20685],[-58.14926,-32.20694],[-58.14917,-32.2062],[-58.15037,-32.20648],[-58.15056,-32.20722],[-58.15056,-32.20648],[-58.15111,-32.20574],[-58.15157,-32.20583],[-58.15194,-32.20537],[-58.15222,-32.20537],[-58.15222,-32.20546],[-58.1525,-32.20546],[-58.1525,-32.20556],[-58.15269,-32.20556],[-58.15259,-32.20537],[-58.15213,-32.20528],[-58.15185,-32.20463]]],[[[-58.15315,-32.20444],[-58.15315,-32.20546],[-58.15426,-32.20593],[-58.1538,-32.2063],[-58.15352,-32.20611],[-58.15333,-32.2062],[-58.15435,-32.20648],[-58.15435,-32.20565],[-58.15343,-32.20519],[-58.15315,-32.20444]]],[[[-58.15519,-32.20389],[-58.15426,-32.20426],[-58.15463,-32.20398],[-58.1538,-32.20426],[-58.15463,-32.20481],[-58.15519,-32.20389]]],[[[-58.14694,-32.20704],[-58.14676,-32.20593],[-58.14713,-32.20602],[-58.14713,-32.20537],[-58.14546,-32.20731],[-58.14472,-32.20898],[-58.14574,-32.20861],[-58.14537,-32.20852],[-58.14537,-32.20806],[-58.1462,-32.20741],[-58.1462,-32.20704],[-58.14657,-32.20759],[-58.14657,-32.20722],[-58.14694,-32.20704]]],[[[-58.14926,-32.2037],[-58.14926,-32.20463],[-58.14981,-32.20454],[-58.14944,-32.20528],[-58.14991,-32.20556],[-58.14991,-32.20463],[-58.15019,-32.20454],[-58.14991,-32.20444],[-58.14981,-32.20361],[-58.14926,-32.2037]]],[[[-58.15,-32.20093],[-58.15,-32.20176],[-58.15046,-32.20167],[-58.15065,-32.20111],[-58.1513,-32.20111],[-58.15,-32.20093]]],[[[-58.14981,-32.20269],[-58.15019,-32.20213],[-58.15056,-32.20185],[-58.15009,-32.20194],[-58.14981,-32.20269]]],[[[-58.15593,-32.12759],[-58.15574,-32.12815],[-58.15583,-32.12843],[-58.15602,-32.12824],[-58.15593,-32.12759]]],[[[-58.145,-32.33657],[-58.14481,-32.33722],[-58.14509,-32.33769],[-58.14463,-32.33778],[-58.14519,-32.33787],[-58.14519,-32.33824],[-58.14537,-32.33778],[-58.14583,-32.33824],[-58.14611,-32.33815],[-58.14565,-32.33759],[-58.14528,-32.33769],[-58.14546,-32.33713],[-58.14509,-32.33713],[-58.145,-32.33657]]],[[[-58.14231,-32.33593],[-58.14296,-32.33593],[-58.14278,-32.33556],[-58.14231,-32.33593]]],[[[-58.1487,-32.20333],[-58.14898,-32.20296],[-58.14898,-32.20204],[-58.1488,-32.20222],[-58.1487,-32.20333]]],[[[-58.14815,-32.20426],[-58.14787,-32.20426],[-58.1475,-32.20528],[-58.14787,-32.20509],[-58.14815,-32.20426]]],[[[-58.1425,-32.15907],[-58.1425,-32.1587],[-58.14213,-32.15824],[-58.14213,-32.1588],[-58.14241,-32.15889],[-58.14241,-32.15907],[-58.1425,-32.15907]]],[[[-58.14194,-32.33509],[-58.14157,-32.33454],[-58.1412,-32.33463],[-58.14194,-32.33509]]],[[[-58.13889,-32.13519],[-58.13907,-32.13491],[-58.13944,-32.13519],[-58.13898,-32.13528],[-58.13991,-32.13546],[-58.13991,-32.13509],[-58.13935,-32.13481],[-58.13787,-32.13472],[-58.13815,-32.13509],[-58.13861,-32.13491],[-58.13889,-32.13519]]],[[[-58.13463,-32.33435],[-58.13287,-32.33481],[-58.13426,-32.33454],[-58.13417,-32.33463],[-58.13426,-32.33491],[-58.13463,-32.33435]]],[[[-58.13065,-32.33398],[-58.13083,-32.33444],[-58.13222,-32.33463],[-58.13157,-32.3337],[-58.13065,-32.33398]]],[[[-58.13315,-32.32963],[-58.13222,-32.32926],[-58.13259,-32.32981],[-58.13352,-32.33009],[-58.13315,-32.32963]]],[[[-58.13009,-32.3275],[-58.13074,-32.32731],[-58.13046,-32.32713],[-58.13056,-32.32676],[-58.13,-32.32676],[-58.13009,-32.3275]]],[[[-58.13139,-32.32824],[-58.1312,-32.32787],[-58.13167,-32.32796],[-58.13204,-32.32759],[-58.13028,-32.32815],[-58.13139,-32.32824]]],[[[-58.13065,-32.32537],[-58.1313,-32.32602],[-58.13102,-32.32537],[-58.13065,-32.32537]]],[[[-58.13204,-32.12593],[-58.13185,-32.12537],[-58.13167,-32.12537],[-58.13148,-32.1262],[-58.13204,-32.12593]]],[[[-58.13157,-32.12491],[-58.1312,-32.12454],[-58.1313,-32.125],[-58.1312,-32.12537],[-58.13157,-32.12491]]],[[[-58.1312,-32.12426],[-58.1313,-32.12407],[-58.13102,-32.12407],[-58.13102,-32.1237],[-58.13037,-32.12361],[-58.1312,-32.12426]]],[[[-58.12944,-32.33333],[-58.12898,-32.33389],[-58.12944,-32.33407],[-58.13,-32.33389],[-58.13037,-32.33315],[-58.12972,-32.33315],[-58.12944,-32.33333]]],[[[-58.12704,-32.32778],[-58.12741,-32.32787],[-58.12769,-32.32722],[-58.12722,-32.32731],[-58.12704,-32.32704],[-58.12704,-32.32741],[-58.12741,-32.32741],[-58.12704,-32.32778]]],[[[-58.12574,-32.32759],[-58.12602,-32.32759],[-58.12694,-32.32769],[-58.12694,-32.32741],[-58.12574,-32.32759]]],[[[-58.13,-32.32648],[-58.12926,-32.3263],[-58.12889,-32.32667],[-58.12954,-32.32704],[-58.12944,-32.32713],[-58.12944,-32.32741],[-58.12954,-32.32741],[-58.12981,-32.32722],[-58.12963,-32.32676],[-58.13,-32.32648]]],[[[-58.1287,-32.32657],[-58.12852,-32.3262],[-58.12806,-32.32639],[-58.12815,-32.32657],[-58.1287,-32.32657]]],[[[-58.12907,-32.32593],[-58.1288,-32.32556],[-58.12852,-32.32565],[-58.12889,-32.3262],[-58.12907,-32.32593]]],[[[-58.12833,-32.3238],[-58.12824,-32.32343],[-58.12759,-32.32278],[-58.12759,-32.32324],[-58.12833,-32.3238]]],[[[-58.12954,-32.12222],[-58.12981,-32.12194],[-58.12944,-32.12148],[-58.12954,-32.12222]]],[[[-58.1275,-32.11963],[-58.1275,-32.12009],[-58.12796,-32.12],[-58.12796,-32.11981],[-58.1275,-32.11963]]],[[[-58.12389,-32.3238],[-58.12343,-32.32407],[-58.12343,-32.32426],[-58.12407,-32.32435],[-58.12435,-32.32407],[-58.12389,-32.3238]]],[[[-58.12481,-32.325],[-58.12454,-32.32528],[-58.12454,-32.32481],[-58.12426,-32.32472],[-58.12435,-32.32509],[-58.12398,-32.32519],[-58.12407,-32.32556],[-58.12454,-32.32574],[-58.12454,-32.32602],[-58.12537,-32.32574],[-58.12565,-32.32602],[-58.1263,-32.32602],[-58.12602,-32.32565],[-58.12565,-32.32583],[-58.12556,-32.32537],[-58.12454,-32.32546],[-58.125,-32.32509],[-58.12509,-32.32454],[-58.12519,-32.32463],[-58.12546,-32.32454],[-58.12528,-32.32444],[-58.12472,-32.32454],[-58.12481,-32.325]]],[[[-58.12315,-32.32287],[-58.12296,-32.3225],[-58.12241,-32.32259],[-58.12296,-32.32269],[-58.12269,-32.32343],[-58.12315,-32.32287]]],[[[-58.1237,-32.32491],[-58.12306,-32.32472],[-58.12287,-32.32407],[-58.12259,-32.32491],[-58.12352,-32.32528],[-58.1238,-32.325],[-58.1238,-32.32463],[-58.12343,-32.32463],[-58.1237,-32.32491]]],[[[-58.12231,-32.32269],[-58.12222,-32.32231],[-58.1225,-32.32222],[-58.12269,-32.32148],[-58.12259,-32.32176],[-58.12176,-32.32185],[-58.12213,-32.32222],[-58.12176,-32.32269],[-58.12231,-32.32269]]],[[[-58.12278,-32.31944],[-58.12352,-32.31926],[-58.12278,-32.31917],[-58.12278,-32.31944]]],[[[-58.12269,-32.31991],[-58.12278,-32.31944],[-58.12259,-32.31944],[-58.1225,-32.31926],[-58.12213,-32.31935],[-58.12269,-32.31991]]],[[[-58.12324,-32.31796],[-58.12343,-32.31815],[-58.12352,-32.31759],[-58.1238,-32.31759],[-58.12361,-32.31731],[-58.12324,-32.31796]]],[[[-58.12074,-32.32019],[-58.12037,-32.32074],[-58.12074,-32.32102],[-58.12074,-32.32019]]],[[[-58.12167,-32.32],[-58.12167,-32.31954],[-58.12139,-32.31954],[-58.12148,-32.32],[-58.12111,-32.31972],[-58.12065,-32.31972],[-58.1212,-32.32028],[-58.12167,-32.32]]],[[[-58.11546,-32.34259],[-58.11481,-32.34231],[-58.11454,-32.34269],[-58.115,-32.34269],[-58.11546,-32.34259]]],[[[-58.1125,-32.33981],[-58.11241,-32.34028],[-58.11231,-32.34019],[-58.11204,-32.34028],[-58.11296,-32.3413],[-58.11324,-32.34102],[-58.11315,-32.34028],[-58.11259,-32.34019],[-58.1125,-32.33981]]],[[[-58.11343,-32.3413],[-58.11352,-32.34157],[-58.11407,-32.34167],[-58.1138,-32.34111],[-58.11343,-32.3413]]],[[[-58.11204,-32.33907],[-58.11222,-32.3388],[-58.11176,-32.3388],[-58.11167,-32.33843],[-58.11167,-32.33889],[-58.11204,-32.33907]]],[[[-58.10926,-32.33704],[-58.10898,-32.33769],[-58.10954,-32.33759],[-58.10935,-32.33722],[-58.10972,-32.33704],[-58.10926,-32.33704]]],[[[-58.1088,-32.33926],[-58.10935,-32.33861],[-58.10954,-32.33898],[-58.10991,-32.33898],[-58.10954,-32.3388],[-58.10981,-32.33852],[-58.10972,-32.33759],[-58.10926,-32.33787],[-58.10944,-32.33833],[-58.10889,-32.33843],[-58.1088,-32.33926]]],[[[-58.10889,-32.33833],[-58.10731,-32.33824],[-58.10713,-32.33861],[-58.10685,-32.33852],[-58.10685,-32.33898],[-58.10602,-32.33907],[-58.10759,-32.33917],[-58.10769,-32.33954],[-58.10722,-32.33963],[-58.10787,-32.33963],[-58.10824,-32.33889],[-58.10806,-32.33843],[-58.10861,-32.33852],[-58.10861,-32.33917],[-58.10833,-32.33926],[-58.1087,-32.33926],[-58.10889,-32.33833]],[[-58.10722,-32.33907],[-58.10731,-32.33843],[-58.10769,-32.33843],[-58.10778,-32.33907],[-58.10722,-32.33907]]],[[[-58.10787,-32.33389],[-58.10824,-32.33398],[-58.10852,-32.3338],[-58.10806,-32.3337],[-58.10787,-32.33389]]],[[[-58.10722,-32.33556],[-58.10787,-32.33454],[-58.10694,-32.33537],[-58.10694,-32.33602],[-58.10648,-32.33602],[-58.10648,-32.3363],[-58.10713,-32.33611],[-58.10722,-32.33556]]],[[[-58.10685,-32.33694],[-58.10759,-32.3362],[-58.10676,-32.33639],[-58.10685,-32.33694]]],[[[-58.1062,-32.33648],[-58.10565,-32.33694],[-58.10546,-32.33722],[-58.10602,-32.33713],[-58.1062,-32.33648]]],[[[-58.10852,-32.33472],[-58.10806,-32.33472],[-58.10787,-32.33491],[-58.10843,-32.335],[-58.10852,-32.33472]]],[[[-58.10685,-32.32352],[-58.10648,-32.32343],[-58.10639,-32.3238],[-58.10676,-32.32398],[-58.10685,-32.32352]]],[[[-58.10509,-32.34204],[-58.10519,-32.34176],[-58.105,-32.34139],[-58.10481,-32.34139],[-58.10509,-32.34204]]],[[[-58.1063,-32.34167],[-58.1063,-32.3412],[-58.10546,-32.34148],[-58.10611,-32.34148],[-58.1063,-32.34167]]],[[[-58.10491,-32.33963],[-58.10546,-32.33963],[-58.10546,-32.33926],[-58.105,-32.33917],[-58.10491,-32.33963]]],[[[-58.105,-32.34],[-58.10481,-32.34037],[-58.10519,-32.34046],[-58.10537,-32.34009],[-58.105,-32.34]]],[[[-58.10426,-32.33806],[-58.10389,-32.33843],[-58.10444,-32.33852],[-58.10463,-32.33815],[-58.10426,-32.33806]]],[[[-58.10361,-32.33944],[-58.1038,-32.33907],[-58.10352,-32.3387],[-58.10269,-32.3387],[-58.10259,-32.33889],[-58.10269,-32.33815],[-58.10241,-32.33815],[-58.1025,-32.3387],[-58.10213,-32.33917],[-58.10241,-32.33926],[-58.10306,-32.3388],[-58.10352,-32.33898],[-58.10343,-32.33972],[-58.1038,-32.33981],[-58.10361,-32.33944]]],[[[-58.10287,-32.33704],[-58.10231,-32.33685],[-58.10213,-32.33713],[-58.10269,-32.33722],[-58.10287,-32.33704]]],[[[-58.10546,-32.33639],[-58.10509,-32.33639],[-58.10454,-32.33694],[-58.10519,-32.33694],[-58.10528,-32.33648],[-58.10574,-32.33648],[-58.10565,-32.33602],[-58.10546,-32.33639]]],[[[-58.10185,-32.33444],[-58.10083,-32.33398],[-58.10167,-32.33454],[-58.10083,-32.33472],[-58.10139,-32.33481],[-58.10083,-32.33509],[-58.10167,-32.33519],[-58.10185,-32.33444]]],[[[-58.10194,-32.33593],[-58.1012,-32.3362],[-58.10111,-32.33583],[-58.10102,-32.3362],[-58.10056,-32.33611],[-58.10056,-32.3362],[-58.10111,-32.33657],[-58.10157,-32.33611],[-58.10167,-32.33741],[-58.10194,-32.33741],[-58.10185,-32.33639],[-58.10213,-32.3362],[-58.10194,-32.33593]]],[[[-58.09954,-32.33444],[-58.09972,-32.33472],[-58.10083,-32.33472],[-58.10056,-32.33398],[-58.10046,-32.33444],[-58.09981,-32.33454],[-58.09944,-32.33426],[-58.09944,-32.33519],[-58.09972,-32.33491],[-58.09954,-32.33444]]],[[[-58.09972,-32.33537],[-58.09981,-32.33602],[-58.10046,-32.33574],[-58.09981,-32.33556],[-58.09972,-32.33537]]],[[[-58.10454,-32.33093],[-58.10481,-32.33093],[-58.10491,-32.3312],[-58.10528,-32.33111],[-58.10519,-32.33074],[-58.10454,-32.33093]]],[[[-58.10481,-32.33269],[-58.105,-32.33296],[-58.10519,-32.33287],[-58.10519,-32.3325],[-58.10481,-32.33269]]],[[[-58.10574,-32.32991],[-58.10583,-32.32954],[-58.10519,-32.32981],[-58.10574,-32.32991]]],[[[-58.10463,-32.33009],[-58.10509,-32.32981],[-58.10463,-32.32963],[-58.10491,-32.32926],[-58.10417,-32.32898],[-58.1037,-32.32981],[-58.10435,-32.32963],[-58.10463,-32.33009]]],[[[-58.10593,-32.32907],[-58.10583,-32.3288],[-58.10556,-32.3287],[-58.10556,-32.32907],[-58.10593,-32.32907]]],[[[-58.10463,-32.32852],[-58.10435,-32.32815],[-58.10417,-32.32815],[-58.10407,-32.32852],[-58.10463,-32.32852]]],[[[-58.1062,-32.32602],[-58.10565,-32.32722],[-58.10602,-32.32722],[-58.1062,-32.32602]]],[[[-58.10694,-32.32796],[-58.10713,-32.32676],[-58.10667,-32.32667],[-58.10667,-32.32722],[-58.10602,-32.32722],[-58.10602,-32.32759],[-58.10694,-32.32796]]],[[[-58.10583,-32.32417],[-58.10574,-32.3238],[-58.10454,-32.3238],[-58.10444,-32.32306],[-58.10556,-32.32306],[-58.10509,-32.32231],[-58.10491,-32.32296],[-58.10454,-32.32296],[-58.10481,-32.32241],[-58.10435,-32.32306],[-58.10407,-32.32259],[-58.1037,-32.32259],[-58.10407,-32.32324],[-58.10333,-32.32315],[-58.10306,-32.32343],[-58.10315,-32.32407],[-58.10343,-32.32361],[-58.1038,-32.32398],[-58.1038,-32.32343],[-58.10435,-32.32324],[-58.10444,-32.32361],[-58.10389,-32.32435],[-58.10426,-32.32463],[-58.10463,-32.32435],[-58.10463,-32.32491],[-58.10491,-32.32509],[-58.10528,-32.32509],[-58.105,-32.325],[-58.10509,-32.32417],[-58.10574,-32.32435],[-58.10565,-32.325],[-58.10667,-32.32444],[-58.10667,-32.32407],[-58.10657,-32.32435],[-58.10583,-32.32417]]],[[[-58.10519,-32.32519],[-58.10491,-32.32556],[-58.105,-32.32519],[-58.10454,-32.32537],[-58.10481,-32.32565],[-58.10454,-32.32602],[-58.10546,-32.3263],[-58.10556,-32.32565],[-58.10519,-32.32519]]],[[[-58.10352,-32.32491],[-58.1038,-32.32407],[-58.10296,-32.32472],[-58.10278,-32.32426],[-58.10269,-32.32472],[-58.10324,-32.32481],[-58.10287,-32.32565],[-58.10352,-32.32491]]],[[[-58.10361,-32.32519],[-58.10389,-32.32657],[-58.10352,-32.32657],[-58.10333,-32.32722],[-58.10296,-32.32713],[-58.10333,-32.32685],[-58.10306,-32.32639],[-58.10259,-32.3263],[-58.10287,-32.32602],[-58.10324,-32.3262],[-58.10333,-32.32574],[-58.10269,-32.32565],[-58.10213,-32.32648],[-58.10176,-32.32648],[-58.10222,-32.32657],[-58.10241,-32.32648],[-58.10259,-32.32704],[-58.10287,-32.32722],[-58.10259,-32.32769],[-58.1038,-32.32806],[-58.10343,-32.32852],[-58.10398,-32.32852],[-58.1038,-32.32787],[-58.10463,-32.32759],[-58.10435,-32.32741],[-58.10463,-32.32722],[-58.10389,-32.32722],[-58.10398,-32.32694],[-58.10426,-32.32704],[-58.10398,-32.32639],[-58.10417,-32.32565],[-58.10361,-32.32519]]],[[[-58.10509,-32.32824],[-58.10556,-32.3275],[-58.10519,-32.32778],[-58.10463,-32.32759],[-58.10509,-32.32824]]],[[[-58.10602,-32.32046],[-58.10565,-32.32139],[-58.1063,-32.32111],[-58.10602,-32.32046]]],[[[-58.10315,-32.31787],[-58.10315,-32.31806],[-58.1038,-32.31815],[-58.1038,-32.31778],[-58.10315,-32.31787]]],[[[-58.10463,-32.31843],[-58.10481,-32.31907],[-58.10454,-32.31917],[-58.10435,-32.3187],[-58.10444,-32.31944],[-58.10491,-32.31935],[-58.10491,-32.31898],[-58.10574,-32.31898],[-58.10574,-32.3187],[-58.10463,-32.31843]]],[[[-58.09972,-32.23481],[-58.10028,-32.23454],[-58.09926,-32.23454],[-58.09972,-32.23481]]],[[[-58.10111,-32.22417],[-58.10083,-32.22426],[-58.10093,-32.22463],[-58.1012,-32.22444],[-58.10111,-32.22417]]],[[[-58.1013,-32.22333],[-58.10019,-32.22361],[-58.10009,-32.22454],[-58.10056,-32.22454],[-58.10028,-32.225],[-58.10065,-32.22481],[-58.10037,-32.2237],[-58.10157,-32.22398],[-58.1012,-32.2238],[-58.1013,-32.22333]]],[[[-58.09972,-32.10861],[-58.10037,-32.1088],[-58.10065,-32.10815],[-58.10111,-32.10796],[-58.10009,-32.10778],[-58.09963,-32.10843],[-58.09972,-32.10861]],[[-58.10019,-32.10796],[-58.10028,-32.10861],[-58.09981,-32.10861],[-58.09981,-32.10833],[-58.10019,-32.10796]]],[[[-58.10407,-32.10787],[-58.10352,-32.10759],[-58.10315,-32.10759],[-58.10352,-32.10806],[-58.10407,-32.10787]]],[[[-58.10185,-32.10731],[-58.10185,-32.10694],[-58.1012,-32.10704],[-58.10148,-32.10731],[-58.10185,-32.10731]]],[[[-58.09565,-32.27093],[-58.0962,-32.27083],[-58.0962,-32.27065],[-58.09537,-32.27056],[-58.09565,-32.27093]]],[[[-58.09565,-32.26639],[-58.0962,-32.26657],[-58.0963,-32.2662],[-58.09565,-32.26611],[-58.09565,-32.26639]]],[[[-58.0962,-32.26426],[-58.0963,-32.26556],[-58.09639,-32.26556],[-58.09648,-32.26454],[-58.0962,-32.26426]]],[[[-58.095,-32.2488],[-58.09537,-32.24907],[-58.09546,-32.24843],[-58.09509,-32.24824],[-58.095,-32.2488]]],[[[-58.09944,-32.10676],[-58.09935,-32.1062],[-58.0988,-32.10639],[-58.09944,-32.10676]]],[[[-58.09769,-32.10657],[-58.09796,-32.10611],[-58.09759,-32.1063],[-58.09694,-32.1063],[-58.09769,-32.10657]]],[[[-58.09676,-32.1063],[-58.09713,-32.10593],[-58.09685,-32.10565],[-58.09676,-32.1063]]],[[[-58.09472,-32.30491],[-58.09407,-32.30463],[-58.09398,-32.30519],[-58.09472,-32.30491]]],[[[-58.09472,-32.30287],[-58.09519,-32.30278],[-58.09454,-32.30259],[-58.09463,-32.30315],[-58.09472,-32.30287]]],[[[-58.09278,-32.28176],[-58.09259,-32.28241],[-58.09231,-32.28269],[-58.09296,-32.28241],[-58.09278,-32.28176]]],[[[-58.09287,-32.27796],[-58.09324,-32.27778],[-58.09287,-32.27741],[-58.09296,-32.27676],[-58.09287,-32.27704],[-58.09241,-32.27676],[-58.09204,-32.27713],[-58.09259,-32.27731],[-58.09259,-32.27824],[-58.09315,-32.27861],[-58.09324,-32.27815],[-58.09287,-32.27796]]],[[[-58.09454,-32.27685],[-58.09491,-32.27556],[-58.09444,-32.27565],[-58.09435,-32.27648],[-58.09324,-32.2762],[-58.09343,-32.27667],[-58.09454,-32.27657],[-58.09454,-32.27685]]],[[[-58.09407,-32.27426],[-58.09426,-32.27454],[-58.09463,-32.27444],[-58.09426,-32.27435],[-58.09463,-32.27426],[-58.09444,-32.27407],[-58.09407,-32.27426]]],[[[-58.09519,-32.27519],[-58.09491,-32.27509],[-58.09491,-32.27463],[-58.09389,-32.27472],[-58.09435,-32.27509],[-58.09426,-32.27546],[-58.09444,-32.27491],[-58.09481,-32.27528],[-58.09519,-32.27519]]],[[[-58.09231,-32.27417],[-58.09148,-32.27389],[-58.09176,-32.27444],[-58.09213,-32.27435],[-58.09194,-32.27481],[-58.09222,-32.27509],[-58.09231,-32.27417]]],[[[-58.09463,-32.2737],[-58.09519,-32.2725],[-58.09491,-32.27259],[-58.09472,-32.27343],[-58.09426,-32.27343],[-58.09426,-32.27398],[-58.09463,-32.27389],[-58.09435,-32.2737],[-58.09463,-32.2737]]],[[[-58.09454,-32.27222],[-58.09361,-32.27259],[-58.09361,-32.27278],[-58.09435,-32.27278],[-58.09454,-32.27222]]],[[[-58.09315,-32.27315],[-58.09361,-32.27278],[-58.09296,-32.27287],[-58.09315,-32.27315]]],[[[-58.09176,-32.27278],[-58.09269,-32.27259],[-58.09269,-32.2725],[-58.09204,-32.27222],[-58.09176,-32.27278]]],[[[-58.09519,-32.27139],[-58.09454,-32.2712],[-58.09528,-32.27241],[-58.09528,-32.27194],[-58.09565,-32.27185],[-58.09556,-32.27111],[-58.09519,-32.27139]]],[[[-58.09426,-32.27102],[-58.09407,-32.27093],[-58.09398,-32.27102],[-58.0938,-32.27148],[-58.09306,-32.27148],[-58.09306,-32.27167],[-58.09389,-32.27157],[-58.09426,-32.27102]]],[[[-58.09435,-32.26944],[-58.09407,-32.27],[-58.09417,-32.27056],[-58.09509,-32.26972],[-58.09435,-32.26944]]],[[[-58.09528,-32.26769],[-58.09519,-32.26806],[-58.09583,-32.26787],[-58.09583,-32.26759],[-58.09546,-32.26796],[-58.09528,-32.26769]]],[[[-58.09583,-32.26787],[-58.0962,-32.26824],[-58.0963,-32.26778],[-58.09583,-32.26787]]],[[[-58.09444,-32.26815],[-58.09472,-32.26806],[-58.09491,-32.26769],[-58.09454,-32.26796],[-58.09398,-32.26759],[-58.09315,-32.26824],[-58.09315,-32.26889],[-58.09361,-32.26898],[-58.0937,-32.27],[-58.09389,-32.26917],[-58.09426,-32.26917],[-58.0938,-32.2687],[-58.09407,-32.2687],[-58.09426,-32.26824],[-58.09454,-32.26852],[-58.09444,-32.26815]],[[-58.09352,-32.26861],[-58.09361,-32.26824],[-58.09407,-32.26806],[-58.09407,-32.26861],[-58.09352,-32.26861]]],[[[-58.09426,-32.26333],[-58.09389,-32.26333],[-58.0937,-32.26287],[-58.09333,-32.26287],[-58.09333,-32.26324],[-58.09361,-32.26296],[-58.0938,-32.26343],[-58.09426,-32.26333]]],[[[-58.09509,-32.26102],[-58.09519,-32.26056],[-58.09472,-32.26065],[-58.09472,-32.26074],[-58.09509,-32.26102]]],[[[-58.09463,-32.25111],[-58.09426,-32.2513],[-58.09407,-32.25083],[-58.09398,-32.25157],[-58.09444,-32.25157],[-58.09463,-32.25111]]],[[[-58.09204,-32.23333],[-58.09194,-32.2337],[-58.09204,-32.23417],[-58.09231,-32.23426],[-58.09204,-32.23463],[-58.09306,-32.23472],[-58.09296,-32.23509],[-58.09231,-32.23519],[-58.09324,-32.23528],[-58.09343,-32.23472],[-58.09361,-32.23509],[-58.09352,-32.23444],[-58.09259,-32.23398],[-58.09241,-32.23343],[-58.09204,-32.23361],[-58.09204,-32.23333]]],[[[-58.09509,-32.23556],[-58.09519,-32.23444],[-58.09444,-32.23463],[-58.0938,-32.23426],[-58.09398,-32.23463],[-58.09463,-32.23481],[-58.09444,-32.23528],[-58.09491,-32.23528],[-58.095,-32.23602],[-58.09546,-32.23583],[-58.09519,-32.23574],[-58.09546,-32.23556],[-58.09509,-32.23556]]],[[[-58.09472,-32.23556],[-58.09389,-32.23556],[-58.09463,-32.2362],[-58.09454,-32.23713],[-58.09481,-32.2375],[-58.09454,-32.23778],[-58.09546,-32.23778],[-58.09491,-32.23704],[-58.09472,-32.23556]]],[[[-58.09343,-32.23046],[-58.0938,-32.23102],[-58.09398,-32.23074],[-58.09435,-32.23083],[-58.09435,-32.23046],[-58.09361,-32.23046],[-58.0937,-32.23037],[-58.09361,-32.23009],[-58.09343,-32.23046]]],[[[-58.09454,-32.23028],[-58.09435,-32.22926],[-58.09426,-32.22926],[-58.0938,-32.23009],[-58.09463,-32.23046],[-58.09481,-32.23019],[-58.09454,-32.23028]]],[[[-58.09269,-32.11972],[-58.09269,-32.11843],[-58.09222,-32.11815],[-58.09259,-32.11907],[-58.09222,-32.11963],[-58.09176,-32.11972],[-58.09093,-32.1187],[-58.0912,-32.11944],[-58.09241,-32.12046],[-58.09269,-32.12037],[-58.09231,-32.11991],[-58.09269,-32.11972]]],[[[-58.0912,-32.28278],[-58.09167,-32.28296],[-58.09139,-32.28333],[-58.09167,-32.2838],[-58.09222,-32.28296],[-58.09185,-32.28306],[-58.09176,-32.2825],[-58.0912,-32.2825],[-58.0912,-32.28278]]],[[[-58.09056,-32.28574],[-58.09019,-32.28667],[-58.09019,-32.28713],[-58.09074,-32.2863],[-58.09056,-32.28574]]],[[[-58.08907,-32.27315],[-58.08861,-32.27306],[-58.08889,-32.27315],[-58.08917,-32.27398],[-58.08935,-32.27398],[-58.08926,-32.27435],[-58.09,-32.27454],[-58.08963,-32.27491],[-58.09019,-32.275],[-58.08981,-32.27491],[-58.09009,-32.27454],[-58.09065,-32.27472],[-58.09028,-32.27602],[-58.08972,-32.27611],[-58.08963,-32.27574],[-58.08917,-32.27593],[-58.08889,-32.27546],[-58.08917,-32.27528],[-58.08889,-32.275],[-58.08926,-32.27463],[-58.08917,-32.27444],[-58.0888,-32.27509],[-58.08833,-32.27444],[-58.08759,-32.27481],[-58.08731,-32.27565],[-58.08778,-32.27491],[-58.08824,-32.27481],[-58.08806,-32.27528],[-58.08824,-32.27583],[-58.08852,-32.27491],[-58.0887,-32.27583],[-58.08852,-32.27611],[-58.08833,-32.27593],[-58.08833,-32.2763],[-58.0888,-32.27611],[-58.08917,-32.27639],[-58.08917,-32.27722],[-58.08926,-32.27722],[-58.08917,-32.2762],[-58.08944,-32.2762],[-58.08935,-32.27694],[-58.08981,-32.27685],[-58.08972,-32.2762],[-58.09028,-32.2762],[-58.08991,-32.27657],[-58.09009,-32.27741],[-58.08981,-32.27787],[-58.09019,-32.27778],[-58.09,-32.27917],[-58.09019,-32.27935],[-58.09028,-32.27889],[-58.09056,-32.27889],[-58.09065,-32.27898],[-58.09046,-32.27935],[-58.09056,-32.27954],[-58.09083,-32.2787],[-58.09037,-32.2788],[-58.09028,-32.27769],[-58.09,-32.27759],[-58.09037,-32.27722],[-58.09074,-32.27741],[-58.09074,-32.27704],[-58.0912,-32.27713],[-58.09074,-32.27685],[-58.09074,-32.2762],[-58.09037,-32.2762],[-58.09037,-32.27593],[-58.0912,-32.27546],[-58.0913,-32.27444],[-58.09009,-32.27435],[-58.09009,-32.27389],[-58.09037,-32.27426],[-58.09083,-32.27407],[-58.09046,-32.27296],[-58.08926,-32.27278],[-58.08907,-32.27315]],[[-58.09037,-32.27306],[-58.09046,-32.2737],[-58.08963,-32.27389],[-58.08991,-32.27343],[-58.08954,-32.27315],[-58.09037,-32.27306]]],[[[-58.09213,-32.27769],[-58.09204,-32.27722],[-58.09167,-32.27694],[-58.09167,-32.27731],[-58.09194,-32.27731],[-58.09176,-32.27759],[-58.09213,-32.27769]]],[[[-58.09019,-32.28],[-58.08981,-32.27981],[-58.09028,-32.27981],[-58.09046,-32.27954],[-58.09009,-32.27972],[-58.08963,-32.27944],[-58.08963,-32.27898],[-58.08926,-32.27898],[-58.08972,-32.27981],[-58.08935,-32.28028],[-58.09028,-32.28074],[-58.09019,-32.28]]],[[[-58.08907,-32.27806],[-58.08926,-32.27852],[-58.09009,-32.27833],[-58.08907,-32.27778],[-58.08917,-32.27759],[-58.08907,-32.27722],[-58.08898,-32.27796],[-58.08852,-32.27815],[-58.08861,-32.27852],[-58.08833,-32.2787],[-58.0888,-32.27917],[-58.0888,-32.27972],[-58.08898,-32.27926],[-58.0887,-32.27815],[-58.08907,-32.27806]]],[[[-58.08843,-32.27685],[-58.08759,-32.27704],[-58.08722,-32.2763],[-58.08694,-32.27796],[-58.0875,-32.27759],[-58.08759,-32.27713],[-58.08815,-32.27778],[-58.08806,-32.27722],[-58.08843,-32.27685]]],[[[-58.08769,-32.27852],[-58.08787,-32.27907],[-58.08806,-32.27907],[-58.08796,-32.27833],[-58.08769,-32.27852]]],[[[-58.08713,-32.27898],[-58.08694,-32.27963],[-58.0875,-32.27972],[-58.0875,-32.27926],[-58.08787,-32.27907],[-58.08713,-32.27898]]],[[[-58.08667,-32.27806],[-58.08694,-32.27796],[-58.08639,-32.27722],[-58.0862,-32.27769],[-58.08657,-32.27759],[-58.08667,-32.27806]]],[[[-58.08759,-32.27602],[-58.08741,-32.27611],[-58.08806,-32.2763],[-58.08806,-32.27583],[-58.08731,-32.27574],[-58.08759,-32.27602]]],[[[-58.08824,-32.27343],[-58.0887,-32.2737],[-58.08861,-32.27315],[-58.08824,-32.27343]]],[[[-58.09009,-32.27194],[-58.09028,-32.2725],[-58.09074,-32.27222],[-58.09009,-32.27194]]],[[[-58.09083,-32.27231],[-58.09065,-32.27296],[-58.09111,-32.27278],[-58.09083,-32.27231]]],[[[-58.09185,-32.27324],[-58.09204,-32.2737],[-58.0925,-32.27333],[-58.09231,-32.27296],[-58.09148,-32.27324],[-58.09111,-32.27278],[-58.0913,-32.27361],[-58.09176,-32.27361],[-58.09185,-32.27324]]],[[[-58.08806,-32.23704],[-58.08815,-32.23731],[-58.08861,-32.23722],[-58.08843,-32.23769],[-58.08898,-32.23824],[-58.08907,-32.23759],[-58.0887,-32.2375],[-58.0887,-32.23685],[-58.08806,-32.23704]]],[[[-58.09074,-32.23602],[-58.09046,-32.23565],[-58.09046,-32.23648],[-58.09074,-32.23602]]],[[[-58.0862,-32.23426],[-58.0863,-32.23491],[-58.08648,-32.23491],[-58.08648,-32.23426],[-58.0862,-32.23426]]],[[[-58.08889,-32.23454],[-58.08824,-32.23417],[-58.08843,-32.2338],[-58.08806,-32.23398],[-58.08796,-32.23454],[-58.08731,-32.23426],[-58.08778,-32.23519],[-58.08815,-32.23444],[-58.08833,-32.23472],[-58.0888,-32.23463],[-58.08907,-32.23491],[-58.08889,-32.23454]]],[[[-58.08519,-32.22889],[-58.08574,-32.22972],[-58.08583,-32.22972],[-58.08574,-32.22926],[-58.08602,-32.22917],[-58.08565,-32.22917],[-58.08546,-32.22889],[-58.08519,-32.22889]]],[[[-58.08491,-32.22778],[-58.08463,-32.22815],[-58.08491,-32.22889],[-58.08509,-32.22889],[-58.085,-32.22796],[-58.08546,-32.22787],[-58.08611,-32.22741],[-58.08491,-32.22778]]],[[[-58.08981,-32.11593],[-58.09,-32.11713],[-58.09037,-32.1175],[-58.09019,-32.11648],[-58.09046,-32.1163],[-58.09019,-32.11583],[-58.08981,-32.11593]]],[[[-58.08954,-32.11509],[-58.09009,-32.11546],[-58.08954,-32.11556],[-58.09028,-32.11556],[-58.09019,-32.11509],[-58.08954,-32.11509]]],[[[-58.08972,-32.1137],[-58.08926,-32.11361],[-58.08907,-32.11417],[-58.08963,-32.11426],[-58.08972,-32.1137]]],[[[-58.08852,-32.11176],[-58.08833,-32.11037],[-58.08824,-32.1113],[-58.08852,-32.11176]]],[[[-58.08898,-32.11037],[-58.0888,-32.10954],[-58.08907,-32.10917],[-58.0887,-32.1087],[-58.08843,-32.10926],[-58.0887,-32.10972],[-58.08843,-32.11019],[-58.08852,-32.1113],[-58.0887,-32.11028],[-58.0888,-32.11037],[-58.08898,-32.11037]]],[[[-58.08148,-32.24083],[-58.08167,-32.24185],[-58.08241,-32.24167],[-58.08157,-32.2413],[-58.08222,-32.24083],[-58.08176,-32.24093],[-58.08176,-32.24056],[-58.08148,-32.24083]]],[[[-58.07343,-32.24019],[-58.0738,-32.24046],[-58.0738,-32.23981],[-58.07352,-32.23981],[-58.07343,-32.24019]]],[[[-58.08185,-32.23046],[-58.08167,-32.23037],[-58.08157,-32.23],[-58.08148,-32.23083],[-58.08185,-32.23046]]],[[[-58.08287,-32.22806],[-58.08231,-32.22796],[-58.08306,-32.22815],[-58.08324,-32.22778],[-58.0838,-32.22778],[-58.08389,-32.2275],[-58.08324,-32.22759],[-58.08287,-32.22806]]],[[[-58.08333,-32.12574],[-58.08444,-32.12602],[-58.08472,-32.12583],[-58.08333,-32.12574]]],[[[-58.07315,-32.12287],[-58.07343,-32.1238],[-58.07426,-32.1238],[-58.0737,-32.12287],[-58.07315,-32.12287]]],[[[-58.07481,-32.12454],[-58.07491,-32.12398],[-58.07426,-32.1238],[-58.07481,-32.12454]]],[[[-58.07065,-32.1213],[-58.07157,-32.1212],[-58.07167,-32.1213],[-58.07167,-32.12074],[-58.07157,-32.12111],[-58.07111,-32.12111],[-58.07065,-32.12065],[-58.07056,-32.12074],[-58.07065,-32.1213]]],[[[-58.07241,-32.12176],[-58.07204,-32.1212],[-58.07185,-32.12157],[-58.07222,-32.12222],[-58.07176,-32.1225],[-58.07204,-32.12278],[-58.07241,-32.12241],[-58.07241,-32.12176]]],[[[-58.07269,-32.12361],[-58.07213,-32.12324],[-58.07157,-32.12315],[-58.07213,-32.12361],[-58.07269,-32.12361]]],[[[-58.07009,-32.12241],[-58.06981,-32.12306],[-58.07083,-32.12306],[-58.07028,-32.12287],[-58.07009,-32.12241]]],[[[-58.06824,-32.12157],[-58.06833,-32.12111],[-58.06787,-32.12093],[-58.06806,-32.12148],[-58.06824,-32.12157]]],[[[-58.05898,-32.24806],[-58.05898,-32.2488],[-58.05944,-32.2487],[-58.05935,-32.24815],[-58.06,-32.24861],[-58.06083,-32.24861],[-58.06,-32.24843],[-58.05972,-32.24806],[-58.05898,-32.24806]]],[[[-58.06685,-32.11704],[-58.06657,-32.11713],[-58.06667,-32.11759],[-58.06694,-32.11741],[-58.06685,-32.11704]]],[[[-58.06537,-32.11657],[-58.0662,-32.11741],[-58.06593,-32.11778],[-58.06648,-32.11741],[-58.06611,-32.11713],[-58.0663,-32.11676],[-58.06602,-32.11648],[-58.06537,-32.11657]]],[[[-58.06259,-32.11046],[-58.06324,-32.11056],[-58.06269,-32.11009],[-58.06259,-32.11046]]]]}},{"type":"Feature","properties":{"clase":2,"profundidad":"0,5 a 1,5 m"},"geometry":{"type":"MultiPolygon","coordinates":[[[[-58.19565,-32.17056],[-58.19602,-32.16981],[-58.19602,-32.16954],[-58.19574,-32.16954],[-58.19574,-32.17009],[-58.19565,-32.16972],[-58.19519,-32.16981],[-58.19556,-32.16991],[-58.19565,-32.17056]]],[[[-58.1988,-32.16843],[-58.19833,-32.16796],[-58.19861,-32.1687],[-58.1988,-32.16843]]],[[[-58.19667,-32.16954],[-58.19648,-32.16991],[-58.19685,-32.16991],[-58.19704,-32.16935],[-58.19778,-32.16926],[-58.19704,-32.16917],[-58.19639,-32.16944],[-58.19667,-32.16954]]],[[[-58.19741,-32.16704],[-58.19759,-32.16648],[-58.19713,-32.1662],[-58.1975,-32.16611],[-58.19769,-32.16565],[-58.19667,-32.16574],[-58.19593,-32.16667],[-58.19528,-32.16676],[-58.19519,-32.16769],[-58.19556,-32.16806],[-58.19602,-32.16806],[-58.19537,-32.16769],[-58.19537,-32.16722],[-58.19574,-32.16759],[-58.19685,-32.16769],[-58.19713,-32.1675],[-58.19676,-32.16741],[-58.19694,-32.16704],[-58.19741,-32.16704]],[[-58.19722,-32.16685],[-58.19676,-32.16667],[-58.1962,-32.16685],[-58.1962,-32.16648],[-58.19685,-32.16611],[-58.19704,-32.16648],[-58.19741,-32.16648],[-58.19722,-32.16685]],[[-58.19611,-32.16741],[-58.19583,-32.16685],[-58.19611,-32.16694],[-58.19657,-32.16685],[-58.19667,-32.16722],[-58.19611,-32.16741]]],[[[-58.19602,-32.16806],[-58.1962,-32.16852],[-58.19593,-32.16861],[-58.1963,-32.16861],[-58.19667,-32.16824],[-58.19602,-32.16806]]],[[[-58.1937,-32.16944],[-58.19593,-32.16861],[-58.19444,-32.16889],[-58.1937,-32.16944]]],[[[-58.19231,-32.16833],[-58.19269,-32.16907],[-58.19204,-32.16907],[-58.19194,-32.16991],[-58.19296,-32.17],[-58.19306,-32.16981],[-58.19222,-32.16991],[-58.19296,-32.16889],[-58.19231,-32.16806],[-58.19231,-32.16667],[-58.19204,-32.16648],[-58.19231,-32.16833]]],[[[-58.19426,-32.16806],[-58.19463,-32.16806],[-58.195,-32.16741],[-58.19491,-32.16667],[-58.19426,-32.16806]]],[[[-58.19111,-32.16574],[-58.19,-32.16602],[-58.19046,-32.16667],[-58.18954,-32.16657],[-58.1888,-32.16694],[-58.19019,-32.16676],[-58.19065,-32.16694],[-58.19065,-32.16741],[-58.19083,-32.1675],[-58.19102,-32.1675],[-58.1913,-32.16593],[-58.19093,-32.16657],[-58.19074,-32.16593],[-58.19111,-32.16574]]],[[[-58.18759,-32.16741],[-58.18713,-32.16759],[-58.18694,-32.16824],[-58.18741,-32.16796],[-58.18731,-32.16759],[-58.18796,-32.16759],[-58.18759,-32.16741]]],[[[-58.18639,-32.16046],[-58.18685,-32.15944],[-58.18657,-32.15861],[-58.18676,-32.15806],[-58.1862,-32.15806],[-58.18639,-32.15815],[-58.1862,-32.15861],[-58.18648,-32.1587],[-58.18611,-32.15944],[-58.1862,-32.16278],[-58.1863,-32.16278],[-58.1863,-32.1625],[-58.1862,-32.16194],[-58.18639,-32.16176],[-58.18639,-32.16046]]],[[[-58.18815,-32.15111],[-58.18815,-32.15157],[-58.18833,-32.15157],[-58.18806,-32.15019],[-58.18778,-32.15102],[-58.18815,-32.15111]]],[[[-58.18815,-32.14861],[-58.18778,-32.1488],[-58.18852,-32.1488],[-58.1887,-32.14972],[-58.1888,-32.1488],[-58.18815,-32.14861]]],[[[-58.18815,-32.14667],[-58.1887,-32.14731],[-58.18824,-32.14787],[-58.18852,-32.14815],[-58.18907,-32.14667],[-58.18815,-32.14667]]],[[[-58.18917,-32.14546],[-58.18907,-32.14491],[-58.1887,-32.145],[-58.1887,-32.14546],[-58.18917,-32.14546]]],[[[-58.18667,-32.14519],[-58.18676,-32.14519],[-58.18685,-32.14481],[-58.18676,-32.14398],[-58.18667,-32.14519]]],[[[-58.18806,-32.14315],[-58.18861,-32.1437],[-58.1887,-32.14463],[-58.18898,-32.14454],[-58.1888,-32.14398],[-58.18917,-32.1437],[-58.18889,-32.14343],[-58.18954,-32.14324],[-58.18944,-32.14259],[-58.18898,-32.1425],[-58.1888,-32.14315],[-58.18806,-32.14315]]],[[[-58.18926,-32.14176],[-58.19009,-32.14102],[-58.18963,-32.14056],[-58.18926,-32.14139],[-58.18926,-32.14176]]],[[[-58.19,-32.14],[-58.19046,-32.14074],[-58.19074,-32.13981],[-58.19,-32.14]]],[[[-58.19056,-32.13935],[-58.1913,-32.13898],[-58.1913,-32.13843],[-58.19056,-32.13935]]],[[[-58.18481,-32.13917],[-58.18491,-32.13889],[-58.18463,-32.13778],[-58.18463,-32.1388],[-58.18481,-32.13917]]],[[[-58.18463,-32.13769],[-58.18444,-32.1362],[-58.18435,-32.1362],[-58.18435,-32.13722],[-58.18463,-32.13769]]],[[[-58.1838,-32.13306],[-58.18389,-32.13306],[-58.18389,-32.13259],[-58.18361,-32.13213],[-58.1838,-32.13306]]],[[[-58.18213,-32.12787],[-58.18222,-32.12861],[-58.18241,-32.12861],[-58.18231,-32.12806],[-58.18213,-32.12787]]],[[[-58.17824,-32.11824],[-58.17852,-32.11824],[-58.17824,-32.11676],[-58.17824,-32.11824]]],[[[-58.17796,-32.11565],[-58.17796,-32.11639],[-58.17806,-32.11667],[-58.17824,-32.11667],[-58.17796,-32.11565]]],[[[-58.17713,-32.11139],[-58.17694,-32.11046],[-58.17685,-32.11046],[-58.17685,-32.11111],[-58.17713,-32.11139]]],[[[-58.17685,-32.11009],[-58.17667,-32.10889],[-58.17657,-32.10889],[-58.17657,-32.10991],[-58.17685,-32.11009]]],[[[-58.17657,-32.1087],[-58.17639,-32.10769],[-58.1763,-32.10769],[-58.1763,-32.10852],[-58.17657,-32.1087]]],[[[-58.17602,-32.10583],[-58.17574,-32.10463],[-58.17574,-32.10537],[-58.17602,-32.10583]]],[[[-58.17574,-32.10444],[-58.17528,-32.10333],[-58.17519,-32.10148],[-58.17519,-32.10352],[-58.17574,-32.10444]]],[[[-58.17417,-32.17491],[-58.17491,-32.17389],[-58.17444,-32.17426],[-58.17417,-32.17491]]],[[[-58.16704,-32.11148],[-58.16639,-32.11157],[-58.1663,-32.11102],[-58.1663,-32.11167],[-58.16685,-32.11176],[-58.16704,-32.11148]]],[[[-58.1663,-32.10917],[-58.16602,-32.10935],[-58.16602,-32.11074],[-58.1663,-32.10917]]],[[[-58.16759,-32.10852],[-58.16731,-32.10954],[-58.16731,-32.11009],[-58.16759,-32.10944],[-58.16759,-32.10852]]],[[[-58.15574,-32.34741],[-58.15528,-32.34676],[-58.15269,-32.34639],[-58.15398,-32.34704],[-58.15685,-32.34769],[-58.15657,-32.34731],[-58.15574,-32.34741]]],[[[-58.15685,-32.34778],[-58.15704,-32.34796],[-58.15796,-32.34824],[-58.15787,-32.34796],[-58.15685,-32.34778]]],[[[-58.15861,-32.3488],[-58.1587,-32.34852],[-58.15796,-32.34824],[-58.15815,-32.34852],[-58.15861,-32.3488]]],[[[-58.15241,-32.34241],[-58.15241,-32.34204],[-58.15204,-32.34213],[-58.15231,-32.3425],[-58.15278,-32.3425],[-58.15296,-32.34231],[-58.15343,-32.34269],[-58.15315,-32.34222],[-58.15241,-32.34241]]],[[[-58.15352,-32.21426],[-58.1538,-32.21481],[-58.15333,-32.21444],[-58.15324,-32.21472],[-58.15333,-32.21472],[-58.15361,-32.21519],[-58.1537,-32.21519],[-58.15389,-32.21546],[-58.15398,-32.21546],[-58.15389,-32.21444],[-58.15352,-32.21426]]],[[[-58.15324,-32.21343],[-58.15287,-32.21315],[-58.15259,-32.2138],[-58.15269,-32.2138],[-58.15269,-32.21389],[-58.15278,-32.21389],[-58.15296,-32.21333],[-58.15296,-32.21407],[-58.15324,-32.21407],[-58.15324,-32.21343]]],[[[-58.15231,-32.21296],[-58.15269,-32.21296],[-58.15259,-32.2125],[-58.15287,-32.21222],[-58.1525,-32.21176],[-58.15306,-32.2113],[-58.15287,-32.21009],[-58.15259,-32.20991],[-58.15278,-32.20926],[-58.15241,-32.2087],[-58.15204,-32.20963],[-58.15222,-32.2112],[-58.15148,-32.21194],[-58.15231,-32.21296]],[[-58.15167,-32.21204],[-58.15231,-32.21139],[-58.1525,-32.21074],[-58.15269,-32.21111],[-58.15222,-32.21213],[-58.15167,-32.21204]]],[[[-58.1513,-32.20806],[-58.15157,-32.20852],[-58.15213,-32.20861],[-58.15213,-32.20759],[-58.15148,-32.2075],[-58.1513,-32.20806]]],[[[-58.14926,-32.20694],[-58.14991,-32.20639],[-58.14917,-32.2062],[-58.14926,-32.20694]]],[[[-58.15278,-32.20574],[-58.1537,-32.2063],[-58.15426,-32.20602],[-58.15352,-32.20546],[-58.15269,-32.20565],[-58.15194,-32.20537],[-58.15157,-32.20583],[-58.15111,-32.20574],[-58.15056,-32.20648],[-58.15056,-32.20731],[-58.15111,-32.20769],[-58.15111,-32.2063],[-58.1525,-32.20611],[-58.15278,-32.20574]],[[-58.15241,-32.20602],[-58.15139,-32.20593],[-58.1525,-32.20565],[-58.15241,-32.20602]]],[[[-58.1513,-32.20454],[-58.15185,-32.20491],[-58.15185,-32.20435],[-58.1513,-32.20454]]],[[[-58.15481,-32.20296],[-58.15546,-32.20278],[-58.15546,-32.20259],[-58.15509,-32.2025],[-58.15481,-32.20296]]],[[[-58.15611,-32.20352],[-58.15546,-32.20278],[-58.15565,-32.20343],[-58.15611,-32.20352]]],[[[-58.15407,-32.20343],[-58.15315,-32.20426],[-58.15343,-32.20519],[-58.15407,-32.20463],[-58.1538,-32.20426],[-58.15463,-32.20398],[-58.15426,-32.20426],[-58.15463,-32.20444],[-58.15565,-32.20343],[-58.15435,-32.2037],[-58.15407,-32.20343]]],[[[-58.15611,-32.12648],[-58.15556,-32.12815],[-58.15546,-32.12898],[-58.15583,-32.12852],[-58.15593,-32.12741],[-58.15611,-32.12806],[-58.1563,-32.12806],[-58.1562,-32.12796],[-58.1562,-32.12759],[-58.1563,-32.12759],[-58.1563,-32.12741],[-58.15611,-32.12648]]],[[[-58.15815,-32.10806],[-58.15815,-32.10954],[-58.15843,-32.10935],[-58.15843,-32.10769],[-58.15815,-32.10806]]],[[[-58.14907,-32.34037],[-58.14787,-32.34037],[-58.14907,-32.34074],[-58.14907,-32.34037]]],[[[-58.14269,-32.33583],[-58.14185,-32.33435],[-58.14185,-32.3337],[-58.14093,-32.3337],[-58.14074,-32.33324],[-58.14074,-32.3338],[-58.14139,-32.33389],[-58.14093,-32.33491],[-58.14157,-32.33454],[-58.14231,-32.33565],[-58.14176,-32.33593],[-58.14269,-32.33583]]],[[[-58.14352,-32.3362],[-58.14287,-32.33667],[-58.14333,-32.33667],[-58.1437,-32.33713],[-58.14333,-32.33657],[-58.14352,-32.3362]]],[[[-58.14444,-32.33787],[-58.14491,-32.33796],[-58.14546,-32.33861],[-58.14519,-32.33787],[-58.14444,-32.33787]]],[[[-58.14759,-32.20722],[-58.14759,-32.20611],[-58.14796,-32.2062],[-58.14787,-32.20657],[-58.14861,-32.20685],[-58.1487,-32.20639],[-58.14917,-32.20611],[-58.14889,-32.20556],[-58.14981,-32.20574],[-58.15,-32.20639],[-58.15046,-32.2063],[-58.15093,-32.20565],[-58.15083,-32.20481],[-58.1512,-32.20454],[-58.14991,-32.20315],[-58.14981,-32.20231],[-58.15139,-32.2013],[-58.1513,-32.20111],[-58.15065,-32.20111],[-58.15028,-32.20176],[-58.14991,-32.20167],[-58.15019,-32.2013],[-58.15,-32.20093],[-58.14926,-32.2012],[-58.14981,-32.20139],[-58.14981,-32.20167],[-58.14898,-32.20204],[-58.14898,-32.20296],[-58.14843,-32.20417],[-58.14769,-32.20528],[-58.14713,-32.20537],[-58.14713,-32.20602],[-58.14676,-32.20593],[-58.14657,-32.20657],[-58.14685,-32.20657],[-58.14694,-32.20704],[-58.14657,-32.20722],[-58.14657,-32.20759],[-58.14759,-32.20722]],[[-58.15019,-32.20454],[-58.14991,-32.20463],[-58.15,-32.20546],[-58.14972,-32.20556],[-58.14944,-32.20509],[-58.14981,-32.20491],[-58.14981,-32.20454],[-58.14926,-32.20463],[-58.14926,-32.2037],[-58.14981,-32.20361],[-58.14991,-32.20444],[-58.15019,-32.20454]]],[[[-58.14639,-32.20704],[-58.14537,-32.20806],[-58.14537,-32.20852],[-58.14639,-32.20796],[-58.14639,-32.20704]]],[[[-58.14315,-32.15648],[-58.14333,-32.15676],[-58.14324,-32.15611],[-58.1425,-32.15694],[-58.14315,-32.15648]]],[[[-58.14194,-32.15833],[-58.14213,-32.16074],[-58.14259,-32.15926],[-58.14213,-32.1588],[-58.14231,-32.15759],[-58.14194,-32.15833]]],[[[-58.14269,-32.15898],[-58.14306,-32.15852],[-58.14306,-32.15815],[-58.14269,-32.15861],[-58.14269,-32.15898]]],[[[-58.13713,-32.33463],[-58.13648,-32.33472],[-58.13648,-32.33481],[-58.13713,-32.33491],[-58.13722,-32.33426],[-58.13713,-32.33463]]],[[[-58.13926,-32.33463],[-58.1387,-32.33454],[-58.13843,-32.33472],[-58.13944,-32.33463],[-58.13935,-32.33444],[-58.13898,-32.33444],[-58.13926,-32.33463]]],[[[-58.13852,-32.33065],[-58.13741,-32.33009],[-58.13843,-32.33102],[-58.13852,-32.33065]]],[[[-58.14046,-32.33204],[-58.13944,-32.3312],[-58.13898,-32.3313],[-58.13898,-32.33093],[-58.13843,-32.33102],[-58.13981,-32.33176],[-58.14056,-32.33278],[-58.14046,-32.33204]]],[[[-58.13574,-32.32907],[-58.13667,-32.32991],[-58.13685,-32.32991],[-58.13685,-32.32954],[-58.13574,-32.32907]]],[[[-58.13407,-32.32769],[-58.13306,-32.32676],[-58.13343,-32.3275],[-58.13407,-32.32769]]],[[[-58.13454,-32.21602],[-58.13407,-32.21639],[-58.13407,-32.21657],[-58.13463,-32.2162],[-58.13454,-32.21602]]],[[[-58.13741,-32.21509],[-58.13769,-32.21491],[-58.13722,-32.21463],[-58.1363,-32.21491],[-58.13685,-32.215],[-58.13713,-32.21472],[-58.13741,-32.21509]]],[[[-58.13556,-32.12759],[-58.13574,-32.12778],[-58.13583,-32.12907],[-58.13583,-32.12741],[-58.13556,-32.12759]]],[[[-58.13481,-32.33509],[-58.13426,-32.335],[-58.13426,-32.33454],[-58.13287,-32.33481],[-58.13083,-32.33444],[-58.13231,-32.33491],[-58.13407,-32.33491],[-58.13426,-32.33519],[-58.135,-32.33519],[-58.13519,-32.335],[-58.13537,-32.33537],[-58.13602,-32.33546],[-58.13602,-32.33509],[-58.13546,-32.33491],[-58.13537,-32.33454],[-58.13481,-32.33509]]],[[[-58.12991,-32.3337],[-58.12991,-32.33343],[-58.12954,-32.33343],[-58.12944,-32.3338],[-58.12991,-32.3337]]],[[[-58.13519,-32.33102],[-58.13324,-32.32935],[-58.13269,-32.32917],[-58.13139,-32.32917],[-58.13241,-32.32926],[-58.13259,-32.32963],[-58.13315,-32.32963],[-58.13361,-32.33019],[-58.13435,-32.33037],[-58.13472,-32.33083],[-58.135,-32.33102],[-58.13519,-32.33102]]],[[[-58.12972,-32.22417],[-58.12972,-32.22472],[-58.12954,-32.22481],[-58.12944,-32.22546],[-58.12981,-32.22491],[-58.12972,-32.22417]]],[[[-58.12852,-32.22676],[-58.12926,-32.22565],[-58.12861,-32.2262],[-58.12852,-32.22676]]],[[[-58.13185,-32.22009],[-58.13167,-32.22],[-58.1312,-32.22065],[-58.13139,-32.22065],[-58.13185,-32.22009]]],[[[-58.12815,-32.18491],[-58.12861,-32.18481],[-58.12907,-32.18472],[-58.12843,-32.18454],[-58.12815,-32.18491]]],[[[-58.12796,-32.11981],[-58.12639,-32.11907],[-58.12648,-32.11935],[-58.12694,-32.11935],[-58.12769,-32.11981],[-58.12796,-32.11981]]],[[[-58.12806,-32.11981],[-58.12759,-32.12019],[-58.12815,-32.12074],[-58.1288,-32.12065],[-58.12806,-32.12019],[-58.12806,-32.11981]]],[[[-58.13167,-32.12519],[-58.13056,-32.12259],[-58.13019,-32.1225],[-58.12944,-32.1212],[-58.13009,-32.12324],[-58.13037,-32.12361],[-58.13102,-32.1237],[-58.13167,-32.12519]]],[[[-58.13213,-32.12593],[-58.13148,-32.1263],[-58.13213,-32.12648],[-58.13222,-32.12685],[-58.13213,-32.12593]]],[[[-58.13241,-32.11722],[-58.13167,-32.11648],[-58.13176,-32.11685],[-58.13213,-32.11722],[-58.13241,-32.11722]]],[[[-58.12731,-32.11417],[-58.12796,-32.11417],[-58.12796,-32.11407],[-58.12713,-32.11389],[-58.12731,-32.11417]]],[[[-58.12963,-32.115],[-58.12815,-32.11426],[-58.12917,-32.115],[-58.12963,-32.115]]],[[[-58.12185,-32.34509],[-58.12157,-32.34565],[-58.12157,-32.34602],[-58.12213,-32.34574],[-58.12185,-32.34509]]],[[[-58.12241,-32.34667],[-58.12269,-32.34713],[-58.12361,-32.34657],[-58.12259,-32.34657],[-58.12231,-32.34611],[-58.12176,-32.34602],[-58.12204,-32.3462],[-58.12185,-32.34657],[-58.12241,-32.34667]]],[[[-58.12806,-32.33352],[-58.12769,-32.33306],[-58.12713,-32.33306],[-58.12778,-32.33361],[-58.12806,-32.33352]]],[[[-58.12528,-32.32565],[-58.12481,-32.32556],[-58.12463,-32.32574],[-58.125,-32.32583],[-58.12528,-32.32565]]],[[[-58.12491,-32.31907],[-58.12352,-32.31759],[-58.12333,-32.31861],[-58.12278,-32.31898],[-58.12352,-32.31935],[-58.12278,-32.31944],[-58.12269,-32.31991],[-58.12241,-32.31944],[-58.12167,-32.31954],[-58.12167,-32.32],[-58.1213,-32.32028],[-58.12102,-32.31981],[-58.12009,-32.32019],[-58.12037,-32.32056],[-58.12074,-32.32019],[-58.12093,-32.32139],[-58.12176,-32.32148],[-58.12176,-32.32185],[-58.12259,-32.32176],[-58.12269,-32.32148],[-58.12194,-32.32139],[-58.12185,-32.32102],[-58.12102,-32.32102],[-58.12111,-32.32065],[-58.12194,-32.32028],[-58.12222,-32.32037],[-58.12213,-32.32046],[-58.12222,-32.3212],[-58.1225,-32.3212],[-58.12259,-32.32093],[-58.12361,-32.32111],[-58.12352,-32.32157],[-58.1238,-32.32176],[-58.12398,-32.32102],[-58.12463,-32.32065],[-58.12472,-32.32037],[-58.1237,-32.32028],[-58.12315,-32.32093],[-58.12315,-32.32019],[-58.12398,-32.31972],[-58.1237,-32.31889],[-58.12407,-32.31917],[-58.12435,-32.31861],[-58.12435,-32.31907],[-58.12491,-32.31907]]],[[[-58.12509,-32.32343],[-58.12407,-32.32278],[-58.12398,-32.32343],[-58.1238,-32.32315],[-58.12426,-32.32241],[-58.12417,-32.32204],[-58.12343,-32.32213],[-58.12343,-32.32176],[-58.12278,-32.32148],[-58.12222,-32.32231],[-58.12231,-32.32269],[-58.12296,-32.3225],[-58.12324,-32.32287],[-58.12269,-32.32352],[-58.12333,-32.32509],[-58.1237,-32.32491],[-58.12333,-32.32463],[-58.12343,-32.32407],[-58.12407,-32.3238],[-58.12435,-32.32398],[-58.12407,-32.32435],[-58.12454,-32.32481],[-58.12454,-32.32528],[-58.12491,-32.325],[-58.12472,-32.32454],[-58.12574,-32.32472],[-58.12565,-32.32583],[-58.12602,-32.32565],[-58.12657,-32.3262],[-58.12694,-32.32556],[-58.1275,-32.3263],[-58.13,-32.32648],[-58.12926,-32.3262],[-58.12917,-32.32583],[-58.12889,-32.3262],[-58.12824,-32.32537],[-58.12759,-32.32556],[-58.12713,-32.32481],[-58.1262,-32.32509],[-58.1263,-32.32454],[-58.12556,-32.32417],[-58.12556,-32.32343],[-58.12546,-32.32333],[-58.12509,-32.32343]]],[[[-58.13065,-32.32667],[-58.13,-32.32648],[-58.12963,-32.32676],[-58.12981,-32.32722],[-58.12954,-32.32741],[-58.12981,-32.32778],[-58.13,-32.32676],[-58.13056,-32.32676],[-58.13046,-32.32713],[-58.13093,-32.32759],[-58.13139,-32.32741],[-58.13204,-32.32769],[-58.1312,-32.32787],[-58.13139,-32.32824],[-58.12935,-32.32815],[-58.12917,-32.32824],[-58.13213,-32.32833],[-58.13222,-32.32759],[-58.13185,-32.32704],[-58.13278,-32.32657],[-58.13231,-32.32648],[-58.13213,-32.32685],[-58.13148,-32.32704],[-58.13157,-32.32639],[-58.13065,-32.32537],[-58.12981,-32.32546],[-58.13037,-32.32574],[-58.13065,-32.32667]]],[[[-58.12778,-32.32769],[-58.12769,-32.32731],[-58.12741,-32.32787],[-58.12602,-32.32759],[-58.12704,-32.32824],[-58.12861,-32.32806],[-58.12778,-32.32769]]],[[[-58.1287,-32.32852],[-58.12889,-32.32852],[-58.1288,-32.32833],[-58.12787,-32.32824],[-58.1287,-32.32852]]],[[[-58.12704,-32.32231],[-58.1262,-32.32111],[-58.12648,-32.32185],[-58.12704,-32.32231]]],[[[-58.12769,-32.32324],[-58.1275,-32.32259],[-58.12704,-32.32231],[-58.12759,-32.32352],[-58.12815,-32.32389],[-58.12852,-32.32389],[-58.12769,-32.32324]]],[[[-58.125,-32.11806],[-58.12435,-32.11731],[-58.12454,-32.11787],[-58.12481,-32.11806],[-58.125,-32.11806]]],[[[-58.12435,-32.11306],[-58.12472,-32.11306],[-58.12472,-32.11315],[-58.12528,-32.11315],[-58.12528,-32.11324],[-58.12546,-32.11324],[-58.12537,-32.11306],[-58.12454,-32.11287],[-58.12435,-32.11306]]],[[[-58.12148,-32.34454],[-58.12139,-32.34435],[-58.11991,-32.34435],[-58.12148,-32.34454]]],[[[-58.11852,-32.34407],[-58.11917,-32.34426],[-58.11972,-32.34426],[-58.11889,-32.34389],[-58.11852,-32.34407]]],[[[-58.12028,-32.20944],[-58.12102,-32.20935],[-58.12102,-32.20926],[-58.12148,-32.20926],[-58.12148,-32.20917],[-58.12056,-32.20917],[-58.12028,-32.20944]]],[[[-58.11435,-32.34204],[-58.11472,-32.34176],[-58.11426,-32.34167],[-58.11361,-32.34083],[-58.11352,-32.34037],[-58.1137,-32.33991],[-58.11361,-32.33926],[-58.11352,-32.34],[-58.11287,-32.34019],[-58.11315,-32.34028],[-58.11333,-32.3412],[-58.1138,-32.34111],[-58.11426,-32.34176],[-58.11407,-32.34222],[-58.11454,-32.34259],[-58.11481,-32.34231],[-58.11491,-32.3425],[-58.11556,-32.3425],[-58.1162,-32.34324],[-58.11657,-32.34315],[-58.11574,-32.34269],[-58.11583,-32.34259],[-58.11574,-32.34222],[-58.115,-32.34241],[-58.11435,-32.34204]]],[[[-58.11778,-32.34361],[-58.11704,-32.34361],[-58.11704,-32.3437],[-58.11759,-32.3437],[-58.11759,-32.3438],[-58.11796,-32.3438],[-58.11778,-32.34361]]],[[[-58.11519,-32.29769],[-58.11519,-32.29676],[-58.115,-32.29676],[-58.11491,-32.29731],[-58.11519,-32.29769]]],[[[-58.11519,-32.24333],[-58.11444,-32.24333],[-58.11444,-32.24352],[-58.115,-32.24352],[-58.11519,-32.24333]]],[[[-58.1137,-32.10704],[-58.11343,-32.10731],[-58.11352,-32.10769],[-58.11407,-32.10713],[-58.11472,-32.10713],[-58.1137,-32.10704]]],[[[-58.1125,-32.33991],[-58.11213,-32.33981],[-58.11194,-32.34019],[-58.11241,-32.34028],[-58.1125,-32.33991]]],[[[-58.11176,-32.33843],[-58.11065,-32.33769],[-58.11074,-32.33731],[-58.11019,-32.33685],[-58.10917,-32.33657],[-58.10944,-32.33583],[-58.10843,-32.33519],[-58.10944,-32.335],[-58.10907,-32.33361],[-58.10889,-32.33398],[-58.10861,-32.33389],[-58.10778,-32.33398],[-58.10787,-32.33472],[-58.10759,-32.33481],[-58.10769,-32.33519],[-58.10722,-32.33556],[-58.10713,-32.33611],[-58.1062,-32.33648],[-58.10611,-32.33704],[-58.10519,-32.33759],[-58.10565,-32.33787],[-58.10556,-32.33824],[-58.10657,-32.33824],[-58.10713,-32.33861],[-58.10731,-32.33824],[-58.10843,-32.33833],[-58.10926,-32.33741],[-58.10926,-32.33704],[-58.10972,-32.33704],[-58.10935,-32.33722],[-58.10972,-32.33759],[-58.10981,-32.33852],[-58.10954,-32.3388],[-58.11065,-32.33907],[-58.11102,-32.33907],[-58.11111,-32.33833],[-58.11176,-32.33843]],[[-58.10741,-32.33611],[-58.10741,-32.33657],[-58.10685,-32.33694],[-58.10676,-32.33639],[-58.10741,-32.33611]],[[-58.10861,-32.33657],[-58.10833,-32.3363],[-58.10787,-32.33639],[-58.10833,-32.33565],[-58.1088,-32.33593],[-58.10861,-32.33657]]],[[[-58.11176,-32.3388],[-58.11259,-32.3388],[-58.11259,-32.33861],[-58.11176,-32.33843],[-58.11176,-32.3388]]],[[[-58.11435,-32.31148],[-58.11361,-32.31204],[-58.11389,-32.31241],[-58.11426,-32.31176],[-58.11463,-32.31185],[-58.11435,-32.31148]]],[[[-58.1138,-32.3125],[-58.11333,-32.31278],[-58.11324,-32.31352],[-58.11352,-32.31278],[-58.1138,-32.3125]]],[[[-58.11139,-32.30787],[-58.11167,-32.30861],[-58.11157,-32.30787],[-58.11176,-32.30778],[-58.11176,-32.30722],[-58.11139,-32.30787]]],[[[-58.11148,-32.23102],[-58.1112,-32.23093],[-58.11037,-32.23148],[-58.1112,-32.2313],[-58.11148,-32.23102]]],[[[-58.11111,-32.11167],[-58.11074,-32.11176],[-58.11028,-32.11139],[-58.11065,-32.11185],[-58.11204,-32.11222],[-58.11111,-32.11167]]],[[[-58.11324,-32.10806],[-58.11259,-32.10852],[-58.11296,-32.1088],[-58.11324,-32.10806]]],[[[-58.105,-32.33963],[-58.10481,-32.34],[-58.10519,-32.33991],[-58.10537,-32.34028],[-58.10481,-32.34037],[-58.10472,-32.3412],[-58.10519,-32.34176],[-58.10528,-32.34148],[-58.1062,-32.34139],[-58.10583,-32.34111],[-58.10574,-32.34028],[-58.10546,-32.34028],[-58.10556,-32.33972],[-58.10593,-32.33972],[-58.1062,-32.33944],[-58.10769,-32.33954],[-58.10778,-32.33926],[-58.10565,-32.33898],[-58.10546,-32.33963],[-58.105,-32.33963]],[[-58.10491,-32.34093],[-58.10546,-32.34074],[-58.10556,-32.3413],[-58.10509,-32.3413],[-58.10491,-32.34093]]],[[[-58.10778,-32.33343],[-58.10759,-32.33333],[-58.10722,-32.3337],[-58.10722,-32.33407],[-58.10778,-32.33343]]],[[[-58.10426,-32.33704],[-58.10556,-32.3363],[-58.10546,-32.33593],[-58.10426,-32.33704]]],[[[-58.10407,-32.3375],[-58.1037,-32.3375],[-58.10361,-32.33769],[-58.10426,-32.33759],[-58.10426,-32.33704],[-58.10407,-32.3375]]],[[[-58.10204,-32.3363],[-58.10194,-32.33741],[-58.10167,-32.33741],[-58.10167,-32.3362],[-58.10111,-32.33648],[-58.10111,-32.33685],[-58.1012,-32.33657],[-58.10157,-32.33667],[-58.10157,-32.33722],[-58.1012,-32.33713],[-58.10139,-32.33769],[-58.10185,-32.33815],[-58.10269,-32.33815],[-58.10259,-32.33889],[-58.10352,-32.3387],[-58.1038,-32.33907],[-58.10435,-32.33852],[-58.10315,-32.33861],[-58.10324,-32.33806],[-58.10204,-32.33806],[-58.10157,-32.33769],[-58.10324,-32.33722],[-58.10324,-32.33685],[-58.10278,-32.33685],[-58.10306,-32.33648],[-58.10204,-32.3363]]],[[[-58.10417,-32.32907],[-58.10398,-32.32898],[-58.1037,-32.32917],[-58.1037,-32.32972],[-58.10417,-32.32907]]],[[[-58.10398,-32.32731],[-58.10463,-32.32722],[-58.10463,-32.32704],[-58.10389,-32.32704],[-58.10398,-32.32731]]],[[[-58.10685,-32.32648],[-58.10694,-32.32222],[-58.10639,-32.32102],[-58.10667,-32.31926],[-58.10611,-32.31935],[-58.10583,-32.31861],[-58.10444,-32.31806],[-58.10398,-32.31815],[-58.10417,-32.31769],[-58.10398,-32.31759],[-58.1038,-32.31778],[-58.10398,-32.31861],[-58.10435,-32.31824],[-58.10481,-32.31861],[-58.10574,-32.3187],[-58.10565,-32.31907],[-58.10491,-32.31898],[-58.10509,-32.31963],[-58.1063,-32.31954],[-58.1063,-32.32028],[-58.10593,-32.32009],[-58.10593,-32.32046],[-58.10639,-32.32111],[-58.10639,-32.32185],[-58.10685,-32.32231],[-58.10685,-32.3238],[-58.10648,-32.32454],[-58.10685,-32.325],[-58.10667,-32.32574],[-58.10611,-32.3262],[-58.10602,-32.32722],[-58.10657,-32.32731],[-58.10667,-32.32667],[-58.10713,-32.32676],[-58.10685,-32.32648]]],[[[-58.10722,-32.32843],[-58.10694,-32.32917],[-58.10741,-32.32972],[-58.10778,-32.32917],[-58.10741,-32.32852],[-58.10759,-32.32815],[-58.10722,-32.32676],[-58.10685,-32.32806],[-58.10602,-32.32759],[-58.10602,-32.32722],[-58.10565,-32.32722],[-58.10519,-32.32824],[-58.10463,-32.32759],[-58.1038,-32.32787],[-58.10398,-32.32852],[-58.10435,-32.32815],[-58.10537,-32.32917],[-58.10574,-32.3287],[-58.1063,-32.32917],[-58.1062,-32.32944],[-58.10722,-32.32843]]],[[[-58.10519,-32.33491],[-58.10611,-32.3338],[-58.10611,-32.33296],[-58.10537,-32.33287],[-58.105,-32.33148],[-58.10574,-32.33093],[-58.10602,-32.33019],[-58.10583,-32.32981],[-58.1062,-32.32944],[-58.10593,-32.32944],[-58.10574,-32.32991],[-58.10509,-32.32972],[-58.10463,-32.33009],[-58.10426,-32.32963],[-58.10398,-32.32981],[-58.10426,-32.33065],[-58.10528,-32.33083],[-58.10519,-32.3312],[-58.10481,-32.33111],[-58.10509,-32.33296],[-58.10602,-32.33306],[-58.10519,-32.33491]]],[[[-58.10333,-32.32574],[-58.10324,-32.3262],[-58.10259,-32.32611],[-58.10333,-32.32676],[-58.10306,-32.32722],[-58.10333,-32.32722],[-58.10352,-32.32657],[-58.10389,-32.32657],[-58.10352,-32.32491],[-58.10287,-32.32565],[-58.10333,-32.32574]]],[[[-58.10528,-32.32519],[-58.105,-32.32509],[-58.10481,-32.32556],[-58.10509,-32.32546],[-58.10528,-32.32519]]],[[[-58.10444,-32.32398],[-58.10491,-32.32444],[-58.10519,-32.32398],[-58.105,-32.32389],[-58.10444,-32.32398]]],[[[-58.1038,-32.32343],[-58.1037,-32.32398],[-58.10343,-32.32361],[-58.10287,-32.32426],[-58.10287,-32.32472],[-58.10333,-32.32463],[-58.10361,-32.32407],[-58.10417,-32.32426],[-58.10435,-32.32324],[-58.1038,-32.32343]]],[[[-58.10491,-32.32296],[-58.105,-32.32231],[-58.10481,-32.32222],[-58.10454,-32.32296],[-58.10491,-32.32296]]],[[[-58.10713,-32.29046],[-58.10722,-32.29046],[-58.10722,-32.28889],[-58.10713,-32.28889],[-58.10713,-32.29046]]],[[[-58.10667,-32.28537],[-58.10685,-32.28463],[-58.10676,-32.28426],[-58.10667,-32.28426],[-58.10667,-32.28537]]],[[[-58.10574,-32.26426],[-58.10556,-32.26296],[-58.10556,-32.26407],[-58.10574,-32.26426]]],[[[-58.10685,-32.10963],[-58.10639,-32.10944],[-58.10611,-32.10972],[-58.10667,-32.10991],[-58.10685,-32.10963]]],[[[-58.09954,-32.33444],[-58.09981,-32.33556],[-58.10046,-32.33565],[-58.09991,-32.33593],[-58.10046,-32.3363],[-58.10102,-32.3362],[-58.10157,-32.335],[-58.10028,-32.33528],[-58.10046,-32.33463],[-58.09972,-32.33472],[-58.09954,-32.33444]],[[-58.10065,-32.33528],[-58.10093,-32.33537],[-58.10083,-32.33602],[-58.10056,-32.33602],[-58.10065,-32.33528]]],[[[-58.10167,-32.33472],[-58.10083,-32.33398],[-58.10056,-32.33398],[-58.10056,-32.33454],[-58.10083,-32.33472],[-58.10167,-32.33472]]],[[[-58.09583,-32.30685],[-58.09657,-32.30676],[-58.09611,-32.30657],[-58.09611,-32.30611],[-58.09583,-32.30685]]],[[[-58.09731,-32.3075],[-58.09657,-32.30676],[-58.09741,-32.30787],[-58.0975,-32.30898],[-58.09778,-32.30907],[-58.09731,-32.3075]]],[[[-58.10009,-32.31139],[-58.09981,-32.31139],[-58.09972,-32.31083],[-58.09954,-32.31083],[-58.09972,-32.31148],[-58.10009,-32.31139]]],[[[-58.09398,-32.30481],[-58.09435,-32.30444],[-58.09472,-32.30491],[-58.09407,-32.30509],[-58.09417,-32.30528],[-58.095,-32.30528],[-58.09472,-32.30519],[-58.09491,-32.30444],[-58.09463,-32.30444],[-58.09435,-32.30426],[-58.09398,-32.30435],[-58.09398,-32.30481]]],[[[-58.09546,-32.30296],[-58.095,-32.30241],[-58.09472,-32.30259],[-58.09491,-32.30278],[-58.09546,-32.30296]]],[[[-58.09463,-32.26852],[-58.09472,-32.26824],[-58.09509,-32.26787],[-58.09444,-32.26815],[-58.09463,-32.26852]]],[[[-58.09537,-32.26759],[-58.09528,-32.26796],[-58.09546,-32.26796],[-58.09574,-32.26759],[-58.09537,-32.26759]]],[[[-58.09639,-32.26657],[-58.09676,-32.26426],[-58.09556,-32.26333],[-58.09648,-32.26454],[-58.09602,-32.26685],[-58.09639,-32.26657]]],[[[-58.09602,-32.27028],[-58.09648,-32.26935],[-58.09602,-32.26907],[-58.0962,-32.26824],[-58.09574,-32.2687],[-58.09574,-32.26917],[-58.09546,-32.26861],[-58.09491,-32.26907],[-58.09389,-32.26917],[-58.09389,-32.27],[-58.09361,-32.27009],[-58.09389,-32.27046],[-58.09287,-32.2713],[-58.09315,-32.27157],[-58.0938,-32.27148],[-58.09435,-32.27083],[-58.09454,-32.2712],[-58.09519,-32.27139],[-58.09574,-32.27102],[-58.09537,-32.27056],[-58.0962,-32.27065],[-58.0963,-32.2712],[-58.09639,-32.27065],[-58.09602,-32.27028]],[[-58.09509,-32.26954],[-58.09435,-32.27056],[-58.09407,-32.27046],[-58.09426,-32.26944],[-58.09454,-32.26972],[-58.09509,-32.26954]]],[[[-58.09509,-32.26083],[-58.09528,-32.26139],[-58.09537,-32.26028],[-58.09509,-32.26083]]],[[[-58.09519,-32.25944],[-58.09528,-32.25944],[-58.09519,-32.25898],[-58.09481,-32.25889],[-58.09519,-32.25944]]],[[[-58.09639,-32.24731],[-58.09593,-32.24806],[-58.0963,-32.24815],[-58.09611,-32.24824],[-58.0962,-32.24843],[-58.09639,-32.24833],[-58.09639,-32.24731]]],[[[-58.09611,-32.24935],[-58.09611,-32.24843],[-58.09602,-32.24843],[-58.09583,-32.24898],[-58.09537,-32.2488],[-58.09537,-32.24907],[-58.09593,-32.24917],[-58.09556,-32.24981],[-58.09611,-32.24935]]],[[[-58.09454,-32.25019],[-58.09556,-32.25],[-58.09491,-32.24991],[-58.095,-32.24917],[-58.09426,-32.24954],[-58.09361,-32.25028],[-58.0937,-32.25056],[-58.09417,-32.25046],[-58.09426,-32.2513],[-58.09463,-32.25111],[-58.09435,-32.25157],[-58.09426,-32.25222],[-58.09472,-32.25148],[-58.09454,-32.25019]]],[[[-58.0937,-32.25241],[-58.09343,-32.25444],[-58.09315,-32.25454],[-58.09343,-32.25574],[-58.09361,-32.25528],[-58.09324,-32.25481],[-58.09361,-32.25435],[-58.09361,-32.25352],[-58.09407,-32.25259],[-58.0937,-32.25241]]],[[[-58.10056,-32.23444],[-58.09972,-32.23435],[-58.10028,-32.23454],[-58.09991,-32.23481],[-58.10046,-32.23472],[-58.10056,-32.23444]]],[[[-58.09481,-32.23222],[-58.0963,-32.23222],[-58.0963,-32.23213],[-58.09509,-32.23194],[-58.09481,-32.23222]]],[[[-58.09981,-32.22759],[-58.10074,-32.22991],[-58.10065,-32.22917],[-58.10102,-32.22898],[-58.10028,-32.22787],[-58.10056,-32.2275],[-58.10111,-32.22769],[-58.10111,-32.22722],[-58.10204,-32.22639],[-58.10222,-32.22583],[-58.10185,-32.22509],[-58.10231,-32.22491],[-58.10231,-32.22454],[-58.10407,-32.22398],[-58.10259,-32.22407],[-58.10204,-32.22472],[-58.10157,-32.22398],[-58.10037,-32.2237],[-58.10065,-32.22481],[-58.10028,-32.225],[-58.10009,-32.22574],[-58.09972,-32.22593],[-58.09981,-32.22676],[-58.10046,-32.22667],[-58.10046,-32.2262],[-58.10009,-32.22639],[-58.10028,-32.22583],[-58.1012,-32.22574],[-58.10102,-32.22528],[-58.10037,-32.22537],[-58.10037,-32.22509],[-58.10148,-32.22481],[-58.10176,-32.22519],[-58.1013,-32.22565],[-58.10157,-32.22602],[-58.10065,-32.22694],[-58.09981,-32.22685],[-58.10009,-32.22713],[-58.09981,-32.22759]]],[[[-58.0975,-32.12083],[-58.09731,-32.12389],[-58.0975,-32.12361],[-58.0975,-32.12083]]],[[[-58.10019,-32.10806],[-58.09981,-32.10833],[-58.09981,-32.10861],[-58.10028,-32.10861],[-58.10019,-32.10806]]],[[[-58.0987,-32.10676],[-58.10019,-32.10722],[-58.10037,-32.10648],[-58.09954,-32.10639],[-58.09963,-32.10676],[-58.09898,-32.10648],[-58.09787,-32.10657],[-58.09898,-32.10713],[-58.09917,-32.10694],[-58.0987,-32.10676]]],[[[-58.1013,-32.10778],[-58.09917,-32.10713],[-58.10019,-32.10787],[-58.10222,-32.10796],[-58.10176,-32.10769],[-58.10213,-32.10704],[-58.10185,-32.10741],[-58.10148,-32.10731],[-58.1013,-32.10778]]],[[[-58.10213,-32.10722],[-58.10231,-32.10787],[-58.10296,-32.10769],[-58.10352,-32.10806],[-58.10315,-32.10769],[-58.10352,-32.1075],[-58.10287,-32.10759],[-58.10278,-32.10731],[-58.10278,-32.10759],[-58.10241,-32.10759],[-58.10241,-32.10722],[-58.10213,-32.10722]]],[[[-58.10389,-32.10815],[-58.10315,-32.10843],[-58.10389,-32.10852],[-58.10398,-32.1088],[-58.10481,-32.10852],[-58.10417,-32.10787],[-58.10352,-32.10806],[-58.10389,-32.10815]]],[[[-58.09852,-32.10648],[-58.09806,-32.1063],[-58.09769,-32.10639],[-58.09769,-32.10657],[-58.09852,-32.10648]]],[[[-58.095,-32.10296],[-58.09556,-32.10287],[-58.09556,-32.10269],[-58.09528,-32.10259],[-58.095,-32.10296]]],[[[-58.09167,-32.28296],[-58.09157,-32.28259],[-58.0913,-32.28269],[-58.0912,-32.28333],[-58.09167,-32.28296]]],[[[-58.09324,-32.28019],[-58.09398,-32.27907],[-58.0938,-32.2787],[-58.09435,-32.27861],[-58.09398,-32.27759],[-58.09435,-32.27759],[-58.09472,-32.27694],[-58.09556,-32.27481],[-58.09565,-32.2737],[-58.09519,-32.27528],[-58.09444,-32.27491],[-58.09398,-32.27611],[-58.09361,-32.2762],[-58.09435,-32.27648],[-58.09444,-32.27565],[-58.09491,-32.27556],[-58.09463,-32.27685],[-58.09454,-32.27657],[-58.09343,-32.27667],[-58.09259,-32.27565],[-58.09222,-32.27565],[-58.09222,-32.27602],[-58.09278,-32.2763],[-58.09259,-32.27704],[-58.09296,-32.27676],[-58.09287,-32.27741],[-58.09324,-32.27759],[-58.09287,-32.27787],[-58.09333,-32.27861],[-58.09296,-32.27981],[-58.09315,-32.28019],[-58.09287,-32.28046],[-58.09333,-32.28093],[-58.09324,-32.28019]]],[[[-58.09046,-32.28685],[-58.0913,-32.28602],[-58.09093,-32.28537],[-58.09157,-32.28546],[-58.09167,-32.28481],[-58.09222,-32.28444],[-58.09259,-32.28352],[-58.09324,-32.28352],[-58.09306,-32.28259],[-58.09361,-32.28093],[-58.09287,-32.28176],[-58.09296,-32.28241],[-58.09231,-32.28269],[-58.09139,-32.28398],[-58.09167,-32.28463],[-58.09065,-32.28556],[-58.09046,-32.28602],[-58.09074,-32.2863],[-58.09028,-32.28676],[-58.09,-32.28741],[-58.09,-32.28787],[-58.09046,-32.28685]]],[[[-58.09037,-32.28889],[-58.09028,-32.28926],[-58.09056,-32.28991],[-58.09056,-32.28935],[-58.09037,-32.28889]]],[[[-58.08917,-32.2762],[-58.08907,-32.27778],[-58.09009,-32.27815],[-58.09,-32.27843],[-58.08935,-32.27852],[-58.08907,-32.27806],[-58.0887,-32.27815],[-58.08898,-32.28019],[-58.08935,-32.28028],[-58.08972,-32.27981],[-58.08926,-32.27898],[-58.08963,-32.27898],[-58.08963,-32.27944],[-58.09009,-32.27972],[-58.09065,-32.27898],[-58.09028,-32.27889],[-58.09009,-32.27935],[-58.09019,-32.27778],[-58.08981,-32.27787],[-58.09009,-32.27741],[-58.08991,-32.27657],[-58.09028,-32.2762],[-58.08972,-32.2762],[-58.08972,-32.27694],[-58.08935,-32.27694],[-58.08944,-32.2762],[-58.08917,-32.2762]]],[[[-58.08731,-32.27815],[-58.08759,-32.27843],[-58.08731,-32.27907],[-58.08787,-32.27907],[-58.08769,-32.27843],[-58.08815,-32.27815],[-58.08778,-32.27713],[-58.0875,-32.27722],[-58.08731,-32.27815]]],[[[-58.08676,-32.27796],[-58.08704,-32.27694],[-58.08657,-32.27676],[-58.08648,-32.2775],[-58.08676,-32.27796]]],[[[-58.08778,-32.27491],[-58.08731,-32.27574],[-58.08806,-32.27583],[-58.08824,-32.27481],[-58.08778,-32.27491]]],[[[-58.08759,-32.27704],[-58.0888,-32.27657],[-58.08833,-32.2763],[-58.08824,-32.27583],[-58.08806,-32.2763],[-58.08731,-32.2762],[-58.08731,-32.27685],[-58.08759,-32.27704]]],[[[-58.08981,-32.27491],[-58.09046,-32.27537],[-58.09065,-32.27472],[-58.09009,-32.27454],[-58.08981,-32.27491]]],[[[-58.08833,-32.27444],[-58.0888,-32.27509],[-58.08907,-32.27463],[-58.0888,-32.27407],[-58.08833,-32.27444]]],[[[-58.09454,-32.27241],[-58.09435,-32.27278],[-58.09361,-32.27278],[-58.09398,-32.27231],[-58.09343,-32.27204],[-58.09269,-32.27259],[-58.09139,-32.27287],[-58.09148,-32.27324],[-58.09204,-32.27296],[-58.0925,-32.27315],[-58.09213,-32.2737],[-58.09185,-32.27324],[-58.09176,-32.27361],[-58.0913,-32.27361],[-58.09111,-32.27278],[-58.09065,-32.27296],[-58.09046,-32.27269],[-58.09074,-32.2725],[-58.09056,-32.27222],[-58.08991,-32.27287],[-58.08944,-32.27287],[-58.09046,-32.27296],[-58.09056,-32.27361],[-58.0912,-32.2737],[-58.0912,-32.27546],[-58.09037,-32.27593],[-58.09037,-32.2762],[-58.09074,-32.2762],[-58.09074,-32.27685],[-58.09167,-32.27731],[-58.09148,-32.27648],[-58.09185,-32.27667],[-58.09194,-32.2762],[-58.09157,-32.27481],[-58.09213,-32.27472],[-58.09213,-32.27435],[-58.09176,-32.27444],[-58.09148,-32.27389],[-58.09185,-32.27389],[-58.09204,-32.27426],[-58.09361,-32.27389],[-58.09352,-32.27426],[-58.09315,-32.27417],[-58.09343,-32.275],[-58.0938,-32.275],[-58.09398,-32.27463],[-58.09491,-32.27463],[-58.09407,-32.27435],[-58.09472,-32.27407],[-58.09426,-32.27398],[-58.09426,-32.27343],[-58.09463,-32.27352],[-58.09519,-32.2725],[-58.09509,-32.27176],[-58.09444,-32.27185],[-58.09491,-32.27157],[-58.09426,-32.27176],[-58.09454,-32.27241]]],[[[-58.08861,-32.27315],[-58.08852,-32.27361],[-58.08898,-32.27352],[-58.08889,-32.27315],[-58.08861,-32.27315]]],[[[-58.09398,-32.26806],[-58.09352,-32.26833],[-58.09352,-32.26861],[-58.09407,-32.26861],[-58.09398,-32.26806]]],[[[-58.09352,-32.26352],[-58.09481,-32.26343],[-58.0938,-32.26343],[-58.09343,-32.26296],[-58.09352,-32.26352]]],[[[-58.0938,-32.25741],[-58.09333,-32.25602],[-58.09296,-32.25657],[-58.0938,-32.25741]]],[[[-58.08537,-32.24417],[-58.08398,-32.2437],[-58.08398,-32.24463],[-58.08435,-32.24481],[-58.08435,-32.24426],[-58.08537,-32.24417]]],[[[-58.0863,-32.2437],[-58.08694,-32.24333],[-58.08519,-32.24352],[-58.0863,-32.2437]]],[[[-58.0837,-32.24278],[-58.08352,-32.24222],[-58.08315,-32.24222],[-58.0837,-32.24278]]],[[[-58.09056,-32.23972],[-58.09102,-32.24019],[-58.09102,-32.23981],[-58.09056,-32.23963],[-58.09046,-32.23824],[-58.09056,-32.23972]]],[[[-58.08574,-32.23352],[-58.08565,-32.2337],[-58.0862,-32.23417],[-58.0862,-32.23398],[-58.08574,-32.23352]]],[[[-58.08917,-32.23333],[-58.08843,-32.23324],[-58.08741,-32.23417],[-58.0862,-32.23417],[-58.08685,-32.23509],[-58.08694,-32.23583],[-58.08648,-32.23657],[-58.08704,-32.23648],[-58.08731,-32.23769],[-58.08861,-32.2375],[-58.08852,-32.23713],[-58.08806,-32.23713],[-58.08861,-32.23685],[-58.08824,-32.23546],[-58.08731,-32.23454],[-58.08731,-32.23426],[-58.08806,-32.23444],[-58.08852,-32.23333],[-58.08907,-32.23343],[-58.08907,-32.23417],[-58.0888,-32.23435],[-58.08917,-32.23509],[-58.08907,-32.2362],[-58.08917,-32.23731],[-58.08944,-32.2375],[-58.08917,-32.23657],[-58.08926,-32.23639],[-58.08917,-32.23333]],[[-58.08741,-32.2375],[-58.08741,-32.23657],[-58.08796,-32.23676],[-58.08824,-32.23611],[-58.08833,-32.23685],[-58.0875,-32.23704],[-58.08741,-32.2375]]],[[[-58.08954,-32.23787],[-58.08954,-32.23944],[-58.08981,-32.23907],[-58.08981,-32.23852],[-58.08954,-32.23787]]],[[[-58.0937,-32.23537],[-58.09472,-32.23556],[-58.09463,-32.23602],[-58.09491,-32.2362],[-58.09509,-32.23565],[-58.09491,-32.23528],[-58.09444,-32.23528],[-58.09463,-32.23481],[-58.09333,-32.23426],[-58.0937,-32.23537]]],[[[-58.09102,-32.23287],[-58.09306,-32.23296],[-58.09389,-32.23241],[-58.09343,-32.23241],[-58.09296,-32.23287],[-58.09185,-32.23259],[-58.09102,-32.23287]]],[[[-58.09102,-32.23306],[-58.09083,-32.23435],[-58.09046,-32.23454],[-58.09056,-32.23546],[-58.09028,-32.23565],[-58.09019,-32.23759],[-58.09046,-32.23565],[-58.09074,-32.23546],[-58.09102,-32.23306]]],[[[-58.08667,-32.23231],[-58.08611,-32.23222],[-58.08602,-32.23176],[-58.08546,-32.23148],[-58.08537,-32.23037],[-58.08528,-32.23185],[-58.08556,-32.23259],[-58.08676,-32.23389],[-58.08824,-32.23306],[-58.08833,-32.23231],[-58.08972,-32.23222],[-58.08731,-32.23222],[-58.08713,-32.23269],[-58.08759,-32.23315],[-58.08741,-32.23343],[-58.08685,-32.23287],[-58.0863,-32.23269],[-58.08667,-32.23231]]],[[[-58.09574,-32.23056],[-58.09509,-32.23083],[-58.09389,-32.23009],[-58.09361,-32.23037],[-58.09398,-32.23065],[-58.09435,-32.23046],[-58.09435,-32.23083],[-58.09398,-32.23074],[-58.0937,-32.23111],[-58.09435,-32.23102],[-58.09463,-32.23065],[-58.09509,-32.23102],[-58.0963,-32.2313],[-58.09574,-32.23056]]],[[[-58.09259,-32.2313],[-58.09296,-32.23139],[-58.0937,-32.23111],[-58.09287,-32.23111],[-58.09259,-32.2313]]],[[[-58.085,-32.22926],[-58.08287,-32.22972],[-58.08269,-32.23009],[-58.08343,-32.23037],[-58.08343,-32.23102],[-58.08454,-32.23102],[-58.08454,-32.23074],[-58.08361,-32.23046],[-58.08407,-32.23019],[-58.08398,-32.22981],[-58.08546,-32.23],[-58.08556,-32.23028],[-58.08556,-32.22991],[-58.085,-32.22991],[-58.085,-32.22926]]],[[[-58.09454,-32.23028],[-58.09491,-32.23019],[-58.09454,-32.22935],[-58.09463,-32.22907],[-58.09435,-32.22926],[-58.09454,-32.23028]]],[[[-58.08361,-32.22861],[-58.08454,-32.22741],[-58.08454,-32.22676],[-58.08426,-32.22676],[-58.0838,-32.22778],[-58.08343,-32.22769],[-58.08306,-32.22815],[-58.08231,-32.22806],[-58.08222,-32.22852],[-58.08148,-32.22889],[-58.08167,-32.23037],[-58.08185,-32.23046],[-58.08157,-32.23046],[-58.08167,-32.23102],[-58.0812,-32.23167],[-58.08213,-32.2312],[-58.08194,-32.22954],[-58.08259,-32.22889],[-58.08296,-32.22917],[-58.0838,-32.22917],[-58.08407,-32.22861],[-58.0837,-32.22907],[-58.08306,-32.22907],[-58.08315,-32.22861],[-58.08361,-32.22861]],[[-58.08176,-32.22917],[-58.08231,-32.22843],[-58.0825,-32.22843],[-58.08213,-32.22935],[-58.08176,-32.22917]]],[[[-58.08639,-32.22676],[-58.08481,-32.22676],[-58.08528,-32.22722],[-58.08435,-32.22833],[-58.08593,-32.22685],[-58.08676,-32.22759],[-58.08667,-32.22722],[-58.08685,-32.22731],[-58.08704,-32.22722],[-58.08639,-32.22676]]],[[[-58.08657,-32.22796],[-58.08583,-32.2275],[-58.08509,-32.22787],[-58.085,-32.2288],[-58.08565,-32.22917],[-58.08657,-32.22889],[-58.08593,-32.22898],[-58.08593,-32.22861],[-58.08685,-32.2288],[-58.08704,-32.22787],[-58.0875,-32.22731],[-58.08704,-32.22731],[-58.08657,-32.22796]]],[[[-58.08991,-32.12898],[-58.08759,-32.12889],[-58.0875,-32.12907],[-58.08778,-32.12898],[-58.08991,-32.12898]]],[[[-58.08472,-32.12593],[-58.08259,-32.12583],[-58.08463,-32.12611],[-58.08481,-32.12639],[-58.08546,-32.12639],[-58.08491,-32.1263],[-58.08472,-32.12593]]],[[[-58.0875,-32.12648],[-58.0862,-32.1263],[-58.08704,-32.12667],[-58.08889,-32.12667],[-58.09,-32.12639],[-58.0875,-32.12648]]],[[[-58.09157,-32.11778],[-58.09028,-32.11639],[-58.09065,-32.11824],[-58.0912,-32.11917],[-58.09204,-32.11972],[-58.09259,-32.11907],[-58.0925,-32.1187],[-58.09222,-32.11815],[-58.09194,-32.11815],[-58.09213,-32.1188],[-58.0913,-32.11852],[-58.09139,-32.11796],[-58.09093,-32.11796],[-58.09083,-32.1175],[-58.0913,-32.11759],[-58.0913,-32.11787],[-58.09157,-32.11778]]],[[[-58.09019,-32.11546],[-58.09046,-32.11546],[-58.09046,-32.11556],[-58.09065,-32.11556],[-58.09028,-32.115],[-58.09019,-32.11546]]],[[[-58.08907,-32.11315],[-58.0887,-32.1138],[-58.08917,-32.11463],[-58.08944,-32.11463],[-58.08944,-32.11435],[-58.08991,-32.11426],[-58.08972,-32.11398],[-58.08963,-32.11426],[-58.08907,-32.11417],[-58.08917,-32.1137],[-58.08963,-32.11361],[-58.08907,-32.11315]]],[[[-58.09213,-32.11389],[-58.09222,-32.11009],[-58.09213,-32.11009],[-58.09213,-32.11389]]],[[[-58.08852,-32.11028],[-58.08833,-32.11102],[-58.08852,-32.11139],[-58.08852,-32.11028]]],[[[-58.08907,-32.10917],[-58.0888,-32.11019],[-58.08917,-32.11065],[-58.08898,-32.11019],[-58.08917,-32.11],[-58.08898,-32.10815],[-58.08926,-32.10731],[-58.0888,-32.10861],[-58.08907,-32.10917]]],[[[-58.06259,-32.24843],[-58.06259,-32.24815],[-58.06157,-32.24815],[-58.06167,-32.24843],[-58.06259,-32.24843]]],[[[-58.05944,-32.2475],[-58.05963,-32.24731],[-58.05898,-32.24769],[-58.06,-32.24778],[-58.06065,-32.24824],[-58.06028,-32.24769],[-58.05944,-32.2475]]],[[[-58.06074,-32.2487],[-58.05935,-32.24815],[-58.05981,-32.24907],[-58.06037,-32.2488],[-58.06065,-32.24907],[-58.0613,-32.24889],[-58.06093,-32.24824],[-58.06065,-32.24824],[-58.06074,-32.2487]]],[[[-58.06769,-32.24472],[-58.06731,-32.24463],[-58.06685,-32.24519],[-58.06704,-32.24519],[-58.06769,-32.24472]]],[[[-58.06833,-32.24333],[-58.06861,-32.24343],[-58.06898,-32.24306],[-58.06898,-32.24259],[-58.06833,-32.24333]]],[[[-58.08111,-32.23935],[-58.07907,-32.23963],[-58.07926,-32.23926],[-58.07898,-32.23917],[-58.0788,-32.23944],[-58.07722,-32.23935],[-58.07694,-32.23944],[-58.07694,-32.23963],[-58.07824,-32.23944],[-58.08009,-32.23991],[-58.08037,-32.23954],[-58.08102,-32.23944],[-58.0813,-32.23972],[-58.08167,-32.23972],[-58.08111,-32.23935]]],[[[-58.08259,-32.24037],[-58.08231,-32.24074],[-58.08278,-32.24083],[-58.08259,-32.24037]]],[[[-58.08315,-32.2412],[-58.08287,-32.24102],[-58.08315,-32.24213],[-58.08315,-32.2412]]],[[[-58.07694,-32.23972],[-58.0738,-32.23963],[-58.0738,-32.23972],[-58.07694,-32.23972]]],[[[-58.07269,-32.23991],[-58.0738,-32.23972],[-58.07296,-32.23963],[-58.07269,-32.23991]]],[[[-58.07074,-32.2413],[-58.07167,-32.24056],[-58.07204,-32.24],[-58.07269,-32.23991],[-58.07194,-32.23991],[-58.07157,-32.24046],[-58.07111,-32.24046],[-58.07074,-32.2413]]],[[[-58.06991,-32.24241],[-58.06806,-32.24407],[-58.06796,-32.24435],[-58.06907,-32.24398],[-58.06991,-32.24241]]],[[[-58.08157,-32.2412],[-58.08241,-32.24157],[-58.08241,-32.2412],[-58.08194,-32.24093],[-58.08157,-32.2412]]],[[[-58.07861,-32.24037],[-58.07926,-32.24019],[-58.07926,-32.24009],[-58.0788,-32.23981],[-58.07815,-32.24009],[-58.07861,-32.24037]]],[[[-58.07417,-32.23935],[-58.0737,-32.23926],[-58.07343,-32.23954],[-58.0737,-32.23954],[-58.07417,-32.23935]]],[[[-58.08157,-32.23889],[-58.08259,-32.23954],[-58.08157,-32.2387],[-58.08046,-32.2387],[-58.08056,-32.23898],[-58.08157,-32.23889]]],[[[-58.07963,-32.12731],[-58.07926,-32.12731],[-58.0788,-32.12676],[-58.07852,-32.12704],[-58.07898,-32.12741],[-58.07963,-32.12731]]],[[[-58.075,-32.12398],[-58.0738,-32.12278],[-58.07324,-32.12269],[-58.07222,-32.1212],[-58.07241,-32.12241],[-58.07213,-32.12269],[-58.07287,-32.12315],[-58.07287,-32.12352],[-58.07213,-32.12361],[-58.0713,-32.12296],[-58.07037,-32.12315],[-58.07139,-32.12435],[-58.0738,-32.12574],[-58.07713,-32.12685],[-58.07843,-32.12667],[-58.07824,-32.12639],[-58.07704,-32.12657],[-58.07713,-32.12593],[-58.07602,-32.12481],[-58.07528,-32.12491],[-58.075,-32.12398]],[[-58.07343,-32.1238],[-58.07315,-32.12287],[-58.0737,-32.12287],[-58.07426,-32.1238],[-58.07343,-32.1238]],[[-58.07417,-32.12426],[-58.07426,-32.12491],[-58.07398,-32.12509],[-58.07204,-32.12463],[-58.07139,-32.12398],[-58.07306,-32.1237],[-58.07417,-32.12426]]],[[[-58.07009,-32.12287],[-58.07,-32.12231],[-58.06954,-32.12222],[-58.06981,-32.12296],[-58.07009,-32.12287]]],[[[-58.06861,-32.12185],[-58.06935,-32.12213],[-58.06944,-32.12176],[-58.06815,-32.1212],[-58.06861,-32.12185]]],[[[-58.06972,-32.12139],[-58.07065,-32.12213],[-58.07204,-32.1225],[-58.07111,-32.12157],[-58.07157,-32.1212],[-58.07093,-32.12139],[-58.07046,-32.12056],[-58.07009,-32.12074],[-58.06954,-32.12037],[-58.06861,-32.12037],[-58.0687,-32.12074],[-58.06954,-32.12102],[-58.06972,-32.12139]],[[-58.06981,-32.12083],[-58.07083,-32.12148],[-58.07083,-32.12194],[-58.06981,-32.1213],[-58.06981,-32.12083]]],[[[-58.0662,-32.11722],[-58.06648,-32.11741],[-58.06593,-32.11796],[-58.06657,-32.11769],[-58.06667,-32.11815],[-58.06806,-32.11778],[-58.0675,-32.11769],[-58.06722,-32.11778],[-58.06704,-32.11741],[-58.06667,-32.11759],[-58.06657,-32.11713],[-58.06676,-32.11713],[-58.06676,-32.11704],[-58.06685,-32.11704],[-58.06685,-32.11694],[-58.06639,-32.11676],[-58.0662,-32.11722]]],[[[-58.0663,-32.11852],[-58.06565,-32.11815],[-58.06509,-32.11898],[-58.06546,-32.11907],[-58.06556,-32.11861],[-58.0663,-32.11852]]],[[[-58.0688,-32.1137],[-58.06787,-32.11287],[-58.0675,-32.11315],[-58.06713,-32.11241],[-58.06648,-32.1125],[-58.06593,-32.11204],[-58.06519,-32.11194],[-58.06694,-32.11278],[-58.06731,-32.11333],[-58.06796,-32.11324],[-58.06843,-32.1137],[-58.0688,-32.1137]]],[[[-58.06028,-32.10898],[-58.06102,-32.10963],[-58.0613,-32.10972],[-58.06102,-32.10898],[-58.06028,-32.10898]]],[[[-58.06269,-32.11009],[-58.06157,-32.10991],[-58.06343,-32.11102],[-58.06352,-32.11065],[-58.06259,-32.11046],[-58.06269,-32.11009]]],[[[-58.06426,-32.1112],[-58.06343,-32.11102],[-58.06398,-32.1112],[-58.06407,-32.11139],[-58.06463,-32.11157],[-58.06481,-32.11185],[-58.06491,-32.11185],[-58.06426,-32.1112]]],[[[-58.05917,-32.10824],[-58.05935,-32.10787],[-58.05861,-32.10787],[-58.0587,-32.10806],[-58.05917,-32.10824]]],[[[-58.05417,-32.10769],[-58.05315,-32.10639],[-58.05231,-32.10565],[-58.05306,-32.10648],[-58.05343,-32.1075],[-58.0537,-32.10778],[-58.05417,-32.10769]]],[[[-58.05157,-32.10167],[-58.05139,-32.1],[-58.0512,-32.1],[-58.05111,-32.10065],[-58.05139,-32.10157],[-58.05148,-32.10157],[-58.05148,-32.10167],[-58.05157,-32.10167]]]]}},{"type":"Feature","properties":{"clase":3,"profundidad":"m\u00e1s de 1,5 m"},"geometry":{"type":"MultiPolygon","coordinates":[[[[-58.16972,-32.18074],[-58.16991,-32.18019],[-58.16917,-32.18102],[-58.16972,-32.18074]]],[[[-58.17602,-32.17204],[-58.17639,-32.1713],[-58.17602,-32.17148],[-58.17602,-32.17204]]],[[[-58.1925,-32.17046],[-58.19194,-32.17046],[-58.19194,-32.17056],[-58.19259,-32.17074],[-58.1925,-32.17046]]],[[[-58.1962,-32.16944],[-58.19565,-32.16935],[-58.19491,-32.16991],[-58.19565,-32.16972],[-58.19574,-32.17009],[-58.19574,-32.16954],[-58.1962,-32.16944]]],[[[-58.19667,-32.16824],[-58.19593,-32.16861],[-58.19593,-32.1687],[-58.19639,-32.1687],[-58.19667,-32.16824]]],[[[-58.19509,-32.16898],[-58.19574,-32.16898],[-58.19593,-32.1687],[-58.195,-32.16889],[-58.1937,-32.16954],[-58.19435,-32.16954],[-58.19509,-32.16898]]],[[[-58.18343,-32.16907],[-58.18324,-32.1688],[-58.18241,-32.1688],[-58.18343,-32.16907]]],[[[-58.18352,-32.1687],[-58.18472,-32.16898],[-58.18481,-32.1687],[-58.18352,-32.1687]]],[[[-58.19796,-32.16787],[-58.19824,-32.16787],[-58.19806,-32.16731],[-58.19796,-32.16731],[-58.19796,-32.16787]]],[[[-58.19824,-32.16787],[-58.19824,-32.1688],[-58.19833,-32.1688],[-58.19852,-32.16843],[-58.19824,-32.16787]]],[[[-58.1963,-32.16944],[-58.19778,-32.16926],[-58.19796,-32.16907],[-58.19685,-32.16907],[-58.1963,-32.16944]]],[[[-58.19685,-32.16769],[-58.19574,-32.16759],[-58.19537,-32.16722],[-58.19565,-32.16796],[-58.19657,-32.16815],[-58.19731,-32.16731],[-58.19685,-32.16769]]],[[[-58.19204,-32.16852],[-58.19167,-32.16889],[-58.19167,-32.16972],[-58.19194,-32.17009],[-58.19306,-32.17009],[-58.19315,-32.16981],[-58.19194,-32.16991],[-58.19204,-32.16907],[-58.19269,-32.16898],[-58.19213,-32.16787],[-58.19213,-32.16667],[-58.19185,-32.1663],[-58.19204,-32.16852]]],[[[-58.19046,-32.16657],[-58.19,-32.16593],[-58.19102,-32.16565],[-58.1913,-32.16593],[-58.19093,-32.16704],[-58.1912,-32.16806],[-58.1912,-32.16648],[-58.19148,-32.1663],[-58.1912,-32.16556],[-58.19009,-32.16556],[-58.18991,-32.16574],[-58.18991,-32.1663],[-58.18889,-32.16657],[-58.1888,-32.16685],[-58.19046,-32.16657]]],[[[-58.18704,-32.1675],[-58.18685,-32.16824],[-58.18722,-32.1675],[-58.18796,-32.16741],[-58.1888,-32.16685],[-58.18704,-32.1675]]],[[[-58.1962,-32.16685],[-58.19722,-32.16685],[-58.19741,-32.16648],[-58.19667,-32.16611],[-58.1962,-32.16648],[-58.1962,-32.16685]]],[[[-58.1887,-32.1662],[-58.18759,-32.16676],[-58.18861,-32.16648],[-58.1887,-32.1662]]],[[[-58.18602,-32.15731],[-58.18602,-32.15889],[-58.18611,-32.16306],[-58.18519,-32.16444],[-58.1863,-32.16315],[-58.1863,-32.15713],[-58.18602,-32.15731]]],[[[-58.18852,-32.1488],[-58.18769,-32.1487],[-58.18778,-32.14898],[-58.18852,-32.14898],[-58.18861,-32.14963],[-58.18852,-32.1488]]],[[[-58.18796,-32.14963],[-58.18796,-32.15074],[-58.18806,-32.15074],[-58.18806,-32.14972],[-58.18852,-32.14963],[-58.18796,-32.14963]]],[[[-58.18741,-32.14787],[-58.18713,-32.14667],[-58.18713,-32.14769],[-58.18741,-32.14787]]],[[[-58.18685,-32.14537],[-58.18657,-32.14398],[-58.18667,-32.14537],[-58.18685,-32.14537]]],[[[-58.18602,-32.14269],[-58.18667,-32.14343],[-58.18667,-32.14296],[-58.18602,-32.14204],[-58.18602,-32.14269]]],[[[-58.17648,-32.1088],[-58.17648,-32.11019],[-58.17676,-32.11019],[-58.17676,-32.11157],[-58.17704,-32.11157],[-58.17704,-32.11241],[-58.17731,-32.11241],[-58.17731,-32.11435],[-58.17759,-32.11435],[-58.17759,-32.11546],[-58.17787,-32.11546],[-58.17787,-32.11685],[-58.17815,-32.11685],[-58.17815,-32.11852],[-58.17843,-32.11852],[-58.17843,-32.12019],[-58.17898,-32.12074],[-58.17898,-32.12157],[-58.17926,-32.12157],[-58.17954,-32.12324],[-58.18037,-32.12407],[-58.18037,-32.12491],[-58.18065,-32.12491],[-58.18065,-32.12546],[-58.1812,-32.12602],[-58.1812,-32.12685],[-58.18148,-32.12685],[-58.18148,-32.12741],[-58.18204,-32.12796],[-58.18204,-32.1288],[-58.18259,-32.12935],[-58.18259,-32.13046],[-58.18287,-32.13046],[-58.18287,-32.13102],[-58.18315,-32.13102],[-58.18315,-32.13157],[-58.18343,-32.13157],[-58.18343,-32.13296],[-58.18398,-32.13324],[-58.18398,-32.13519],[-58.18426,-32.13519],[-58.18426,-32.13796],[-58.18454,-32.13796],[-58.18454,-32.13944],[-58.18519,-32.13954],[-58.18463,-32.1388],[-58.18435,-32.13509],[-58.18407,-32.13491],[-58.18435,-32.13426],[-58.18407,-32.13417],[-58.18407,-32.13315],[-58.1838,-32.13306],[-58.18352,-32.13148],[-58.18324,-32.13139],[-58.18324,-32.13083],[-58.18213,-32.12778],[-58.18157,-32.12713],[-58.1813,-32.12583],[-58.18046,-32.12463],[-58.18046,-32.12398],[-58.17991,-32.12352],[-58.17935,-32.12139],[-58.17907,-32.12065],[-58.1788,-32.12056],[-58.17852,-32.11843],[-58.17824,-32.11824],[-58.17824,-32.11667],[-58.17796,-32.11639],[-58.17796,-32.11537],[-58.17769,-32.11528],[-58.17769,-32.11417],[-58.17741,-32.11398],[-58.17741,-32.11222],[-58.17685,-32.11111],[-58.17685,-32.11009],[-58.17657,-32.10991],[-58.17657,-32.1087],[-58.1763,-32.10852],[-58.1763,-32.10694],[-58.17574,-32.10537],[-58.17574,-32.10444],[-58.17519,-32.10352],[-58.17509,-32.1],[-58.17509,-32.10407],[-58.17565,-32.10463],[-58.17565,-32.10602],[-58.17593,-32.10602],[-58.17593,-32.10713],[-58.1762,-32.10713],[-58.1762,-32.1088],[-58.17648,-32.1088]]],[[[-58.15843,-32.34796],[-58.15722,-32.34769],[-58.155,-32.34639],[-58.15407,-32.34657],[-58.15398,-32.3463],[-58.15259,-32.3463],[-58.15426,-32.34676],[-58.15528,-32.34676],[-58.15574,-32.34741],[-58.15657,-32.34731],[-58.15917,-32.3488],[-58.15843,-32.34796]]],[[[-58.15296,-32.34231],[-58.15213,-32.34231],[-58.15222,-32.34259],[-58.15324,-32.34259],[-58.15296,-32.34231]]],[[[-58.14926,-32.34083],[-58.14889,-32.34056],[-58.14796,-32.34037],[-58.14806,-32.34065],[-58.14926,-32.34083]]],[[[-58.1538,-32.21481],[-58.1537,-32.21444],[-58.15343,-32.21426],[-58.15352,-32.21481],[-58.1538,-32.21481]]],[[[-58.15306,-32.21343],[-58.15278,-32.21343],[-58.15287,-32.21407],[-58.15306,-32.21398],[-58.15306,-32.21343]]],[[[-58.15167,-32.21204],[-58.15222,-32.21213],[-58.15269,-32.21111],[-58.1525,-32.21074],[-58.15167,-32.21204]]],[[[-58.15241,-32.21037],[-58.15259,-32.20926],[-58.15231,-32.20907],[-58.15222,-32.21019],[-58.15241,-32.21037]]],[[[-58.15139,-32.20593],[-58.15241,-32.20602],[-58.1525,-32.20565],[-58.15139,-32.20593]]],[[[-58.155,-32.20287],[-58.15472,-32.20333],[-58.15426,-32.20343],[-58.15426,-32.2037],[-58.15565,-32.20343],[-58.15546,-32.20278],[-58.155,-32.20287]]],[[[-58.14935,-32.20019],[-58.14907,-32.20083],[-58.14935,-32.20093],[-58.14935,-32.20019]]],[[[-58.15824,-32.19185],[-58.15824,-32.19241],[-58.15833,-32.19241],[-58.15852,-32.19185],[-58.15824,-32.19185]]],[[[-58.15824,-32.19241],[-58.15741,-32.19324],[-58.15787,-32.19306],[-58.15824,-32.19241]]],[[[-58.15769,-32.17926],[-58.15843,-32.17843],[-58.15731,-32.17926],[-58.15769,-32.17926]]],[[[-58.15731,-32.17935],[-58.15713,-32.17926],[-58.15648,-32.17981],[-58.15676,-32.17981],[-58.15731,-32.17935]]],[[[-58.16574,-32.11037],[-58.16546,-32.11009],[-58.16454,-32.11009],[-58.16454,-32.11037],[-58.16398,-32.11037],[-58.1637,-32.1112],[-58.16343,-32.1112],[-58.16343,-32.11176],[-58.16287,-32.11204],[-58.16287,-32.11259],[-58.16259,-32.11259],[-58.16259,-32.11315],[-58.16231,-32.11315],[-58.16231,-32.1137],[-58.16204,-32.1137],[-58.16204,-32.11454],[-58.16176,-32.11454],[-58.16176,-32.11509],[-58.16148,-32.11509],[-58.16148,-32.11565],[-58.1612,-32.11565],[-58.1612,-32.1162],[-58.16093,-32.1162],[-58.16093,-32.11704],[-58.16065,-32.11704],[-58.16065,-32.11759],[-58.16037,-32.11759],[-58.16037,-32.11815],[-58.15981,-32.11843],[-58.15981,-32.11926],[-58.15954,-32.11926],[-58.15954,-32.11954],[-58.15926,-32.11954],[-58.15898,-32.12065],[-58.1587,-32.12065],[-58.1587,-32.1212],[-58.15843,-32.1212],[-58.15843,-32.12176],[-58.15815,-32.12176],[-58.15815,-32.12287],[-58.15787,-32.12287],[-58.15787,-32.12343],[-58.15759,-32.12343],[-58.15731,-32.12454],[-58.15648,-32.12509],[-58.15648,-32.12565],[-58.15593,-32.1262],[-58.15593,-32.12704],[-58.15565,-32.12704],[-58.15565,-32.12787],[-58.15537,-32.12787],[-58.15537,-32.12954],[-58.15509,-32.12954],[-58.15509,-32.13009],[-58.15481,-32.13009],[-58.15454,-32.1312],[-58.15426,-32.1312],[-58.15426,-32.1325],[-58.15435,-32.13148],[-58.15463,-32.1313],[-58.15519,-32.13019],[-58.15519,-32.12972],[-58.15546,-32.12963],[-58.15556,-32.12815],[-58.15602,-32.12722],[-58.15602,-32.12648],[-58.15657,-32.12574],[-58.15657,-32.12528],[-58.15741,-32.12463],[-58.15796,-32.12352],[-58.15796,-32.12306],[-58.15824,-32.12296],[-58.15852,-32.12139],[-58.1588,-32.1213],[-58.15935,-32.11972],[-58.15991,-32.11935],[-58.15991,-32.1187],[-58.16046,-32.11824],[-58.16046,-32.11778],[-58.16074,-32.11769],[-58.16074,-32.11722],[-58.16102,-32.11713],[-58.1613,-32.11583],[-58.16157,-32.11574],[-58.16157,-32.11528],[-58.16185,-32.11519],[-58.16185,-32.11472],[-58.16213,-32.11463],[-58.16213,-32.11389],[-58.16241,-32.1138],[-58.16241,-32.11333],[-58.16269,-32.11324],[-58.16296,-32.11231],[-58.16352,-32.11185],[-58.1638,-32.11093],[-58.16463,-32.11046],[-58.16472,-32.11019],[-58.16528,-32.11019],[-58.16565,-32.11102],[-58.16593,-32.11111],[-58.16593,-32.11213],[-58.16648,-32.1125],[-58.16648,-32.11296],[-58.16676,-32.11296],[-58.16676,-32.11352],[-58.16704,-32.11361],[-58.16704,-32.11407],[-58.16731,-32.11417],[-58.16731,-32.11519],[-58.16759,-32.11528],[-58.16759,-32.11602],[-58.16815,-32.11648],[-58.16815,-32.11741],[-58.16843,-32.11741],[-58.16843,-32.11824],[-58.1687,-32.11843],[-58.16843,-32.1187],[-58.16843,-32.11907],[-58.1687,-32.11917],[-58.1687,-32.12019],[-58.16898,-32.12028],[-58.16926,-32.12546],[-58.16954,-32.12556],[-58.16954,-32.12611],[-58.16926,-32.1262],[-58.16926,-32.12694],[-58.16898,-32.12704],[-58.16926,-32.12722],[-58.16926,-32.13],[-58.16898,-32.13009],[-58.16898,-32.13046],[-58.16926,-32.13056],[-58.16898,-32.13093],[-58.16898,-32.13157],[-58.16926,-32.13167],[-58.16926,-32.1325],[-58.16898,-32.13259],[-58.16926,-32.13278],[-58.16926,-32.13509],[-58.16898,-32.13519],[-58.16926,-32.13528],[-58.16935,-32.13593],[-58.16935,-32.13148],[-58.16907,-32.13148],[-58.16935,-32.13037],[-58.16907,-32.13019],[-58.16935,-32.13019],[-58.16935,-32.1263],[-58.16963,-32.1263],[-58.16963,-32.12537],[-58.16935,-32.12537],[-58.16935,-32.12176],[-58.16907,-32.12176],[-58.16907,-32.12009],[-58.1688,-32.12009],[-58.1688,-32.11898],[-58.16852,-32.11898],[-58.1688,-32.1188],[-58.1688,-32.11815],[-58.16852,-32.11815],[-58.16852,-32.11731],[-58.16824,-32.11731],[-58.16824,-32.1162],[-58.16769,-32.11593],[-58.16741,-32.11398],[-58.16713,-32.11398],[-58.16713,-32.11343],[-58.16685,-32.11343],[-58.16685,-32.11287],[-58.16657,-32.11287],[-58.16657,-32.11231],[-58.16602,-32.11204],[-58.16602,-32.11102],[-58.1662,-32.11185],[-58.16741,-32.11185],[-58.16769,-32.11157],[-58.16769,-32.11065],[-58.16741,-32.11065],[-58.16769,-32.11046],[-58.16769,-32.10815],[-58.16741,-32.10815],[-58.16769,-32.10704],[-58.16676,-32.10704],[-58.16648,-32.10731],[-58.16648,-32.10787],[-58.1662,-32.10787],[-58.1662,-32.10898],[-58.16593,-32.10898],[-58.16593,-32.11093],[-58.16574,-32.11037]],[[-58.16759,-32.10852],[-58.16731,-32.11009],[-58.16731,-32.11148],[-58.16639,-32.11176],[-58.16602,-32.11074],[-58.16602,-32.10935],[-58.1663,-32.10917],[-58.16657,-32.10759],[-58.16694,-32.10722],[-58.1675,-32.10731],[-58.16731,-32.10833],[-58.16759,-32.10852]]],[[[-58.15019,-32.12935],[-58.15046,-32.12852],[-58.15074,-32.12852],[-58.15074,-32.12796],[-58.15102,-32.12796],[-58.1513,-32.12769],[-58.1513,-32.12713],[-58.15157,-32.12713],[-58.15157,-32.12657],[-58.15185,-32.12657],[-58.15185,-32.12602],[-58.15213,-32.12602],[-58.15241,-32.12463],[-58.15296,-32.12435],[-58.15352,-32.12269],[-58.1538,-32.12269],[-58.1538,-32.12213],[-58.15407,-32.12213],[-58.15407,-32.1213],[-58.15435,-32.1213],[-58.15463,-32.11991],[-58.15491,-32.11991],[-58.15491,-32.11907],[-58.15602,-32.11824],[-58.15602,-32.11741],[-58.15657,-32.11713],[-58.15657,-32.1163],[-58.15685,-32.1163],[-58.15685,-32.11546],[-58.15713,-32.11546],[-58.15713,-32.11463],[-58.15741,-32.11463],[-58.15741,-32.1138],[-58.15769,-32.1138],[-58.15769,-32.11269],[-58.15796,-32.11269],[-58.15796,-32.11157],[-58.15824,-32.11157],[-58.15824,-32.10963],[-58.15852,-32.10963],[-58.15852,-32.10519],[-58.1588,-32.10519],[-58.1588,-32.10407],[-58.15935,-32.1038],[-58.15935,-32.10296],[-58.15963,-32.10296],[-58.15963,-32.10204],[-58.15935,-32.10185],[-58.15963,-32.10185],[-58.15963,-32.10102],[-58.15991,-32.10102],[-58.15991,-32.1],[-58.15926,-32.1012],[-58.15926,-32.10352],[-58.1587,-32.10389],[-58.15843,-32.105],[-58.15815,-32.11139],[-58.15787,-32.11148],[-58.15787,-32.1125],[-58.15759,-32.11259],[-58.15731,-32.11435],[-58.15704,-32.11454],[-58.15704,-32.11528],[-58.15676,-32.11537],[-58.15676,-32.11611],[-58.15648,-32.1162],[-58.15648,-32.11694],[-58.15593,-32.11731],[-58.15593,-32.11806],[-58.15481,-32.11898],[-58.15426,-32.12111],[-58.15398,-32.1212],[-58.15398,-32.12194],[-58.1537,-32.12204],[-58.1537,-32.1225],[-58.15343,-32.12259],[-58.15315,-32.12306],[-58.15287,-32.12407],[-58.15231,-32.12454],[-58.15231,-32.125],[-58.15204,-32.12509],[-58.15204,-32.12583],[-58.15176,-32.12593],[-58.15176,-32.12648],[-58.15148,-32.12648],[-58.15148,-32.12704],[-58.1512,-32.12704],[-58.1512,-32.1275],[-58.15065,-32.12787],[-58.15009,-32.12926],[-58.14981,-32.12926],[-58.14981,-32.12972],[-58.14926,-32.13009],[-58.14926,-32.13056],[-58.14898,-32.13065],[-58.1487,-32.13111],[-58.14907,-32.13111],[-58.14907,-32.13074],[-58.14935,-32.13074],[-58.14935,-32.13019],[-58.14991,-32.12991],[-58.14991,-32.12935],[-58.15019,-32.12935]]],[[[-58.14537,-32.34157],[-58.1462,-32.34231],[-58.14583,-32.34167],[-58.14537,-32.34157]]],[[[-58.14269,-32.33648],[-58.14278,-32.33676],[-58.14352,-32.33704],[-58.14333,-32.33667],[-58.14269,-32.33648]]],[[[-58.14491,-32.33796],[-58.14407,-32.33759],[-58.14417,-32.33787],[-58.14519,-32.33843],[-58.14491,-32.33796]]],[[[-58.14083,-32.33509],[-58.14139,-32.33389],[-58.14083,-32.33389],[-58.14056,-32.33333],[-58.14056,-32.33398],[-58.14111,-32.33398],[-58.14083,-32.33509]]],[[[-58.14185,-32.21037],[-58.14241,-32.20972],[-58.14259,-32.20963],[-58.14222,-32.20963],[-58.14185,-32.21037]]],[[[-58.14704,-32.20361],[-58.14657,-32.20398],[-58.14657,-32.20435],[-58.14685,-32.20407],[-58.14704,-32.20361]]],[[[-58.14648,-32.20444],[-58.14602,-32.20481],[-58.14602,-32.20519],[-58.1463,-32.20491],[-58.14648,-32.20444]]],[[[-58.14463,-32.20741],[-58.14519,-32.20657],[-58.14463,-32.20704],[-58.14463,-32.20741]]],[[[-58.14454,-32.2075],[-58.14407,-32.20787],[-58.14407,-32.20824],[-58.14417,-32.20824],[-58.14454,-32.2075]]],[[[-58.14324,-32.2088],[-58.14407,-32.20824],[-58.1437,-32.20824],[-58.14324,-32.2088]]],[[[-58.14315,-32.15741],[-58.14333,-32.15796],[-58.14315,-32.15815],[-58.14343,-32.15806],[-58.14343,-32.1575],[-58.14315,-32.15741]]],[[[-58.14231,-32.16074],[-58.14231,-32.16009],[-58.14259,-32.16],[-58.14259,-32.15926],[-58.14213,-32.16019],[-58.14231,-32.16074]]],[[[-58.14185,-32.16074],[-58.14194,-32.15833],[-58.14213,-32.15796],[-58.14185,-32.15806],[-58.14185,-32.16074]]],[[[-58.14343,-32.15611],[-58.14315,-32.15704],[-58.14343,-32.15704],[-58.14343,-32.15611]]],[[[-58.13991,-32.33491],[-58.13944,-32.33509],[-58.14,-32.33509],[-58.14,-32.33463],[-58.13824,-32.33454],[-58.13833,-32.33481],[-58.13991,-32.33491]]],[[[-58.13407,-32.33398],[-58.13602,-32.33509],[-58.13602,-32.33546],[-58.13537,-32.33537],[-58.13519,-32.335],[-58.13426,-32.33519],[-58.13407,-32.33491],[-58.13231,-32.33491],[-58.13222,-32.33472],[-58.1312,-32.33472],[-58.13083,-32.33444],[-58.13046,-32.33454],[-58.13093,-32.33481],[-58.13213,-32.33481],[-58.13222,-32.33509],[-58.13407,-32.33509],[-58.13417,-32.33528],[-58.13463,-32.33537],[-58.13519,-32.33528],[-58.13528,-32.33556],[-58.1363,-32.33546],[-58.13611,-32.33481],[-58.13648,-32.33472],[-58.1362,-32.33454],[-58.135,-32.33398],[-58.13407,-32.33398]]],[[[-58.13685,-32.33491],[-58.13741,-32.335],[-58.13731,-32.33426],[-58.13722,-32.33481],[-58.13685,-32.33491]]],[[[-58.14074,-32.33315],[-58.13981,-32.33176],[-58.1388,-32.33139],[-58.13769,-32.33019],[-58.13704,-32.33019],[-58.13546,-32.3287],[-58.13556,-32.32926],[-58.13694,-32.33037],[-58.13769,-32.33037],[-58.13824,-32.3312],[-58.13935,-32.33176],[-58.14028,-32.33287],[-58.14046,-32.33287],[-58.14046,-32.33306],[-58.14056,-32.33315],[-58.14074,-32.33315]]],[[[-58.13361,-32.32759],[-58.13296,-32.32676],[-58.13296,-32.3275],[-58.13361,-32.32759]]],[[[-58.13352,-32.21741],[-58.13435,-32.21611],[-58.13491,-32.21574],[-58.13407,-32.21611],[-58.13352,-32.21694],[-58.13352,-32.21741]]],[[[-58.13213,-32.21935],[-58.13333,-32.21778],[-58.13352,-32.21741],[-58.13241,-32.21843],[-58.13213,-32.21935]]],[[[-58.13963,-32.21269],[-58.14046,-32.21213],[-58.14,-32.21213],[-58.13963,-32.21269]]],[[[-58.13722,-32.21463],[-58.13769,-32.21491],[-58.13796,-32.21417],[-58.13907,-32.21324],[-58.13806,-32.2138],[-58.13769,-32.21463],[-58.13694,-32.21444],[-58.1363,-32.21481],[-58.13722,-32.21463]]],[[[-58.13389,-32.17139],[-58.1338,-32.17204],[-58.13398,-32.17148],[-58.13435,-32.17148],[-58.13454,-32.17111],[-58.13389,-32.17139]]],[[[-58.13852,-32.13806],[-58.13806,-32.13796],[-58.13824,-32.13741],[-58.13815,-32.13713],[-58.13796,-32.13806],[-58.13852,-32.13806]]],[[[-58.13315,-32.13148],[-58.13287,-32.1313],[-58.13315,-32.13241],[-58.13315,-32.13148]]],[[[-58.13602,-32.1263],[-58.13574,-32.12574],[-58.13574,-32.12667],[-58.13602,-32.1263]]],[[[-58.12907,-32.34769],[-58.12954,-32.34769],[-58.12954,-32.34741],[-58.12907,-32.34741],[-58.12907,-32.34769]]],[[[-58.12963,-32.33426],[-58.12917,-32.33398],[-58.12889,-32.33398],[-58.12907,-32.33426],[-58.12963,-32.33426]]],[[[-58.12787,-32.32824],[-58.1288,-32.32833],[-58.12898,-32.32852],[-58.12889,-32.32824],[-58.12843,-32.32824],[-58.12861,-32.32806],[-58.12787,-32.32824]]],[[[-58.12991,-32.3288],[-58.13,-32.32852],[-58.12898,-32.32852],[-58.12991,-32.3288]]],[[[-58.13537,-32.33102],[-58.13324,-32.32907],[-58.13009,-32.3288],[-58.13037,-32.32907],[-58.13324,-32.32935],[-58.13537,-32.33102]]],[[[-58.13194,-32.32694],[-58.13222,-32.32759],[-58.13213,-32.32833],[-58.12917,-32.32815],[-58.12907,-32.32833],[-58.13231,-32.32843],[-58.13231,-32.3275],[-58.13204,-32.32704],[-58.13287,-32.32667],[-58.13194,-32.32694]]],[[[-58.12991,-32.22407],[-58.12963,-32.22407],[-58.12963,-32.22463],[-58.12935,-32.22472],[-58.12935,-32.22546],[-58.12991,-32.22407]]],[[[-58.12852,-32.22657],[-58.12824,-32.22667],[-58.12824,-32.22731],[-58.12833,-32.22731],[-58.12852,-32.22657]]],[[[-58.13176,-32.21972],[-58.13139,-32.22],[-58.1313,-32.22046],[-58.13185,-32.22],[-58.13176,-32.21972]]],[[[-58.13259,-32.1737],[-58.13185,-32.17389],[-58.13185,-32.17324],[-58.13157,-32.17333],[-58.13167,-32.17398],[-58.1325,-32.17398],[-58.13259,-32.1737]]],[[[-58.13185,-32.17315],[-58.13185,-32.17269],[-58.13157,-32.17269],[-58.13157,-32.17315],[-58.13185,-32.17315]]],[[[-58.12963,-32.12139],[-58.12972,-32.12176],[-58.13009,-32.12213],[-58.13,-32.12167],[-58.12963,-32.12139]]],[[[-58.13083,-32.12278],[-58.13009,-32.12213],[-58.13148,-32.12435],[-58.13148,-32.12361],[-58.13093,-32.12324],[-58.13083,-32.12278]]],[[[-58.13231,-32.12685],[-58.1325,-32.12704],[-58.13259,-32.12963],[-58.13259,-32.12694],[-58.13231,-32.12685]]],[[[-58.12713,-32.11398],[-58.12528,-32.11315],[-58.12324,-32.11259],[-58.1237,-32.11306],[-58.12546,-32.11343],[-58.12639,-32.11407],[-58.12713,-32.11398]]],[[[-58.12963,-32.11509],[-58.12852,-32.11454],[-58.12898,-32.11509],[-58.12963,-32.11509]]],[[[-58.13102,-32.11593],[-58.1312,-32.11648],[-58.13157,-32.11648],[-58.13102,-32.11593]]],[[[-58.13241,-32.11731],[-58.13185,-32.11694],[-58.13157,-32.11648],[-58.13185,-32.11722],[-58.13241,-32.11731]]],[[[-58.12204,-32.34583],[-58.12176,-32.34602],[-58.12231,-32.34611],[-58.12259,-32.34657],[-58.12454,-32.34657],[-58.12444,-32.3463],[-58.12278,-32.3463],[-58.12176,-32.34491],[-58.12204,-32.34583]]],[[[-58.12815,-32.3337],[-58.12769,-32.33333],[-58.12713,-32.33315],[-58.1275,-32.33361],[-58.12815,-32.3337]]],[[[-58.12324,-32.32398],[-58.12343,-32.32352],[-58.12333,-32.32324],[-58.12287,-32.32343],[-58.12324,-32.32398]]],[[[-58.12361,-32.31898],[-58.12398,-32.31972],[-58.12315,-32.32019],[-58.12315,-32.32093],[-58.1237,-32.32028],[-58.12472,-32.32037],[-58.12398,-32.32102],[-58.1238,-32.32176],[-58.12352,-32.32157],[-58.12361,-32.32111],[-58.12259,-32.32093],[-58.12222,-32.3212],[-58.12213,-32.32028],[-58.12148,-32.32037],[-58.12102,-32.32102],[-58.12269,-32.32139],[-58.12343,-32.32176],[-58.12343,-32.32213],[-58.12417,-32.32204],[-58.1238,-32.32324],[-58.12407,-32.32343],[-58.12407,-32.32278],[-58.12435,-32.32278],[-58.12509,-32.32343],[-58.12546,-32.32333],[-58.12556,-32.32417],[-58.1263,-32.32454],[-58.1262,-32.32509],[-58.12713,-32.32481],[-58.12759,-32.32556],[-58.12889,-32.32556],[-58.12954,-32.32639],[-58.13065,-32.32667],[-58.13037,-32.32574],[-58.12944,-32.32528],[-58.12917,-32.32444],[-58.12759,-32.32352],[-58.12741,-32.32278],[-58.12546,-32.32056],[-58.12491,-32.31907],[-58.12435,-32.31907],[-58.12435,-32.31861],[-58.12426,-32.31907],[-58.12361,-32.31898]]],[[[-58.12213,-32.23889],[-58.12269,-32.23769],[-58.12213,-32.23806],[-58.12213,-32.23889]]],[[[-58.12741,-32.22935],[-58.12741,-32.22991],[-58.1275,-32.22991],[-58.12769,-32.22935],[-58.12741,-32.22935]]],[[[-58.12713,-32.23093],[-58.12741,-32.22991],[-58.12713,-32.23],[-58.12713,-32.23093]]],[[[-58.12204,-32.20926],[-58.12028,-32.20954],[-58.12194,-32.20954],[-58.12204,-32.20926]]],[[[-58.12481,-32.11741],[-58.12454,-32.1175],[-58.12519,-32.11824],[-58.1262,-32.11824],[-58.12611,-32.11796],[-58.12519,-32.11796],[-58.12481,-32.11741]]],[[[-58.12787,-32.11963],[-58.1262,-32.11824],[-58.12639,-32.11907],[-58.12685,-32.11898],[-58.12787,-32.11963]]],[[[-58.12898,-32.12074],[-58.12787,-32.11963],[-58.12815,-32.12028],[-58.12898,-32.12074]]],[[[-58.11639,-32.34278],[-58.11593,-32.34269],[-58.11583,-32.34213],[-58.11491,-32.34194],[-58.11481,-32.34157],[-58.11435,-32.34204],[-58.115,-32.34241],[-58.11574,-32.34222],[-58.11574,-32.34269],[-58.1163,-32.34278],[-58.11639,-32.34306],[-58.11704,-32.34352],[-58.11639,-32.34278]]],[[[-58.11815,-32.3438],[-58.11806,-32.34352],[-58.11704,-32.34352],[-58.11704,-32.34361],[-58.11815,-32.3438]]],[[[-58.11815,-32.3438],[-58.11926,-32.34407],[-58.11926,-32.34389],[-58.11815,-32.3438]]],[[[-58.11852,-32.32481],[-58.11833,-32.32417],[-58.11824,-32.32417],[-58.11824,-32.32472],[-58.11852,-32.32481]]],[[[-58.11806,-32.31981],[-58.11796,-32.32056],[-58.11824,-32.32065],[-58.11806,-32.31981]]],[[[-58.11722,-32.30519],[-58.11713,-32.30611],[-58.11741,-32.3062],[-58.11722,-32.30519]]],[[[-58.12009,-32.20954],[-58.11926,-32.20972],[-58.11935,-32.20907],[-58.11907,-32.20917],[-58.11917,-32.20981],[-58.12,-32.20981],[-58.12009,-32.20954]]],[[[-58.1137,-32.34056],[-58.11389,-32.33944],[-58.11352,-32.34037],[-58.11426,-32.34157],[-58.11417,-32.34083],[-58.1137,-32.34056]]],[[[-58.11435,-32.32093],[-58.11417,-32.32037],[-58.11407,-32.32037],[-58.11407,-32.32093],[-58.11435,-32.32093]]],[[[-58.11509,-32.31981],[-58.11537,-32.31917],[-58.11509,-32.31907],[-58.11509,-32.31981]]],[[[-58.11352,-32.31194],[-58.11296,-32.31306],[-58.11296,-32.31407],[-58.11333,-32.31278],[-58.11389,-32.31241],[-58.1137,-32.31185],[-58.11435,-32.31148],[-58.11481,-32.31204],[-58.11481,-32.31167],[-58.11454,-32.3113],[-58.11407,-32.3113],[-58.11352,-32.31194]]],[[[-58.1137,-32.30759],[-58.11398,-32.3075],[-58.11389,-32.30657],[-58.1137,-32.30657],[-58.1137,-32.30759]]],[[[-58.11602,-32.30139],[-58.1163,-32.30148],[-58.11611,-32.30083],[-58.11602,-32.30083],[-58.11602,-32.30139]]],[[[-58.11491,-32.29602],[-58.11463,-32.29602],[-58.11481,-32.29731],[-58.115,-32.29676],[-58.11472,-32.29611],[-58.11491,-32.29602]]],[[[-58.11491,-32.29593],[-58.11472,-32.29509],[-58.11463,-32.29509],[-58.11463,-32.29593],[-58.11491,-32.29593]]],[[[-58.11528,-32.24333],[-58.11435,-32.24324],[-58.11435,-32.24352],[-58.11519,-32.24333],[-58.11537,-32.24417],[-58.11528,-32.24333]]],[[[-58.11676,-32.20009],[-58.11583,-32.2012],[-58.11481,-32.20259],[-58.11509,-32.20259],[-58.11676,-32.20009]]],[[[-58.11398,-32.15407],[-58.11398,-32.15454],[-58.11426,-32.15454],[-58.11426,-32.15407],[-58.11398,-32.15407]]],[[[-58.11417,-32.11269],[-58.11343,-32.11269],[-58.11343,-32.11278],[-58.11426,-32.11296],[-58.11417,-32.11269]]],[[[-58.11324,-32.10898],[-58.11333,-32.10926],[-58.11398,-32.10926],[-58.11398,-32.10917],[-58.11324,-32.10898]]],[[[-58.1088,-32.33731],[-58.10833,-32.33722],[-58.10833,-32.3375],[-58.1088,-32.33769],[-58.1088,-32.33731]]],[[[-58.11315,-32.3388],[-58.1112,-32.33787],[-58.11074,-32.33694],[-58.10972,-32.33648],[-58.10972,-32.33565],[-58.10926,-32.33546],[-58.10954,-32.33528],[-58.10954,-32.33444],[-58.10926,-32.33435],[-58.10926,-32.33361],[-58.10898,-32.33352],[-58.10944,-32.335],[-58.10843,-32.33519],[-58.10944,-32.33583],[-58.10917,-32.33657],[-58.11019,-32.33685],[-58.11074,-32.33731],[-58.11065,-32.33769],[-58.11176,-32.33843],[-58.11315,-32.3388]]],[[[-58.10787,-32.33639],[-58.10852,-32.33667],[-58.1088,-32.3363],[-58.10852,-32.33565],[-58.10824,-32.33611],[-58.10787,-32.33611],[-58.10787,-32.33639]]],[[[-58.11037,-32.30398],[-58.11046,-32.3037],[-58.11019,-32.30324],[-58.11019,-32.3038],[-58.11037,-32.30398]]],[[[-58.10796,-32.29713],[-58.10796,-32.29787],[-58.10806,-32.29806],[-58.10815,-32.29806],[-58.10815,-32.29815],[-58.10824,-32.29815],[-58.10796,-32.29713]]],[[[-58.10824,-32.27546],[-58.1088,-32.27583],[-58.10824,-32.27481],[-58.10824,-32.27546]]],[[[-58.11065,-32.23139],[-58.1113,-32.23148],[-58.11176,-32.23093],[-58.1112,-32.2313],[-58.11065,-32.23139]]],[[[-58.10981,-32.21565],[-58.10926,-32.2163],[-58.10926,-32.21648],[-58.10981,-32.21602],[-58.10981,-32.21565]]],[[[-58.11037,-32.21519],[-58.11037,-32.21454],[-58.11028,-32.21454],[-58.11009,-32.21537],[-58.11037,-32.21519]]],[[[-58.11259,-32.21037],[-58.11259,-32.20972],[-58.1125,-32.20972],[-58.11231,-32.21037],[-58.11259,-32.21037]]],[[[-58.11065,-32.11167],[-58.1113,-32.11167],[-58.11148,-32.11204],[-58.11204,-32.11213],[-58.11139,-32.11157],[-58.11065,-32.11167]]],[[[-58.11315,-32.10889],[-58.11269,-32.10852],[-58.11231,-32.10861],[-58.11278,-32.10898],[-58.11315,-32.10889]]],[[[-58.10935,-32.10815],[-58.10907,-32.10796],[-58.10852,-32.10787],[-58.10861,-32.10815],[-58.10935,-32.10815]]],[[[-58.10556,-32.34083],[-58.10528,-32.34074],[-58.10491,-32.34102],[-58.10556,-32.3413],[-58.10556,-32.34083]]],[[[-58.1062,-32.33741],[-58.10583,-32.33741],[-58.10565,-32.33778],[-58.10611,-32.33778],[-58.1062,-32.33741]]],[[[-58.10315,-32.33759],[-58.10343,-32.33731],[-58.10343,-32.33648],[-58.10278,-32.33676],[-58.10324,-32.33685],[-58.10296,-32.33741],[-58.10157,-32.33769],[-58.10204,-32.33796],[-58.10231,-32.33759],[-58.10315,-32.33759]]],[[[-58.1012,-32.33713],[-58.10157,-32.33722],[-58.10148,-32.33657],[-58.1012,-32.33657],[-58.1012,-32.33713]]],[[[-58.10093,-32.33583],[-58.10046,-32.33537],[-58.10056,-32.33602],[-58.10093,-32.33583]]],[[[-58.10435,-32.33685],[-58.10546,-32.33574],[-58.10454,-32.3363],[-58.10435,-32.33685]]],[[[-58.10352,-32.3375],[-58.10417,-32.3375],[-58.10435,-32.33685],[-58.10407,-32.33694],[-58.10407,-32.33741],[-58.10352,-32.3375]]],[[[-58.10602,-32.32815],[-58.10556,-32.32806],[-58.10537,-32.32833],[-58.10602,-32.32852],[-58.10602,-32.32815]]],[[[-58.10676,-32.31917],[-58.10546,-32.31824],[-58.105,-32.31824],[-58.10444,-32.31769],[-58.10454,-32.31731],[-58.10398,-32.31778],[-58.10398,-32.31815],[-58.10444,-32.31806],[-58.10583,-32.31861],[-58.10611,-32.31935],[-58.10657,-32.31917],[-58.10667,-32.31926],[-58.10648,-32.31954],[-58.10657,-32.31981],[-58.10676,-32.31917]]],[[[-58.10509,-32.33509],[-58.1062,-32.33398],[-58.1062,-32.33278],[-58.10537,-32.3325],[-58.10537,-32.33157],[-58.10519,-32.33148],[-58.10593,-32.33102],[-58.10639,-32.32954],[-58.10676,-32.32944],[-58.10676,-32.32889],[-58.10722,-32.32981],[-58.10787,-32.32963],[-58.10759,-32.32704],[-58.10704,-32.32639],[-58.10731,-32.32315],[-58.10704,-32.32296],[-58.10704,-32.32204],[-58.10676,-32.32185],[-58.10648,-32.31981],[-58.10639,-32.32102],[-58.10704,-32.32315],[-58.10676,-32.32583],[-58.10685,-32.32648],[-58.10731,-32.32694],[-58.10759,-32.32815],[-58.10741,-32.32852],[-58.10778,-32.32935],[-58.10722,-32.32963],[-58.10694,-32.32917],[-58.10722,-32.32843],[-58.10694,-32.32843],[-58.10657,-32.3288],[-58.10657,-32.32935],[-58.10583,-32.32981],[-58.10602,-32.33019],[-58.10574,-32.33093],[-58.105,-32.33148],[-58.10537,-32.33287],[-58.10611,-32.33296],[-58.10611,-32.3338],[-58.10509,-32.33509]]],[[[-58.10426,-32.31602],[-58.10435,-32.31657],[-58.10454,-32.31685],[-58.10454,-32.31611],[-58.10426,-32.31602]]],[[[-58.10343,-32.31269],[-58.10241,-32.31157],[-58.10213,-32.31157],[-58.10343,-32.31269]]],[[[-58.09574,-32.30546],[-58.0962,-32.30657],[-58.09611,-32.30556],[-58.09574,-32.30546]]],[[[-58.09759,-32.3075],[-58.09676,-32.30657],[-58.0962,-32.30657],[-58.09713,-32.30704],[-58.0975,-32.30778],[-58.0975,-32.30852],[-58.09759,-32.30852],[-58.09759,-32.3075]]],[[[-58.09787,-32.30889],[-58.09759,-32.30852],[-58.09769,-32.30898],[-58.09861,-32.30917],[-58.0987,-32.30963],[-58.0987,-32.30907],[-58.09787,-32.30889]]],[[[-58.10741,-32.29204],[-58.10713,-32.29046],[-58.10713,-32.29148],[-58.10741,-32.29204]]],[[[-58.10713,-32.28898],[-58.10713,-32.28824],[-58.10685,-32.28833],[-58.10685,-32.28889],[-58.10713,-32.28898]]],[[[-58.10685,-32.28565],[-58.10667,-32.28407],[-58.10657,-32.28407],[-58.10657,-32.28565],[-58.10685,-32.28565]]],[[[-58.1063,-32.28259],[-58.10657,-32.28259],[-58.10639,-32.28185],[-58.1063,-32.28185],[-58.1063,-32.28259]]],[[[-58.10648,-32.26861],[-58.10657,-32.26815],[-58.1063,-32.26769],[-58.1063,-32.26852],[-58.10648,-32.26861]]],[[[-58.1063,-32.26537],[-58.10602,-32.26519],[-58.10574,-32.26472],[-58.10602,-32.26583],[-58.1063,-32.26537]]],[[[-58.09796,-32.24065],[-58.09787,-32.24093],[-58.09787,-32.24167],[-58.09815,-32.24102],[-58.09796,-32.24065]]],[[[-58.09898,-32.23741],[-58.09843,-32.2375],[-58.09843,-32.23796],[-58.09898,-32.23741]]],[[[-58.10046,-32.23417],[-58.1,-32.23407],[-58.09991,-32.23435],[-58.10028,-32.23426],[-58.10056,-32.23463],[-58.09954,-32.23509],[-58.10065,-32.23481],[-58.10046,-32.23417]]],[[[-58.09917,-32.23435],[-58.09907,-32.23463],[-58.09972,-32.23444],[-58.09972,-32.23435],[-58.09917,-32.23435]]],[[[-58.10259,-32.22426],[-58.10185,-32.22509],[-58.10222,-32.22583],[-58.10204,-32.22639],[-58.10111,-32.22722],[-58.10111,-32.22769],[-58.10056,-32.2275],[-58.10028,-32.22787],[-58.10102,-32.22898],[-58.10065,-32.22917],[-58.10065,-32.23009],[-58.10111,-32.22926],[-58.10083,-32.22787],[-58.1012,-32.22787],[-58.1012,-32.22731],[-58.10204,-32.22731],[-58.10259,-32.22481],[-58.10287,-32.22444],[-58.10407,-32.22426],[-58.10426,-32.22398],[-58.10259,-32.22426]]],[[[-58.10102,-32.22528],[-58.10102,-32.22583],[-58.10028,-32.22583],[-58.10009,-32.22639],[-58.10046,-32.2262],[-58.10046,-32.22667],[-58.09981,-32.22685],[-58.10046,-32.22704],[-58.10157,-32.22602],[-58.1013,-32.22583],[-58.10176,-32.22519],[-58.10148,-32.22481],[-58.10037,-32.22509],[-58.10037,-32.22537],[-58.10102,-32.22528]]],[[[-58.10648,-32.21926],[-58.10731,-32.21843],[-58.10676,-32.2187],[-58.10648,-32.21926]]],[[[-58.09741,-32.12093],[-58.09713,-32.11981],[-58.09713,-32.12083],[-58.09741,-32.12093]]],[[[-58.1038,-32.10769],[-58.10481,-32.10852],[-58.10417,-32.1088],[-58.10574,-32.10935],[-58.10583,-32.10963],[-58.10685,-32.10954],[-58.10667,-32.10991],[-58.10926,-32.1113],[-58.10972,-32.1112],[-58.10815,-32.11056],[-58.10778,-32.11],[-58.10713,-32.10991],[-58.10685,-32.10935],[-58.10648,-32.10935],[-58.10528,-32.10833],[-58.10481,-32.10833],[-58.10472,-32.10796],[-58.1038,-32.10769]]],[[[-58.10185,-32.10685],[-58.10213,-32.10722],[-58.1025,-32.10722],[-58.10222,-32.10685],[-58.10185,-32.10685]]],[[[-58.10176,-32.10769],[-58.10343,-32.10843],[-58.10389,-32.10824],[-58.10296,-32.10769],[-58.10231,-32.10787],[-58.10204,-32.10722],[-58.10176,-32.10769]]],[[[-58.10361,-32.10769],[-58.10361,-32.10741],[-58.10287,-32.10741],[-58.10361,-32.10769]]],[[[-58.10028,-32.10713],[-58.09981,-32.10722],[-58.09972,-32.10694],[-58.0987,-32.10676],[-58.10074,-32.10778],[-58.10148,-32.10759],[-58.10111,-32.10722],[-58.10139,-32.10657],[-58.10056,-32.10657],[-58.10037,-32.1063],[-58.09954,-32.1063],[-58.10037,-32.10648],[-58.10028,-32.10713]]],[[[-58.10278,-32.10481],[-58.10157,-32.10454],[-58.10176,-32.10481],[-58.10278,-32.10481]]],[[[-58.09565,-32.30296],[-58.09509,-32.30213],[-58.09481,-32.30213],[-58.09509,-32.30269],[-58.09565,-32.30296]]],[[[-58.09565,-32.30296],[-58.09593,-32.3037],[-58.09593,-32.30296],[-58.09565,-32.30296]]],[[[-58.09574,-32.3037],[-58.09537,-32.3037],[-58.09509,-32.30426],[-58.09528,-32.30426],[-58.09574,-32.3037]]],[[[-58.09472,-32.30519],[-58.09519,-32.305],[-58.09565,-32.30546],[-58.09565,-32.30509],[-58.095,-32.30463],[-58.09509,-32.30426],[-58.09472,-32.30454],[-58.09472,-32.30519]]],[[[-58.09259,-32.2988],[-58.09287,-32.29963],[-58.09315,-32.29991],[-58.09287,-32.29889],[-58.09259,-32.2988]]],[[[-58.09148,-32.29324],[-58.09176,-32.2962],[-58.09167,-32.29324],[-58.09148,-32.29324]]],[[[-58.09093,-32.29213],[-58.09148,-32.29296],[-58.09148,-32.2925],[-58.09093,-32.29213]]],[[[-58.09093,-32.29194],[-58.0912,-32.29111],[-58.09093,-32.29102],[-58.09093,-32.29194]]],[[[-58.09065,-32.28898],[-58.09028,-32.28833],[-58.09056,-32.29],[-58.09065,-32.29],[-58.09065,-32.28898]]],[[[-58.09333,-32.28074],[-58.09454,-32.27861],[-58.09454,-32.27731],[-58.09537,-32.27602],[-58.09565,-32.27444],[-58.09463,-32.27713],[-58.09435,-32.27759],[-58.09398,-32.27759],[-58.09435,-32.27861],[-58.0938,-32.2787],[-58.09398,-32.27907],[-58.09324,-32.28019],[-58.09333,-32.28074]]],[[[-58.09343,-32.28074],[-58.09361,-32.2813],[-58.09343,-32.28148],[-58.0937,-32.28139],[-58.0937,-32.28083],[-58.09343,-32.28074]]],[[[-58.09343,-32.28148],[-58.09324,-32.28352],[-58.09259,-32.28352],[-58.09222,-32.28398],[-58.09222,-32.28444],[-58.09167,-32.28481],[-58.09157,-32.28546],[-58.09093,-32.28537],[-58.0913,-32.28602],[-58.09009,-32.2875],[-58.09028,-32.28806],[-58.09037,-32.28731],[-58.0912,-32.28657],[-58.09139,-32.28565],[-58.09176,-32.28546],[-58.09176,-32.285],[-58.09231,-32.28463],[-58.09231,-32.28417],[-58.09343,-32.28361],[-58.09343,-32.28148]]],[[[-58.09648,-32.26593],[-58.09676,-32.26574],[-58.09685,-32.26398],[-58.09593,-32.26352],[-58.09593,-32.26241],[-58.09583,-32.26222],[-58.09537,-32.26213],[-58.09583,-32.26269],[-58.09565,-32.26352],[-58.09676,-32.26426],[-58.0962,-32.26676],[-58.09667,-32.26778],[-58.09648,-32.26593]]],[[[-58.09648,-32.27139],[-58.09667,-32.26917],[-58.0962,-32.26889],[-58.09648,-32.26843],[-58.09639,-32.26778],[-58.09602,-32.26907],[-58.09648,-32.26935],[-58.09593,-32.27009],[-58.09639,-32.27111],[-58.09611,-32.27148],[-58.09593,-32.27259],[-58.09648,-32.27139]]],[[[-58.09565,-32.27398],[-58.09593,-32.2738],[-58.09593,-32.27259],[-58.09565,-32.27398]]],[[[-58.09537,-32.25963],[-58.09537,-32.26194],[-58.09556,-32.25963],[-58.09537,-32.25963]]],[[[-58.0937,-32.2537],[-58.09426,-32.25241],[-58.09389,-32.25278],[-58.09352,-32.25398],[-58.09361,-32.25435],[-58.09324,-32.25481],[-58.09361,-32.25528],[-58.09361,-32.25713],[-58.09398,-32.2575],[-58.0937,-32.25657],[-58.0937,-32.2537]]],[[[-58.09426,-32.25833],[-58.09537,-32.25944],[-58.09528,-32.25889],[-58.09426,-32.25833]]],[[[-58.0962,-32.24944],[-58.09676,-32.24704],[-58.0963,-32.2475],[-58.09639,-32.24833],[-58.09611,-32.24843],[-58.09593,-32.24954],[-58.0962,-32.24944]]],[[[-58.09454,-32.25009],[-58.09426,-32.25231],[-58.09454,-32.25231],[-58.09481,-32.25157],[-58.09481,-32.25065],[-58.09528,-32.25065],[-58.09537,-32.25009],[-58.09454,-32.25009]]],[[[-58.09537,-32.23731],[-58.09565,-32.23787],[-58.09565,-32.23676],[-58.09537,-32.23731]]],[[[-58.0937,-32.2312],[-58.09491,-32.23093],[-58.095,-32.2312],[-58.09639,-32.23148],[-58.09593,-32.23102],[-58.09509,-32.23102],[-58.09463,-32.23065],[-58.0937,-32.2312]]],[[[-58.08741,-32.12907],[-58.08759,-32.12889],[-58.09,-32.1288],[-58.0875,-32.1288],[-58.08741,-32.12907]]],[[[-58.09269,-32.12796],[-58.09324,-32.12769],[-58.09333,-32.12741],[-58.09278,-32.12769],[-58.09269,-32.12796]]],[[[-58.09148,-32.1262],[-58.09148,-32.12593],[-58.09093,-32.12611],[-58.09093,-32.1262],[-58.09148,-32.1262]]],[[[-58.0913,-32.11852],[-58.09213,-32.1188],[-58.09213,-32.11833],[-58.09093,-32.11741],[-58.09083,-32.11787],[-58.09139,-32.11796],[-58.0913,-32.11852]]],[[[-58.09241,-32.11454],[-58.09222,-32.11389],[-58.09213,-32.11389],[-58.09213,-32.11454],[-58.09241,-32.11454]]],[[[-58.08926,-32.11352],[-58.08981,-32.1137],[-58.08954,-32.1125],[-58.08926,-32.11241],[-58.08926,-32.11352]]],[[[-58.09241,-32.10926],[-58.09213,-32.10917],[-58.09213,-32.11009],[-58.09241,-32.10926]]],[[[-58.09037,-32.10574],[-58.08898,-32.10815],[-58.08917,-32.11157],[-58.08917,-32.1087],[-58.08944,-32.10861],[-58.08935,-32.10787],[-58.08972,-32.10778],[-58.09037,-32.10574]]],[[[-58.0912,-32.10481],[-58.09231,-32.1037],[-58.09157,-32.10426],[-58.0912,-32.10481]]],[[[-58.09528,-32.10315],[-58.09546,-32.10278],[-58.09444,-32.10315],[-58.09528,-32.10315]]],[[[-58.09407,-32.10343],[-58.09407,-32.10315],[-58.09296,-32.10343],[-58.09407,-32.10343]]],[[[-58.05944,-32.2475],[-58.06111,-32.24833],[-58.06111,-32.2488],[-58.06148,-32.24852],[-58.06269,-32.24852],[-58.06269,-32.24824],[-58.06352,-32.24824],[-58.0638,-32.24796],[-58.06167,-32.24843],[-58.06157,-32.24815],[-58.06102,-32.24815],[-58.06102,-32.24787],[-58.06046,-32.24787],[-58.06019,-32.24731],[-58.05944,-32.2475]]],[[[-58.0837,-32.23065],[-58.08454,-32.23074],[-58.08481,-32.23213],[-58.0862,-32.23417],[-58.08741,-32.23417],[-58.08843,-32.23324],[-58.08917,-32.23333],[-58.08917,-32.23657],[-58.08981,-32.23907],[-58.08926,-32.24046],[-58.08843,-32.2412],[-58.08694,-32.24343],[-58.0863,-32.2437],[-58.085,-32.24343],[-58.08435,-32.24278],[-58.08407,-32.24176],[-58.08296,-32.24056],[-58.08296,-32.23981],[-58.08157,-32.23889],[-58.07833,-32.2387],[-58.07815,-32.23898],[-58.07676,-32.23898],[-58.07657,-32.23926],[-58.07509,-32.23926],[-58.07491,-32.23954],[-58.07435,-32.23926],[-58.0737,-32.23954],[-58.07176,-32.23954],[-58.06981,-32.24148],[-58.06981,-32.24194],[-58.06898,-32.24259],[-58.06898,-32.24306],[-58.06815,-32.24343],[-58.06648,-32.24509],[-58.06648,-32.24537],[-58.06593,-32.24537],[-58.06398,-32.24731],[-58.06398,-32.24769],[-58.06407,-32.24741],[-58.06463,-32.24741],[-58.06657,-32.24546],[-58.06657,-32.24519],[-58.06769,-32.24463],[-58.06769,-32.24435],[-58.06935,-32.24315],[-58.07111,-32.24046],[-58.07296,-32.23963],[-58.07694,-32.23963],[-58.07722,-32.23935],[-58.0788,-32.23944],[-58.07898,-32.23917],[-58.07926,-32.23926],[-58.07907,-32.23963],[-58.08111,-32.23935],[-58.08204,-32.23972],[-58.08278,-32.24065],[-58.08315,-32.2412],[-58.08315,-32.24222],[-58.08361,-32.24231],[-58.08407,-32.2438],[-58.08463,-32.24407],[-58.08731,-32.24389],[-58.08796,-32.24278],[-58.08852,-32.2425],[-58.08861,-32.24194],[-58.08981,-32.24074],[-58.09074,-32.24056],[-58.09093,-32.24019],[-58.09046,-32.23972],[-58.09046,-32.23815],[-58.09019,-32.23806],[-58.09028,-32.23565],[-58.09056,-32.23546],[-58.09046,-32.23454],[-58.09083,-32.23435],[-58.09083,-32.23306],[-58.09176,-32.23259],[-58.09296,-32.23287],[-58.09361,-32.23241],[-58.09333,-32.23222],[-58.09343,-32.2312],[-58.09222,-32.23176],[-58.09139,-32.23176],[-58.09083,-32.23231],[-58.08833,-32.23231],[-58.08824,-32.23306],[-58.08676,-32.23389],[-58.08556,-32.23259],[-58.08528,-32.23185],[-58.08546,-32.23],[-58.08398,-32.22981],[-58.08407,-32.23019],[-58.0837,-32.23019],[-58.0837,-32.23065]]],[[[-58.08731,-32.2375],[-58.08833,-32.23685],[-58.08824,-32.23611],[-58.08796,-32.23676],[-58.08741,-32.23657],[-58.08731,-32.2375]]],[[[-58.08778,-32.23278],[-58.08778,-32.2325],[-58.08731,-32.23231],[-58.08741,-32.23269],[-58.08778,-32.23278]]],[[[-58.08176,-32.22917],[-58.08213,-32.22935],[-58.0825,-32.22843],[-58.08231,-32.22843],[-58.08176,-32.22917]]],[[[-58.08667,-32.2288],[-58.08593,-32.22861],[-58.08593,-32.22898],[-58.08667,-32.2288]]],[[[-58.08454,-32.22741],[-58.08361,-32.22861],[-58.08315,-32.22861],[-58.08306,-32.22907],[-58.0837,-32.22907],[-58.08519,-32.22741],[-58.08528,-32.22694],[-58.08454,-32.22676],[-58.08454,-32.22741]]],[[[-58.08676,-32.1288],[-58.08611,-32.1288],[-58.08611,-32.12889],[-58.08694,-32.12907],[-58.08676,-32.1288]]],[[[-58.08463,-32.1288],[-58.08472,-32.12852],[-58.08361,-32.12852],[-58.08463,-32.1288]]],[[[-58.08546,-32.12648],[-58.08296,-32.12593],[-58.08315,-32.1262],[-58.08546,-32.12648]]],[[[-58.08954,-32.12648],[-58.08704,-32.12667],[-58.0862,-32.12639],[-58.08546,-32.12667],[-58.08944,-32.12676],[-58.08954,-32.12648]]],[[[-58.0813,-32.12509],[-58.08231,-32.12565],[-58.08185,-32.12509],[-58.0813,-32.12509]]],[[[-58.07306,-32.1237],[-58.07139,-32.12407],[-58.07287,-32.12491],[-58.07426,-32.12491],[-58.07435,-32.12426],[-58.07398,-32.12398],[-58.07306,-32.1237]]],[[[-58.07481,-32.1238],[-58.07222,-32.12102],[-58.07176,-32.12074],[-58.07324,-32.12269],[-58.0738,-32.12278],[-58.07407,-32.12333],[-58.07481,-32.1238]]],[[[-58.07694,-32.12574],[-58.07611,-32.12463],[-58.07556,-32.12463],[-58.07509,-32.12417],[-58.07528,-32.12491],[-58.07602,-32.12481],[-58.07667,-32.12574],[-58.07713,-32.12593],[-58.07704,-32.12657],[-58.07843,-32.12657],[-58.07694,-32.12574]]],[[[-58.07843,-32.12657],[-58.07926,-32.12731],[-58.07981,-32.12741],[-58.07889,-32.12657],[-58.07843,-32.12657]]],[[[-58.07667,-32.12157],[-58.07602,-32.1212],[-58.07685,-32.12204],[-58.07667,-32.12157]]],[[[-58.06935,-32.12046],[-58.06898,-32.12074],[-58.06981,-32.12083],[-58.06935,-32.12046]]],[[[-58.06981,-32.1213],[-58.07083,-32.12194],[-58.07093,-32.12167],[-58.07046,-32.12139],[-58.07037,-32.12093],[-58.06981,-32.12083],[-58.06981,-32.1213]]],[[[-58.06574,-32.11833],[-58.0663,-32.11843],[-58.06667,-32.11778],[-58.0662,-32.11778],[-58.06574,-32.11833]]],[[[-58.0662,-32.11639],[-58.06537,-32.11602],[-58.06639,-32.11694],[-58.06685,-32.11694],[-58.06704,-32.11741],[-58.06704,-32.11694],[-58.06648,-32.11685],[-58.0662,-32.11639]]],[[[-58.06074,-32.10907],[-58.05991,-32.10898],[-58.06009,-32.10926],[-58.06074,-32.10926],[-58.06083,-32.10972],[-58.0613,-32.10981],[-58.06074,-32.10907]]],[[[-58.06324,-32.11093],[-58.06167,-32.11009],[-58.06278,-32.11093],[-58.06324,-32.11093]]],[[[-58.06519,-32.11204],[-58.06361,-32.1112],[-58.06472,-32.11204],[-58.06519,-32.11204]]],[[[-58.06731,-32.11333],[-58.06574,-32.11213],[-58.06519,-32.11204],[-58.06722,-32.11343],[-58.06806,-32.11343],[-58.06731,-32.11333]]],[[[-58.06935,-32.11454],[-58.0688,-32.1137],[-58.06806,-32.11343],[-58.06935,-32.11454]]],[[[-58.0563,-32.10963],[-58.05704,-32.11046],[-58.05731,-32.11046],[-58.0563,-32.10963]]],[[[-58.05213,-32.10546],[-58.05315,-32.10639],[-58.05361,-32.10741],[-58.05426,-32.10769],[-58.05259,-32.10556],[-58.05213,-32.10546]]],[[[-58.05157,-32.10176],[-58.0512,-32.1],[-58.05102,-32.1],[-58.05111,-32.10139],[-58.05157,-32.10176]]],[[[-58.05157,-32.10222],[-58.05287,-32.10343],[-58.0538,-32.1037],[-58.05278,-32.10315],[-58.05157,-32.10176],[-58.05157,-32.10222]]]]}}]}