{"type":"FeatureCollection","features":[{"type":"Feature","properties":{"clase":1,"profundidad":"hasta 0,5 m"},"geometry":{"type":"MultiPolygon","coordinates":[[[[-58.20426,-32.17944],[-58.20417,-32.1787],[-58.2038,-32.17833],[-58.20315,-32.17852],[-58.20241,-32.17796],[-58.20176,-32.17843],[-58.20194,-32.1788],[-58.20167,-32.1788],[-58.20167,-32.17852],[-58.20111,-32.17833],[-58.20083,-32.17685],[-58.20083,-32.1788],[-58.2012,-32.17907],[-58.20241,-32.17889],[-58.20204,-32.17852],[-58.20241,-32.17815],[-58.20315,-32.1788],[-58.20407,-32.17889],[-58.20398,-32.17954],[-58.20444,-32.17972],[-58.20444,-32.18046],[-58.20491,-32.18056],[-58.20509,-32.17981],[-58.20556,-32.17981],[-58.20537,-32.18019],[-58.20574,-32.18019],[-58.20593,-32.18065],[-58.20639,-32.18019],[-58.20593,-32.17991],[-58.20602,-32.17954],[-58.20537,-32.17935],[-58.20556,-32.17926],[-58.20556,-32.17843],[-58.20509,-32.17815],[-58.20546,-32.1787],[-58.20546,-32.17907],[-58.205,-32.17898],[-58.20519,-32.17954],[-58.20481,-32.17972],[-58.20463,-32.17935],[-58.20426,-32.17944]]],[[[-58.20009,-32.1763],[-58.19981,-32.17574],[-58.19963,-32.17565],[-58.19963,-32.17602],[-58.20009,-32.1763]]],[[[-58.19907,-32.17435],[-58.19898,-32.17463],[-58.19963,-32.17519],[-58.19963,-32.175],[-58.19907,-32.17435]]],[[[-58.19417,-32.17444],[-58.19398,-32.17491],[-58.19463,-32.17491],[-58.19463,-32.17454],[-58.19426,-32.17472],[-58.19417,-32.17444]]],[[[-58.20648,-32.17352],[-58.20454,-32.17315],[-58.20481,-32.17352],[-58.20648,-32.17352]]],[[[-58.20843,-32.17463],[-58.20796,-32.1737],[-58.20648,-32.17352],[-58.20787,-32.17389],[-58.20815,-32.17463],[-58.20898,-32.175],[-58.20917,-32.1738],[-58.20889,-32.17454],[-58.20843,-32.17463]]],[[[-58.19565,-32.1737],[-58.19509,-32.1737],[-58.19509,-32.17407],[-58.19565,-32.1737]]],[[[-58.19852,-32.17343],[-58.19648,-32.17333],[-58.19824,-32.17352],[-58.19889,-32.17407],[-58.19852,-32.17343]]],[[[-58.21389,-32.17213],[-58.21167,-32.17241],[-58.21167,-32.17259],[-58.21389,-32.17213]]],[[[-58.21463,-32.17278],[-58.21389,-32.17222],[-58.21435,-32.17259],[-58.21444,-32.17324],[-58.21537,-32.1738],[-58.21463,-32.17278]]],[[[-58.2162,-32.17417],[-58.2162,-32.17361],[-58.21574,-32.17361],[-58.21537,-32.17389],[-58.21611,-32.1737],[-58.21611,-32.17463],[-58.21694,-32.17491],[-58.21676,-32.17435],[-58.21648,-32.17463],[-58.2162,-32.17417]]],[[[-58.21926,-32.16824],[-58.21907,-32.1688],[-58.21935,-32.16907],[-58.21898,-32.16935],[-58.21898,-32.16963],[-58.21954,-32.16935],[-58.21944,-32.16843],[-58.22028,-32.16843],[-58.22065,-32.16787],[-58.22287,-32.16954],[-58.22435,-32.16843],[-58.22519,-32.16843],[-58.22537,-32.16917],[-58.22583,-32.1688],[-58.22528,-32.16833],[-58.22417,-32.16824],[-58.2238,-32.1688],[-58.22287,-32.16907],[-58.22102,-32.16759],[-58.22037,-32.16759],[-58.21926,-32.16824]]],[[[-58.21157,-32.16648],[-58.2112,-32.16648],[-58.21102,-32.16685],[-58.21157,-32.16694],[-58.21157,-32.16648]]],[[[-58.23278,-32.1637],[-58.23287,-32.16435],[-58.2325,-32.16444],[-58.23259,-32.165],[-58.23222,-32.16528],[-58.23296,-32.16528],[-58.23398,-32.16657],[-58.23435,-32.16667],[-58.23389,-32.16741],[-58.23315,-32.16722],[-58.23222,-32.16796],[-58.23148,-32.16806],[-58.2313,-32.16769],[-58.22981,-32.16722],[-58.22935,-32.16796],[-58.2288,-32.16759],[-58.22796,-32.16769],[-58.22796,-32.16833],[-58.22778,-32.16806],[-58.22722,-32.16852],[-58.22676,-32.16833],[-58.22602,-32.1688],[-58.2262,-32.16926],[-58.22787,-32.1687],[-58.22824,-32.16889],[-58.22991,-32.16778],[-58.23074,-32.16787],[-58.2312,-32.16833],[-58.23241,-32.16833],[-58.23269,-32.16796],[-58.23407,-32.16769],[-58.23426,-32.16722],[-58.23491,-32.16741],[-58.23454,-32.16694],[-58.235,-32.1662],[-58.23417,-32.16639],[-58.23296,-32.16519],[-58.23296,-32.16454],[-58.2338,-32.16407],[-58.23389,-32.16343],[-58.23324,-32.16287],[-58.23352,-32.16352],[-58.23278,-32.1637]]],[[[-58.20981,-32.16463],[-58.21046,-32.16519],[-58.21046,-32.16444],[-58.20981,-32.16463]]],[[[-58.19602,-32.16361],[-58.19611,-32.1625],[-58.19583,-32.16361],[-58.19602,-32.16361]]],[[[-58.21435,-32.16343],[-58.21435,-32.16296],[-58.21343,-32.16269],[-58.21361,-32.16306],[-58.21435,-32.16343]]],[[[-58.20278,-32.16306],[-58.20287,-32.16306],[-58.20296,-32.16241],[-58.20231,-32.16231],[-58.20241,-32.16269],[-58.20278,-32.1625],[-58.20278,-32.16306]]],[[[-58.19898,-32.1625],[-58.19954,-32.16167],[-58.19972,-32.16194],[-58.19963,-32.1612],[-58.19889,-32.16157],[-58.19898,-32.1625]]],[[[-58.19981,-32.16194],[-58.19981,-32.1625],[-58.20046,-32.16259],[-58.19981,-32.16194]]],[[[-58.21389,-32.16204],[-58.21185,-32.16176],[-58.21213,-32.16269],[-58.21352,-32.1625],[-58.21352,-32.16204],[-58.21389,-32.16204]]],[[[-58.22491,-32.1612],[-58.22509,-32.16185],[-58.22602,-32.16213],[-58.22556,-32.16139],[-58.22491,-32.1612]]],[[[-58.21454,-32.1612],[-58.21519,-32.16065],[-58.21472,-32.16046],[-58.215,-32.16019],[-58.215,-32.15981],[-58.21472,-32.16028],[-58.21444,-32.16028],[-58.21444,-32.15981],[-58.21343,-32.15991],[-58.21426,-32.16065],[-58.21491,-32.16065],[-58.21426,-32.1612],[-58.21454,-32.16167],[-58.21454,-32.1612]]],[[[-58.2287,-32.15917],[-58.22806,-32.15963],[-58.22833,-32.16],[-58.22861,-32.15954],[-58.22935,-32.15935],[-58.22944,-32.15898],[-58.22926,-32.15926],[-58.2287,-32.15917]]],[[[-58.22796,-32.15981],[-58.22759,-32.16074],[-58.22704,-32.16102],[-58.22704,-32.1613],[-58.2275,-32.16083],[-58.22806,-32.16083],[-58.22769,-32.16074],[-58.22796,-32.15981]]],[[[-58.22676,-32.15787],[-58.22769,-32.15769],[-58.22769,-32.1575],[-58.22713,-32.1575],[-58.22676,-32.15787]]],[[[-58.22509,-32.15861],[-58.22509,-32.15935],[-58.22537,-32.15889],[-58.22519,-32.15843],[-58.22602,-32.15833],[-58.22509,-32.15796],[-58.22509,-32.15861]]],[[[-58.22944,-32.15824],[-58.22981,-32.1588],[-58.23019,-32.15861],[-58.22944,-32.15824]]],[[[-58.19343,-32.14528],[-58.19296,-32.14491],[-58.19287,-32.14454],[-58.19278,-32.145],[-58.19417,-32.14574],[-58.1938,-32.14509],[-58.19343,-32.14528]]],[[[-58.19333,-32.14574],[-58.19315,-32.14639],[-58.19389,-32.14657],[-58.19361,-32.14593],[-58.19407,-32.14574],[-58.19333,-32.14574]]],[[[-58.19241,-32.14741],[-58.19269,-32.14685],[-58.1937,-32.14657],[-58.1925,-32.14657],[-58.19241,-32.14713],[-58.19204,-32.14657],[-58.1913,-32.14796],[-58.19176,-32.14741],[-58.19241,-32.14741]]],[[[-58.19269,-32.14213],[-58.19287,-32.1425],[-58.19231,-32.14296],[-58.19315,-32.14269],[-58.19296,-32.14204],[-58.19269,-32.14213]]],[[[-58.19278,-32.14435],[-58.19296,-32.14333],[-58.19259,-32.14361],[-58.19278,-32.14435]]],[[[-58.19315,-32.13685],[-58.19324,-32.1363],[-58.19324,-32.13528],[-58.19306,-32.1362],[-58.19315,-32.13685]]],[[[-58.19519,-32.13176],[-58.19491,-32.13167],[-58.19463,-32.13176],[-58.19454,-32.13204],[-58.19519,-32.13176]]],[[[-58.19426,-32.1312],[-58.19444,-32.1313],[-58.19454,-32.13176],[-58.19463,-32.13093],[-58.19426,-32.1312]]],[[[-58.19389,-32.13028],[-58.19352,-32.13065],[-58.1937,-32.13102],[-58.19389,-32.13083],[-58.19389,-32.13028]]],[[[-58.19639,-32.12972],[-58.19657,-32.12944],[-58.19657,-32.12935],[-58.19574,-32.12954],[-58.19639,-32.12972]]],[[[-58.19593,-32.13009],[-58.19657,-32.13074],[-58.19657,-32.13],[-58.19713,-32.13],[-58.19713,-32.12963],[-58.19667,-32.12954],[-58.19639,-32.13],[-58.19593,-32.13009]]],[[[-58.19444,-32.12991],[-58.19454,-32.13046],[-58.19491,-32.13046],[-58.19491,-32.13019],[-58.19444,-32.12991]]],[[[-58.19917,-32.12991],[-58.19944,-32.12991],[-58.19963,-32.13037],[-58.19954,-32.12972],[-58.19926,-32.12963],[-58.19917,-32.12991]]],[[[-58.1975,-32.13],[-58.19741,-32.12954],[-58.19722,-32.13028],[-58.19787,-32.13009],[-58.1975,-32.13]]],[[[-58.19861,-32.12556],[-58.19824,-32.12481],[-58.19704,-32.12417],[-58.19676,-32.12361],[-58.19676,-32.12407],[-58.19778,-32.12481],[-58.19759,-32.12519],[-58.19833,-32.12537],[-58.19824,-32.12639],[-58.19787,-32.12657],[-58.19852,-32.12667],[-58.1987,-32.12722],[-58.1988,-32.12648],[-58.19833,-32.12639],[-58.19861,-32.12556]]],[[[-58.19611,-32.1212],[-58.19657,-32.12176],[-58.1963,-32.12231],[-58.19657,-32.12296],[-58.19657,-32.12204],[-58.19685,-32.12185],[-58.19648,-32.12157],[-58.19685,-32.1213],[-58.19667,-32.12056],[-58.19574,-32.12009],[-58.19639,-32.12065],[-58.19611,-32.1212]]],[[[-58.19537,-32.11676],[-58.19556,-32.11796],[-58.19565,-32.11796],[-58.19574,-32.11741],[-58.19537,-32.11676]]],[[[-58.19528,-32.11472],[-58.19546,-32.11417],[-58.19546,-32.1137],[-58.19519,-32.11417],[-58.19528,-32.11472]]],[[[-58.19657,-32.10759],[-58.19713,-32.10769],[-58.19722,-32.10833],[-58.1975,-32.10833],[-58.19769,-32.10778],[-58.19731,-32.10806],[-58.19713,-32.1075],[-58.19657,-32.10759]]],[[[-58.19787,-32.10843],[-58.19824,-32.10833],[-58.19769,-32.10787],[-58.19769,-32.10815],[-58.19787,-32.10843]]],[[[-58.19491,-32.10815],[-58.19593,-32.10741],[-58.19639,-32.10769],[-58.19648,-32.1075],[-58.19565,-32.10731],[-58.19509,-32.10759],[-58.19491,-32.10815]]],[[[-58.19657,-32.10454],[-58.19648,-32.10398],[-58.1975,-32.10324],[-58.19759,-32.10287],[-58.19796,-32.10296],[-58.19815,-32.10259],[-58.19917,-32.10231],[-58.1987,-32.10231],[-58.19824,-32.10185],[-58.19759,-32.10204],[-58.19741,-32.10167],[-58.19639,-32.10185],[-58.19639,-32.10139],[-58.19593,-32.1013],[-58.19611,-32.1],[-58.19583,-32.10056],[-58.19546,-32.1],[-58.19537,-32.10074],[-58.19583,-32.10111],[-58.19565,-32.10157],[-58.1963,-32.10148],[-58.19639,-32.10204],[-58.19731,-32.10194],[-58.19778,-32.10231],[-58.19824,-32.10204],[-58.19843,-32.10231],[-58.19759,-32.10269],[-58.19741,-32.10315],[-58.19704,-32.10306],[-58.19685,-32.10361],[-58.1962,-32.1037],[-58.1963,-32.10454],[-58.19722,-32.10519],[-58.19657,-32.10454]]],[[[-58.19796,-32.10602],[-58.19778,-32.10565],[-58.19787,-32.1062],[-58.19861,-32.1062],[-58.19796,-32.10602]]],[[[-58.19417,-32.10185],[-58.19352,-32.10167],[-58.19287,-32.10204],[-58.19398,-32.10185],[-58.19454,-32.10324],[-58.19417,-32.10185]]],[[[-58.19352,-32.105],[-58.19435,-32.1038],[-58.19435,-32.10343],[-58.19407,-32.10324],[-58.19389,-32.10343],[-58.19398,-32.10407],[-58.19361,-32.10426],[-58.19315,-32.10491],[-58.19231,-32.10491],[-58.19259,-32.10519],[-58.19352,-32.105]]],[[[-58.19231,-32.10426],[-58.19213,-32.1037],[-58.19231,-32.10324],[-58.19222,-32.10259],[-58.19204,-32.10398],[-58.19231,-32.10426]]],[[[-58.19315,-32.17444],[-58.19241,-32.17426],[-58.1912,-32.17481],[-58.19306,-32.17463],[-58.19315,-32.17444]]],[[[-58.19213,-32.17343],[-58.19204,-32.17269],[-58.19194,-32.17269],[-58.19194,-32.17315],[-58.19157,-32.17343],[-58.19213,-32.17343]]],[[[-58.19231,-32.17296],[-58.19269,-32.17315],[-58.1925,-32.17352],[-58.19306,-32.17324],[-58.19296,-32.17287],[-58.19231,-32.17296]]],[[[-58.18991,-32.17333],[-58.18991,-32.17278],[-58.18954,-32.17278],[-58.18954,-32.17306],[-58.18806,-32.17278],[-58.18991,-32.17333]]],[[[-58.18509,-32.17296],[-58.18519,-32.17222],[-58.18454,-32.17222],[-58.18509,-32.17259],[-58.185,-32.17306],[-58.18519,-32.17324],[-58.18491,-32.17343],[-58.18509,-32.17361],[-58.18546,-32.17333],[-58.18509,-32.17296]]],[[[-58.19204,-32.17139],[-58.19231,-32.17185],[-58.19241,-32.1712],[-58.19204,-32.17139]]],[[[-58.18861,-32.17056],[-58.18833,-32.16981],[-58.18815,-32.17028],[-58.18778,-32.17028],[-58.18759,-32.17046],[-58.18796,-32.17037],[-58.18796,-32.17074],[-58.1875,-32.17083],[-58.18796,-32.1713],[-58.18861,-32.17056]]],[[[-58.1862,-32.17046],[-58.18685,-32.17019],[-58.18685,-32.17],[-58.18611,-32.17037],[-58.18611,-32.17102],[-58.1862,-32.17046]]],[[[-58.18352,-32.16963],[-58.18333,-32.16991],[-58.1837,-32.17046],[-58.1837,-32.17009],[-58.18352,-32.16963]]],[[[-58.18546,-32.16926],[-58.18444,-32.16954],[-58.18444,-32.16963],[-58.18537,-32.16963],[-58.18546,-32.16926]]],[[[-58.1837,-32.16731],[-58.18343,-32.16778],[-58.18361,-32.16824],[-58.18417,-32.16806],[-58.1837,-32.16796],[-58.1837,-32.16731]]],[[[-58.18704,-32.16454],[-58.18648,-32.165],[-58.18704,-32.16491],[-58.18704,-32.16454]]],[[[-58.18435,-32.1675],[-58.18435,-32.16796],[-58.18472,-32.16796],[-58.18444,-32.16759],[-58.18546,-32.16796],[-58.1863,-32.16731],[-58.18556,-32.16722],[-58.18583,-32.16741],[-58.18537,-32.16759],[-58.185,-32.16704],[-58.18454,-32.16704],[-58.18491,-32.16741],[-58.18435,-32.1675]]],[[[-58.18759,-32.16556],[-58.18796,-32.16602],[-58.1887,-32.16556],[-58.18759,-32.16556]]],[[[-58.18704,-32.16065],[-58.18694,-32.16093],[-58.18694,-32.16213],[-58.18713,-32.16111],[-58.18741,-32.16102],[-58.18704,-32.16065]]],[[[-58.18778,-32.16083],[-58.18741,-32.15972],[-58.18704,-32.15963],[-58.18759,-32.16083],[-58.18787,-32.16093],[-58.18778,-32.16102],[-58.18787,-32.16204],[-58.18806,-32.16093],[-58.18778,-32.16083]]],[[[-58.19,-32.14991],[-58.18954,-32.14944],[-58.18926,-32.14981],[-58.18935,-32.15019],[-58.18944,-32.14991],[-58.19,-32.14991]]],[[[-58.18981,-32.14537],[-58.18972,-32.14574],[-58.19019,-32.14574],[-58.19019,-32.14565],[-58.18981,-32.14537]]],[[[-58.19157,-32.14537],[-58.19167,-32.14583],[-58.19259,-32.14556],[-58.19259,-32.14528],[-58.19204,-32.14556],[-58.19194,-32.14491],[-58.19194,-32.14546],[-58.19157,-32.14537]]],[[[-58.18778,-32.14463],[-58.18778,-32.1437],[-58.18731,-32.14389],[-58.18769,-32.14398],[-58.18778,-32.14463]]],[[[-58.19,-32.14398],[-58.19046,-32.14472],[-58.19046,-32.14361],[-58.19,-32.14398]]],[[[-58.19185,-32.14398],[-58.19157,-32.1437],[-58.19111,-32.14389],[-58.19167,-32.14435],[-58.19185,-32.14398]]],[[[-58.19065,-32.14231],[-58.19065,-32.14278],[-58.19083,-32.14296],[-58.19102,-32.14259],[-58.19065,-32.14231]]],[[[-58.19231,-32.1413],[-58.19185,-32.14065],[-58.19176,-32.14139],[-58.19231,-32.1413]]],[[[-58.18833,-32.13981],[-58.18824,-32.14074],[-58.18787,-32.14139],[-58.1887,-32.14102],[-58.18861,-32.14065],[-58.18889,-32.14056],[-58.18833,-32.13981]]],[[[-58.18509,-32.13806],[-58.18509,-32.13833],[-58.18546,-32.13861],[-58.18546,-32.13833],[-58.18509,-32.13806]]],[[[-58.18843,-32.1338],[-58.1888,-32.13444],[-58.18861,-32.135],[-58.1888,-32.13519],[-58.18907,-32.13435],[-58.18935,-32.13435],[-58.18889,-32.13407],[-58.18917,-32.13324],[-58.18889,-32.13389],[-58.18843,-32.1338]]],[[[-58.1887,-32.13583],[-58.18824,-32.13481],[-58.18815,-32.13583],[-58.18861,-32.13648],[-58.18815,-32.13667],[-58.18907,-32.13713],[-58.18944,-32.13676],[-58.1887,-32.13583]]],[[[-58.18519,-32.13241],[-58.18546,-32.13222],[-58.18528,-32.13194],[-58.18509,-32.13194],[-58.18519,-32.13241]]],[[[-58.1837,-32.12824],[-58.18343,-32.1275],[-58.18343,-32.1288],[-58.1837,-32.12824]]],[[[-58.18204,-32.12444],[-58.18241,-32.12463],[-58.1825,-32.12407],[-58.18213,-32.12398],[-58.18204,-32.12444]]],[[[-58.18176,-32.12472],[-58.18167,-32.12519],[-58.18176,-32.12519],[-58.18176,-32.12546],[-58.18185,-32.12546],[-58.18231,-32.12463],[-58.18176,-32.12472]]],[[[-58.1825,-32.12046],[-58.18278,-32.12009],[-58.18176,-32.12037],[-58.18185,-32.12056],[-58.1825,-32.12046]]],[[[-58.16944,-32.22398],[-58.17009,-32.22361],[-58.17093,-32.2238],[-58.17065,-32.22352],[-58.17083,-32.22287],[-58.17009,-32.22306],[-58.17065,-32.22306],[-58.17056,-32.22333],[-58.16898,-32.22315],[-58.16889,-32.22343],[-58.16824,-32.22343],[-58.16833,-32.2238],[-58.16806,-32.22389],[-58.16852,-32.2238],[-58.16843,-32.22435],[-58.16889,-32.22454],[-58.1687,-32.22519],[-58.16898,-32.22519],[-58.16898,-32.22583],[-58.16935,-32.22574],[-58.16944,-32.22398]]],[[[-58.17861,-32.19009],[-58.1775,-32.19028],[-58.1788,-32.19019],[-58.1788,-32.19037],[-58.17935,-32.19046],[-58.17954,-32.19102],[-58.17935,-32.19028],[-58.17861,-32.19009]]],[[[-58.18093,-32.19102],[-58.17954,-32.19102],[-58.17954,-32.19111],[-58.18176,-32.1913],[-58.1813,-32.19065],[-58.18083,-32.19065],[-58.18093,-32.19102]]],[[[-58.18259,-32.19037],[-58.18194,-32.19019],[-58.18204,-32.19102],[-58.18176,-32.19139],[-58.18213,-32.19139],[-58.18259,-32.19037]]],[[[-58.17574,-32.18935],[-58.17574,-32.18898],[-58.17537,-32.18898],[-58.17537,-32.18935],[-58.17574,-32.18935]]],[[[-58.17407,-32.18935],[-58.17491,-32.18935],[-58.175,-32.18898],[-58.17407,-32.18935]]],[[[-58.17972,-32.18843],[-58.17935,-32.18861],[-58.17991,-32.18935],[-58.18019,-32.18917],[-58.18019,-32.1887],[-58.17972,-32.18843]]],[[[-58.17769,-32.18861],[-58.17759,-32.18815],[-58.17704,-32.18815],[-58.17722,-32.18861],[-58.17769,-32.18861]]],[[[-58.17185,-32.18787],[-58.17213,-32.18815],[-58.17213,-32.1875],[-58.17139,-32.18796],[-58.17185,-32.18787]]],[[[-58.17694,-32.18796],[-58.17676,-32.18759],[-58.1762,-32.18769],[-58.17694,-32.18796]]],[[[-58.17037,-32.18694],[-58.17037,-32.18778],[-58.17056,-32.18778],[-58.17056,-32.18704],[-58.17037,-32.18694]]],[[[-58.17194,-32.18741],[-58.1713,-32.18722],[-58.1712,-32.18759],[-58.17194,-32.18741]]],[[[-58.17593,-32.18648],[-58.17565,-32.18676],[-58.17602,-32.18657],[-58.17602,-32.18694],[-58.1763,-32.18704],[-58.1763,-32.18648],[-58.17593,-32.18648]]],[[[-58.16981,-32.16074],[-58.17037,-32.1613],[-58.17037,-32.16093],[-58.16981,-32.16074]]],[[[-58.17009,-32.15963],[-58.17009,-32.15935],[-58.17037,-32.15963],[-58.17102,-32.15935],[-58.17074,-32.15926],[-58.16944,-32.15935],[-58.17009,-32.15963]]],[[[-58.18065,-32.12333],[-58.1813,-32.1238],[-58.1813,-32.12296],[-58.18111,-32.12343],[-58.18065,-32.12333]]],[[[-58.17824,-32.11491],[-58.17815,-32.11546],[-58.17852,-32.11556],[-58.17861,-32.115],[-58.17824,-32.11491]]],[[[-58.18056,-32.11296],[-58.18083,-32.11194],[-58.18065,-32.11176],[-58.18037,-32.11269],[-58.18056,-32.11296]]],[[[-58.1812,-32.11037],[-58.18102,-32.11065],[-58.18093,-32.11102],[-58.1813,-32.11102],[-58.1812,-32.11037]]],[[[-58.16407,-32.22361],[-58.1637,-32.22426],[-58.16407,-32.22435],[-58.16407,-32.22361]]],[[[-58.16722,-32.22213],[-58.16731,-32.22194],[-58.16741,-32.22213],[-58.1675,-32.22213],[-58.1675,-32.22204],[-58.16759,-32.22204],[-58.16769,-32.22148],[-58.16722,-32.22176],[-58.16722,-32.22213]]],[[[-58.16741,-32.22324],[-58.16769,-32.22296],[-58.16787,-32.22361],[-58.16769,-32.22222],[-58.16769,-32.22278],[-58.16713,-32.22287],[-58.16722,-32.22324],[-58.16741,-32.22287],[-58.16741,-32.22324]]],[[[-58.16389,-32.22185],[-58.16444,-32.22194],[-58.16435,-32.22148],[-58.16398,-32.22157],[-58.16389,-32.22185]]],[[[-58.16787,-32.22093],[-58.16824,-32.22009],[-58.16796,-32.22065],[-58.16704,-32.22065],[-58.16704,-32.22139],[-58.16759,-32.22102],[-58.16787,-32.22139],[-58.16824,-32.22139],[-58.16787,-32.22093]]],[[[-58.16593,-32.21954],[-58.16602,-32.21917],[-58.16537,-32.21917],[-58.16546,-32.21935],[-58.16593,-32.21954]]],[[[-58.16722,-32.21991],[-58.16602,-32.21954],[-58.16491,-32.22028],[-58.16537,-32.22],[-58.16565,-32.22037],[-58.16602,-32.22028],[-58.16565,-32.22019],[-58.16593,-32.21991],[-58.16611,-32.22019],[-58.1662,-32.22],[-58.16648,-32.22019],[-58.16667,-32.22019],[-58.16667,-32.22009],[-58.16722,-32.22009],[-58.16769,-32.21926],[-58.16741,-32.21954],[-58.16722,-32.21926],[-58.16722,-32.21991]]],[[[-58.16287,-32.21944],[-58.16287,-32.22019],[-58.16306,-32.22019],[-58.16306,-32.21963],[-58.16454,-32.21935],[-58.16287,-32.21944]]],[[[-58.1688,-32.18685],[-58.16917,-32.18657],[-58.16926,-32.18694],[-58.16972,-32.18694],[-58.16935,-32.18685],[-58.16935,-32.1863],[-58.16833,-32.1862],[-58.16843,-32.18713],[-58.16852,-32.18713],[-58.1688,-32.18685]]],[[[-58.16898,-32.18731],[-58.16889,-32.18759],[-58.16963,-32.18759],[-58.16963,-32.18741],[-58.16898,-32.18731]]],[[[-58.16472,-32.16991],[-58.16546,-32.16935],[-58.16509,-32.16917],[-58.16472,-32.16991]]],[[[-58.1663,-32.16741],[-58.1663,-32.16778],[-58.16491,-32.16843],[-58.16509,-32.16898],[-58.16574,-32.16907],[-58.16574,-32.1687],[-58.16611,-32.16861],[-58.16583,-32.16843],[-58.1662,-32.16833],[-58.16565,-32.16815],[-58.16657,-32.16796],[-58.16639,-32.16667],[-58.16694,-32.16639],[-58.16685,-32.16602],[-58.1662,-32.16639],[-58.1663,-32.16667],[-58.16593,-32.16648],[-58.16556,-32.16676],[-58.16611,-32.16704],[-58.16602,-32.16741],[-58.16546,-32.16741],[-58.16519,-32.16778],[-58.16481,-32.1675],[-58.16454,-32.16778],[-58.16528,-32.16796],[-58.16537,-32.16759],[-58.1663,-32.16741]]],[[[-58.16519,-32.16481],[-58.16472,-32.16472],[-58.16463,-32.16426],[-58.16454,-32.16491],[-58.16519,-32.16481]]],[[[-58.16685,-32.16287],[-58.16583,-32.16278],[-58.16565,-32.16306],[-58.16602,-32.1638],[-58.16593,-32.16315],[-58.16685,-32.16287]]],[[[-58.16556,-32.16167],[-58.16537,-32.16111],[-58.165,-32.16157],[-58.16556,-32.16167]]],[[[-58.16602,-32.16139],[-58.16574,-32.16102],[-58.16556,-32.16111],[-58.16565,-32.16157],[-58.16602,-32.16139]]],[[[-58.16565,-32.16019],[-58.16509,-32.16056],[-58.16528,-32.16083],[-58.16574,-32.16046],[-58.16565,-32.16019]]],[[[-58.16343,-32.1537],[-58.16315,-32.15435],[-58.1637,-32.15491],[-58.16361,-32.15454],[-58.1638,-32.15454],[-58.16407,-32.15398],[-58.16343,-32.1537]]],[[[-58.1663,-32.15167],[-58.16611,-32.15148],[-58.16583,-32.15185],[-58.16602,-32.15194],[-58.1663,-32.15167]]],[[[-58.1637,-32.14509],[-58.16389,-32.14593],[-58.16407,-32.14602],[-58.16398,-32.14546],[-58.1637,-32.14509]]],[[[-58.15963,-32.22009],[-58.15926,-32.22037],[-58.15926,-32.22074],[-58.15972,-32.22046],[-58.15963,-32.22009]]],[[[-58.16009,-32.22046],[-58.15991,-32.22083],[-58.15944,-32.22074],[-58.15981,-32.22093],[-58.15954,-32.2212],[-58.16019,-32.22102],[-58.16037,-32.22056],[-58.16009,-32.22046]]],[[[-58.16157,-32.21907],[-58.16139,-32.2187],[-58.16111,-32.2187],[-58.16148,-32.21935],[-58.16259,-32.21935],[-58.16157,-32.21907]]],[[[-58.15944,-32.21759],[-58.16,-32.21769],[-58.16,-32.21731],[-58.16065,-32.21704],[-58.15991,-32.21704],[-58.15944,-32.21741],[-58.15917,-32.21852],[-58.15926,-32.21852],[-58.15926,-32.21824],[-58.15954,-32.21806],[-58.15944,-32.21759]]],[[[-58.16241,-32.1738],[-58.16296,-32.17287],[-58.16259,-32.17287],[-58.1625,-32.17352],[-58.16176,-32.17407],[-58.16157,-32.17296],[-58.16093,-32.17287],[-58.16157,-32.17343],[-58.16139,-32.17407],[-58.16009,-32.17463],[-58.15972,-32.17537],[-58.15972,-32.17602],[-58.16046,-32.17574],[-58.16074,-32.175],[-58.16111,-32.175],[-58.16065,-32.17491],[-58.16056,-32.17454],[-58.16102,-32.17463],[-58.1612,-32.17417],[-58.16167,-32.17435],[-58.16204,-32.175],[-58.16241,-32.17435],[-58.16194,-32.17444],[-58.16194,-32.17398],[-58.16213,-32.17389],[-58.16222,-32.17407],[-58.16231,-32.17407],[-58.16278,-32.17389],[-58.16241,-32.1738]],[[-58.16019,-32.17574],[-58.15991,-32.17565],[-58.16009,-32.17491],[-58.16056,-32.17509],[-58.16019,-32.17574]]],[[[-58.16065,-32.17176],[-58.16065,-32.17213],[-58.16093,-32.17259],[-58.16102,-32.17204],[-58.16065,-32.17176]]],[[[-58.16083,-32.16676],[-58.16037,-32.16722],[-58.16074,-32.16713],[-58.16074,-32.16741],[-58.16102,-32.1675],[-58.16083,-32.16676]]],[[[-58.16102,-32.15694],[-58.16065,-32.15667],[-58.16065,-32.15722],[-58.16102,-32.15694]]],[[[-58.16204,-32.15509],[-58.16148,-32.15546],[-58.16204,-32.15546],[-58.16204,-32.15509]]],[[[-58.15981,-32.15491],[-58.15981,-32.15463],[-58.16019,-32.15463],[-58.16009,-32.15426],[-58.15972,-32.15454],[-58.15981,-32.15491]]],[[[-58.16046,-32.15139],[-58.16009,-32.15111],[-58.15898,-32.15148],[-58.16046,-32.15139]]],[[[-58.16157,-32.15046],[-58.16185,-32.14981],[-58.1612,-32.14972],[-58.16157,-32.14981],[-58.16157,-32.15046]]],[[[-58.16056,-32.15],[-58.16102,-32.15009],[-58.1612,-32.14981],[-58.16056,-32.14981],[-58.16,-32.15046],[-58.16046,-32.15046],[-58.16056,-32.15]]],[[[-58.15972,-32.14537],[-58.15944,-32.14481],[-58.15898,-32.14546],[-58.15926,-32.14574],[-58.15944,-32.14556],[-58.16019,-32.14574],[-58.16065,-32.1462],[-58.15991,-32.14713],[-58.16046,-32.14741],[-58.16148,-32.14694],[-58.16157,-32.14796],[-58.16167,-32.14639],[-58.16157,-32.14676],[-58.1612,-32.14667],[-58.16056,-32.14713],[-58.16037,-32.14676],[-58.16102,-32.1463],[-58.16102,-32.14593],[-58.16065,-32.14537],[-58.15972,-32.14537]]],[[[-58.16213,-32.14333],[-58.16204,-32.14361],[-58.16241,-32.14278],[-58.16231,-32.14259],[-58.16204,-32.14259],[-58.16213,-32.14333]]],[[[-58.16231,-32.12509],[-58.16176,-32.12583],[-58.16185,-32.12639],[-58.16231,-32.12509]]],[[[-58.16185,-32.12685],[-58.16185,-32.12639],[-58.16167,-32.12593],[-58.1612,-32.12676],[-58.16185,-32.12685]]],[[[-58.15741,-32.34343],[-58.15759,-32.34407],[-58.15787,-32.34407],[-58.15787,-32.34417],[-58.15806,-32.34417],[-58.15741,-32.34343]]],[[[-58.15704,-32.21843],[-58.15704,-32.21935],[-58.15769,-32.21935],[-58.15713,-32.21898],[-58.15704,-32.21843]]],[[[-58.15769,-32.20389],[-58.15759,-32.20417],[-58.15778,-32.20417],[-58.15796,-32.20352],[-58.15704,-32.2037],[-58.15769,-32.20389]]],[[[-58.1563,-32.20509],[-58.15713,-32.20444],[-58.15667,-32.20444],[-58.1562,-32.20481],[-58.15639,-32.20583],[-58.1563,-32.20509]]],[[[-58.15657,-32.19426],[-58.1562,-32.19519],[-58.15713,-32.19472],[-58.15657,-32.19426]]],[[[-58.15852,-32.19417],[-58.15833,-32.19463],[-58.15861,-32.19454],[-58.15907,-32.1938],[-58.15806,-32.19398],[-58.15852,-32.19417]]],[[[-58.15731,-32.17815],[-58.15769,-32.17852],[-58.15796,-32.17824],[-58.15731,-32.17815]]],[[[-58.1587,-32.16917],[-58.15972,-32.1687],[-58.15889,-32.16889],[-58.1587,-32.16917]]],[[[-58.15713,-32.16731],[-58.15769,-32.16713],[-58.15759,-32.16676],[-58.15713,-32.16731]]],[[[-58.15852,-32.15991],[-58.15833,-32.15944],[-58.15824,-32.15944],[-58.15815,-32.15991],[-58.15852,-32.15991]]],[[[-58.15731,-32.15907],[-58.15769,-32.1588],[-58.15769,-32.15833],[-58.15731,-32.1588],[-58.15731,-32.15907]]],[[[-58.15796,-32.15176],[-58.15759,-32.15194],[-58.15796,-32.15204],[-58.15787,-32.15231],[-58.15824,-32.15204],[-58.15796,-32.15176]]],[[[-58.15898,-32.15009],[-58.15917,-32.15046],[-58.15861,-32.15074],[-58.15935,-32.15102],[-58.15907,-32.15065],[-58.15944,-32.15046],[-58.15944,-32.15009],[-58.15898,-32.15009]]],[[[-58.15907,-32.14667],[-58.1588,-32.14648],[-58.15843,-32.14639],[-58.15852,-32.14676],[-58.15907,-32.14667]]],[[[-58.15778,-32.13352],[-58.15833,-32.13333],[-58.15833,-32.13287],[-58.15778,-32.13315],[-58.15778,-32.13352]]],[[[-58.15843,-32.1312],[-58.15907,-32.13046],[-58.1587,-32.13046],[-58.15852,-32.13],[-58.1587,-32.13083],[-58.15843,-32.1312]]],[[[-58.15722,-32.12602],[-58.15713,-32.12546],[-58.15676,-32.12565],[-58.15722,-32.12602]]],[[[-58.15713,-32.10176],[-58.15713,-32.1012],[-58.15704,-32.1012],[-58.15704,-32.10176],[-58.15676,-32.10185],[-58.15731,-32.10204],[-58.15741,-32.10176],[-58.15713,-32.10176]]],[[[-58.15815,-32.10028],[-58.15861,-32.10019],[-58.15861,-32.1],[-58.15806,-32.1],[-58.15815,-32.10028]]],[[[-58.15676,-32.34324],[-58.15741,-32.34333],[-58.15741,-32.34259],[-58.15704,-32.34287],[-58.15713,-32.34324],[-58.15676,-32.34324]]],[[[-58.15472,-32.34213],[-58.15407,-32.34148],[-58.15463,-32.34222],[-58.15537,-32.3425],[-58.15602,-32.34231],[-58.15611,-32.34269],[-58.15583,-32.34278],[-58.1563,-32.34296],[-58.15611,-32.34213],[-58.15472,-32.34213]]],[[[-58.15602,-32.32361],[-58.15519,-32.3238],[-58.15519,-32.32389],[-58.15574,-32.32389],[-58.15574,-32.32407],[-58.15583,-32.32407],[-58.15602,-32.32361]]],[[[-58.15787,-32.32546],[-58.15796,-32.32472],[-58.1575,-32.32472],[-58.15787,-32.32481],[-58.15778,-32.32528],[-58.15639,-32.32528],[-58.1563,-32.32565],[-58.15574,-32.32519],[-58.15611,-32.32556],[-58.15593,-32.32639],[-58.1563,-32.32648],[-58.15639,-32.32583],[-58.15694,-32.32537],[-58.15787,-32.32546]]],[[[-58.15778,-32.32398],[-58.15796,-32.3237],[-58.1575,-32.32352],[-58.1575,-32.32315],[-58.15648,-32.32278],[-58.1575,-32.3237],[-58.15676,-32.32398],[-58.15778,-32.32398]]],[[[-58.15565,-32.21546],[-58.15611,-32.21546],[-58.15611,-32.21537],[-58.15574,-32.21509],[-58.15565,-32.21546]]],[[[-58.15546,-32.21037],[-58.15491,-32.20954],[-58.15481,-32.21019],[-58.15546,-32.21037]]],[[[-58.15574,-32.17648],[-58.15537,-32.17685],[-58.15574,-32.17713],[-58.15574,-32.17648]]],[[[-58.15639,-32.17176],[-58.1562,-32.17204],[-58.1562,-32.1725],[-58.15657,-32.17213],[-58.15639,-32.17176]]],[[[-58.15537,-32.16343],[-58.15556,-32.16407],[-58.15528,-32.16435],[-58.15574,-32.16407],[-58.15574,-32.16361],[-58.15537,-32.16343]]],[[[-58.15537,-32.16019],[-58.15556,-32.16111],[-58.15574,-32.1613],[-58.15602,-32.16009],[-58.15574,-32.16037],[-58.15537,-32.16019]]],[[[-58.15731,-32.15454],[-58.15676,-32.15509],[-58.15676,-32.15519],[-58.15741,-32.15481],[-58.15731,-32.15454]]],[[[-58.15657,-32.15398],[-58.15657,-32.15454],[-58.15694,-32.15426],[-58.15657,-32.15398]]],[[[-58.15602,-32.15231],[-58.15611,-32.15269],[-58.15648,-32.15269],[-58.15685,-32.15231],[-58.1563,-32.15259],[-58.15602,-32.15231]]],[[[-58.15898,-32.14704],[-58.15843,-32.14713],[-58.1587,-32.1475],[-58.15806,-32.14769],[-58.15833,-32.14787],[-58.15824,-32.14824],[-58.15843,-32.14778],[-58.15898,-32.14759],[-58.15917,-32.14806],[-58.15954,-32.14824],[-58.15898,-32.14704]]],[[[-58.15722,-32.14935],[-58.15852,-32.1488],[-58.15731,-32.14898],[-58.15713,-32.14935],[-58.1562,-32.14926],[-58.15611,-32.14991],[-58.15556,-32.15009],[-58.1562,-32.15009],[-58.1562,-32.14944],[-58.15722,-32.14935]]],[[[-58.15528,-32.15083],[-58.15537,-32.14981],[-58.15444,-32.15065],[-58.15454,-32.15139],[-58.15528,-32.15083]]],[[[-58.15759,-32.14815],[-58.15741,-32.14769],[-58.1575,-32.14824],[-58.15815,-32.14824],[-58.15796,-32.14796],[-58.15759,-32.14815]]],[[[-58.15639,-32.14833],[-58.15602,-32.1488],[-58.15639,-32.1487],[-58.15657,-32.14907],[-58.15639,-32.14833]]],[[[-58.15509,-32.14296],[-58.15574,-32.14241],[-58.15565,-32.14204],[-58.15509,-32.14296]]],[[[-58.15574,-32.13954],[-58.15583,-32.1387],[-58.15528,-32.13815],[-58.155,-32.13861],[-58.15537,-32.13861],[-58.15574,-32.13954]]],[[[-58.15713,-32.13296],[-58.15722,-32.13269],[-58.15722,-32.13231],[-58.15676,-32.13259],[-58.15713,-32.13296]]],[[[-58.15565,-32.10417],[-58.15583,-32.10491],[-58.15611,-32.10528],[-58.15639,-32.10481],[-58.15593,-32.10472],[-58.15593,-32.10417],[-58.15565,-32.10417]]],[[[-58.15713,-32.10296],[-58.15694,-32.10231],[-58.15648,-32.1025],[-58.15648,-32.10278],[-58.15694,-32.10287],[-58.15685,-32.10333],[-58.15741,-32.10343],[-58.15741,-32.10296],[-58.15713,-32.10296]]],[[[-58.1562,-32.10315],[-58.15611,-32.10361],[-58.15657,-32.10361],[-58.15657,-32.1038],[-58.15667,-32.1038],[-58.15639,-32.10315],[-58.1562,-32.10352],[-58.1562,-32.10315]]],[[[-58.15722,-32.10435],[-58.15731,-32.10389],[-58.15685,-32.1038],[-58.15676,-32.10398],[-58.15713,-32.10398],[-58.15722,-32.10435]]],[[[-58.15676,-32.10472],[-58.15667,-32.10417],[-58.15648,-32.10417],[-58.15657,-32.10472],[-58.15676,-32.10472]]],[[[-58.15407,-32.32454],[-58.15528,-32.32463],[-58.15454,-32.32435],[-58.15509,-32.32389],[-58.15491,-32.32352],[-58.15519,-32.32315],[-58.15472,-32.32352],[-58.15417,-32.32343],[-58.15481,-32.3238],[-58.15454,-32.3238],[-58.15435,-32.32435],[-58.15398,-32.32426],[-58.1537,-32.32491],[-58.15417,-32.325],[-58.15407,-32.32454]]],[[[-58.15213,-32.32176],[-58.15204,-32.32222],[-58.15241,-32.32231],[-58.15222,-32.32269],[-58.1525,-32.32269],[-58.15259,-32.32231],[-58.15213,-32.32176]]],[[[-58.15417,-32.32157],[-58.15454,-32.32222],[-58.15398,-32.32231],[-58.15398,-32.32259],[-58.15509,-32.3225],[-58.15463,-32.32222],[-58.15417,-32.3212],[-58.15343,-32.32148],[-58.15417,-32.32157]]],[[[-58.15222,-32.21704],[-58.15222,-32.21741],[-58.15241,-32.21741],[-58.15241,-32.2175],[-58.15259,-32.2175],[-58.15269,-32.21704],[-58.15241,-32.21722],[-58.15222,-32.21704]]],[[[-58.15352,-32.21657],[-58.15463,-32.2162],[-58.15463,-32.21593],[-58.15343,-32.21611],[-58.15352,-32.21657]]],[[[-58.1538,-32.16981],[-58.15296,-32.17157],[-58.15352,-32.17102],[-58.1538,-32.16981]]],[[[-58.15491,-32.16648],[-58.15417,-32.1662],[-58.1537,-32.16685],[-58.15398,-32.16704],[-58.15426,-32.16648],[-58.15491,-32.16648]]],[[[-58.15306,-32.16713],[-58.15352,-32.16704],[-58.15333,-32.16676],[-58.15259,-32.16685],[-58.15231,-32.16741],[-58.15167,-32.16769],[-58.15278,-32.16778],[-58.15287,-32.16833],[-58.15306,-32.16778],[-58.15352,-32.16787],[-58.15333,-32.16722],[-58.15306,-32.16713]]],[[[-58.15278,-32.16898],[-58.15259,-32.16981],[-58.15269,-32.16981],[-58.15296,-32.16926],[-58.15278,-32.16898]]],[[[-58.15463,-32.16694],[-58.15426,-32.16769],[-58.15463,-32.16769],[-58.15463,-32.16694]]],[[[-58.15417,-32.16426],[-58.15389,-32.16426],[-58.1537,-32.16444],[-58.15407,-32.16472],[-58.15417,-32.16426]]],[[[-58.15463,-32.15972],[-58.15407,-32.15935],[-58.15389,-32.15954],[-58.15426,-32.15991],[-58.15463,-32.15972]]],[[[-58.15213,-32.14667],[-58.15194,-32.14611],[-58.15185,-32.14611],[-58.15185,-32.14667],[-58.15213,-32.14667]]],[[[-58.15352,-32.1425],[-58.15259,-32.14259],[-58.15259,-32.14324],[-58.15324,-32.14315],[-58.15296,-32.14287],[-58.15352,-32.1425]]],[[[-58.15315,-32.14093],[-58.15361,-32.14111],[-58.1537,-32.14157],[-58.1538,-32.14093],[-58.15315,-32.14093]]],[[[-58.1525,-32.11963],[-58.15222,-32.12046],[-58.15176,-32.12046],[-58.15176,-32.12139],[-58.1525,-32.1212],[-58.15241,-32.12185],[-58.15176,-32.12176],[-58.15194,-32.12278],[-58.15269,-32.12204],[-58.1525,-32.12185],[-58.15259,-32.12111],[-58.15241,-32.12093],[-58.15278,-32.12037],[-58.15315,-32.12046],[-58.1525,-32.12],[-58.15259,-32.11963],[-58.15306,-32.11972],[-58.15306,-32.11898],[-58.1525,-32.11963]]],[[[-58.15315,-32.12046],[-58.15361,-32.12102],[-58.15352,-32.12037],[-58.15315,-32.12046]]],[[[-58.15407,-32.11583],[-58.15417,-32.1163],[-58.15454,-32.11602],[-58.15407,-32.11583]]],[[[-58.15426,-32.11694],[-58.15463,-32.11713],[-58.15435,-32.1163],[-58.15426,-32.11694]]],[[[-58.15185,-32.1113],[-58.15204,-32.11157],[-58.1525,-32.11157],[-58.15213,-32.1112],[-58.15185,-32.1113]]],[[[-58.15167,-32.34065],[-58.15176,-32.33981],[-58.15148,-32.33963],[-58.1513,-32.34046],[-58.15167,-32.34065]]],[[[-58.1513,-32.3387],[-58.15111,-32.33907],[-58.15157,-32.33935],[-58.15176,-32.3388],[-58.1513,-32.3387]]],[[[-58.15046,-32.33593],[-58.14944,-32.33602],[-58.15074,-32.33648],[-58.15046,-32.33593]]],[[[-58.15065,-32.33704],[-58.15111,-32.33694],[-58.15093,-32.33648],[-58.15028,-32.33667],[-58.15028,-32.33741],[-58.15065,-32.33741],[-58.15065,-32.33704]]],[[[-58.15148,-32.33731],[-58.15176,-32.33741],[-58.15167,-32.33685],[-58.15111,-32.33694],[-58.15157,-32.33704],[-58.15148,-32.33731]]],[[[-58.15083,-32.33778],[-58.15111,-32.33796],[-58.15148,-32.33796],[-58.15111,-32.3375],[-58.15083,-32.33778]]],[[[-58.15213,-32.34083],[-58.15287,-32.34093],[-58.15287,-32.34167],[-58.15333,-32.34093],[-58.1537,-32.34102],[-58.15333,-32.34157],[-58.15398,-32.34157],[-58.1537,-32.3413],[-58.1538,-32.34083],[-58.15324,-32.34065],[-58.15343,-32.34028],[-58.15407,-32.34009],[-58.15407,-32.33972],[-58.1537,-32.33991],[-58.15333,-32.33963],[-58.15343,-32.33843],[-58.15287,-32.33833],[-58.15269,-32.33787],[-58.15213,-32.33843],[-58.15194,-32.33806],[-58.15222,-32.33787],[-58.15148,-32.33796],[-58.15222,-32.33935],[-58.1525,-32.33935],[-58.15222,-32.33917],[-58.1525,-32.33833],[-58.15324,-32.33843],[-58.15315,-32.33917],[-58.15278,-32.33926],[-58.15333,-32.33981],[-58.15324,-32.34046],[-58.15287,-32.34056],[-58.15269,-32.34],[-58.15204,-32.34],[-58.15213,-32.34083]],[[-58.15269,-32.34028],[-58.15269,-32.34074],[-58.15231,-32.34074],[-58.15222,-32.34009],[-58.15269,-32.34028]]],[[[-58.15046,-32.3388],[-58.15009,-32.33843],[-58.14972,-32.3388],[-58.15046,-32.3388]]],[[[-58.14861,-32.33852],[-58.14907,-32.33833],[-58.14907,-32.33787],[-58.14861,-32.33852]]],[[[-58.15028,-32.32463],[-58.14815,-32.32472],[-58.14843,-32.32509],[-58.14935,-32.32519],[-58.15028,-32.32463]]],[[[-58.15222,-32.32546],[-58.15028,-32.32472],[-58.15074,-32.32519],[-58.15222,-32.32546]]],[[[-58.14796,-32.325],[-58.14806,-32.32546],[-58.14778,-32.32574],[-58.14833,-32.32546],[-58.14796,-32.325]]],[[[-58.14611,-32.32593],[-58.14657,-32.32639],[-58.14704,-32.32583],[-58.14778,-32.32574],[-58.14611,-32.32593]]],[[[-58.15093,-32.3238],[-58.15157,-32.3237],[-58.1512,-32.32352],[-58.1513,-32.32306],[-58.15093,-32.3238]]],[[[-58.14954,-32.32269],[-58.14917,-32.32352],[-58.14991,-32.3238],[-58.15019,-32.32343],[-58.14991,-32.32343],[-58.14981,-32.32324],[-58.15,-32.32287],[-58.14954,-32.32269]]],[[[-58.15111,-32.32204],[-58.15074,-32.32278],[-58.15157,-32.32278],[-58.15093,-32.32269],[-58.1512,-32.3225],[-58.15111,-32.32204]]],[[[-58.15074,-32.23954],[-58.15019,-32.23824],[-58.14963,-32.23833],[-58.15028,-32.2387],[-58.15056,-32.24009],[-58.15074,-32.23954]]],[[[-58.14926,-32.2387],[-58.14926,-32.23944],[-58.14889,-32.23954],[-58.14898,-32.23981],[-58.14935,-32.23963],[-58.14926,-32.2387]]],[[[-58.15111,-32.20972],[-58.15157,-32.20991],[-58.1513,-32.20889],[-58.15093,-32.20907],[-58.15111,-32.20972]]],[[[-58.15009,-32.20852],[-58.14954,-32.20787],[-58.14954,-32.20824],[-58.15009,-32.20852]]],[[[-58.14991,-32.20074],[-58.15056,-32.20074],[-58.15056,-32.20065],[-58.15028,-32.20037],[-58.14991,-32.20074]]],[[[-58.15028,-32.18259],[-58.15028,-32.18324],[-58.15102,-32.18315],[-58.15028,-32.18259]]],[[[-58.15019,-32.17639],[-58.14981,-32.17611],[-58.14972,-32.17657],[-58.15,-32.17657],[-58.15019,-32.17639]]],[[[-58.14963,-32.17352],[-58.14972,-32.17315],[-58.14926,-32.17287],[-58.14898,-32.17352],[-58.14963,-32.17352]]],[[[-58.15222,-32.17157],[-58.15204,-32.17139],[-58.15176,-32.17176],[-58.15139,-32.17361],[-58.15157,-32.17306],[-58.15213,-32.17278],[-58.15185,-32.17231],[-58.15222,-32.17157]]],[[[-58.15157,-32.165],[-58.15139,-32.16454],[-58.15148,-32.16444],[-58.1513,-32.16444],[-58.1512,-32.16528],[-58.15157,-32.165]]],[[[-58.14898,-32.16389],[-58.14917,-32.1637],[-58.1487,-32.1625],[-58.14852,-32.16278],[-58.14898,-32.16389]]],[[[-58.1487,-32.16157],[-58.14926,-32.16148],[-58.14926,-32.16139],[-58.1487,-32.1613],[-58.1487,-32.16157]]],[[[-58.14935,-32.15102],[-58.14926,-32.15167],[-58.14954,-32.15185],[-58.14935,-32.15102]]],[[[-58.15046,-32.15065],[-58.14981,-32.15102],[-58.15,-32.15111],[-58.15046,-32.15102],[-58.15046,-32.15065]]],[[[-58.15019,-32.14463],[-58.14991,-32.14519],[-58.15028,-32.14519],[-58.15019,-32.14463]]],[[[-58.15074,-32.14139],[-58.1512,-32.14111],[-58.15185,-32.14102],[-58.1512,-32.14093],[-58.15074,-32.14139]]],[[[-58.14991,-32.12676],[-58.15028,-32.12685],[-58.15009,-32.1263],[-58.14954,-32.12648],[-58.14963,-32.12713],[-58.14991,-32.12676]]],[[[-58.15185,-32.12315],[-58.1513,-32.1237],[-58.1513,-32.12426],[-58.15185,-32.12352],[-58.15185,-32.12315]]],[[[-58.1513,-32.1112],[-58.1512,-32.11157],[-58.15176,-32.11139],[-58.15167,-32.11065],[-58.15093,-32.11093],[-58.1513,-32.1112]]],[[[-58.14917,-32.33602],[-58.1488,-32.33537],[-58.14806,-32.33556],[-58.14833,-32.33583],[-58.14917,-32.33602]]],[[[-58.14806,-32.33546],[-58.14676,-32.33546],[-58.1463,-32.33574],[-58.1463,-32.3363],[-58.14667,-32.33648],[-58.14639,-32.33685],[-58.14676,-32.33685],[-58.14676,-32.33639],[-58.14648,-32.3362],[-58.14657,-32.33583],[-58.14704,-32.3362],[-58.14685,-32.33694],[-58.14731,-32.33731],[-58.14769,-32.33713],[-58.14769,-32.33667],[-58.14741,-32.33667],[-58.14769,-32.3363],[-58.14759,-32.33565],[-58.14806,-32.33546]]],[[[-58.14593,-32.33611],[-58.1462,-32.33648],[-58.14611,-32.33565],[-58.14556,-32.33593],[-58.14565,-32.3362],[-58.14593,-32.33611]]],[[[-58.14583,-32.3313],[-58.1463,-32.33019],[-58.14593,-32.33028],[-58.14583,-32.3313]]],[[[-58.14583,-32.32926],[-58.14583,-32.33019],[-58.14593,-32.33019],[-58.14602,-32.32944],[-58.14583,-32.32926]]],[[[-58.14769,-32.32491],[-58.14731,-32.32481],[-58.14694,-32.32519],[-58.14741,-32.32528],[-58.14769,-32.32491]]],[[[-58.14667,-32.32417],[-58.14648,-32.3237],[-58.14713,-32.3238],[-58.14704,-32.32296],[-58.14574,-32.32315],[-58.14639,-32.32333],[-58.14593,-32.32417],[-58.14667,-32.32417]]],[[[-58.14778,-32.32241],[-58.14704,-32.32222],[-58.14694,-32.32269],[-58.14713,-32.32278],[-58.14778,-32.32241]]],[[[-58.14769,-32.32185],[-58.14787,-32.32148],[-58.14731,-32.32148],[-58.14722,-32.32176],[-58.14769,-32.32185]]],[[[-58.14611,-32.24481],[-58.1463,-32.24509],[-58.1475,-32.24546],[-58.14741,-32.245],[-58.1462,-32.24491],[-58.1462,-32.24426],[-58.14611,-32.24481]]],[[[-58.14833,-32.24472],[-58.1487,-32.24426],[-58.14787,-32.2437],[-58.14815,-32.24417],[-58.14796,-32.24463],[-58.14833,-32.24472]]],[[[-58.14657,-32.24019],[-58.14667,-32.24074],[-58.14685,-32.24074],[-58.14685,-32.24028],[-58.14713,-32.24019],[-58.14657,-32.24019]]],[[[-58.14685,-32.20843],[-58.14667,-32.20861],[-58.14611,-32.20926],[-58.14676,-32.20889],[-58.14685,-32.20843]]],[[[-58.14648,-32.18704],[-58.14648,-32.18731],[-58.14685,-32.18741],[-58.14685,-32.18704],[-58.14648,-32.18704]]],[[[-58.1462,-32.18426],[-58.14694,-32.18454],[-58.14704,-32.185],[-58.14713,-32.18444],[-58.1462,-32.18426]]],[[[-58.14759,-32.18287],[-58.14741,-32.18398],[-58.14796,-32.18324],[-58.14796,-32.18278],[-58.14759,-32.18287]]],[[[-58.14852,-32.18102],[-58.14815,-32.18065],[-58.14806,-32.18167],[-58.14833,-32.18157],[-58.14824,-32.1812],[-58.14852,-32.18102]]],[[[-58.14648,-32.12352],[-58.14685,-32.12389],[-58.14741,-32.12343],[-58.14657,-32.12306],[-58.14648,-32.12269],[-58.14648,-32.12352]]],[[[-58.1462,-32.1225],[-58.14657,-32.12194],[-58.14593,-32.12204],[-58.1462,-32.1225]]],[[[-58.1463,-32.11074],[-58.1462,-32.11111],[-58.14639,-32.1113],[-58.14667,-32.11083],[-58.1463,-32.11074]]],[[[-58.14861,-32.10981],[-58.14778,-32.10972],[-58.14787,-32.10926],[-58.14759,-32.10926],[-58.14769,-32.10991],[-58.14685,-32.10981],[-58.14667,-32.11037],[-58.14694,-32.11],[-58.14769,-32.11009],[-58.14759,-32.11046],[-58.14796,-32.11046],[-58.14843,-32.10991],[-58.14944,-32.11019],[-58.14981,-32.10981],[-58.14926,-32.10954],[-58.14991,-32.10935],[-58.15019,-32.10963],[-58.15046,-32.10917],[-58.14926,-32.10926],[-58.14861,-32.10981]]],[[[-58.14315,-32.34537],[-58.14343,-32.34574],[-58.1438,-32.34574],[-58.1437,-32.34537],[-58.14315,-32.34537]]],[[[-58.14333,-32.34139],[-58.14398,-32.34093],[-58.14343,-32.34102],[-58.14315,-32.34074],[-58.14333,-32.34139]]],[[[-58.14481,-32.33296],[-58.14426,-32.33269],[-58.14426,-32.33361],[-58.14472,-32.33361],[-58.14481,-32.33296]]],[[[-58.14306,-32.32593],[-58.1425,-32.32565],[-58.1425,-32.3263],[-58.14296,-32.3263],[-58.14306,-32.32593]]],[[[-58.14352,-32.32435],[-58.14426,-32.32444],[-58.14361,-32.32435],[-58.1438,-32.32361],[-58.14324,-32.32389],[-58.14352,-32.32435]]],[[[-58.14324,-32.32213],[-58.1425,-32.32185],[-58.14231,-32.32204],[-58.1425,-32.32241],[-58.14259,-32.32241],[-58.14259,-32.32194],[-58.14278,-32.32213],[-58.14324,-32.32213]]],[[[-58.14398,-32.24574],[-58.145,-32.24528],[-58.14546,-32.24565],[-58.14574,-32.24509],[-58.14509,-32.245],[-58.14472,-32.24454],[-58.14556,-32.24407],[-58.14481,-32.24417],[-58.14426,-32.24463],[-58.14417,-32.24528],[-58.1437,-32.24537],[-58.14398,-32.2462],[-58.1438,-32.24657],[-58.14407,-32.24657],[-58.14398,-32.24574]]],[[[-58.1425,-32.21028],[-58.14333,-32.21046],[-58.14333,-32.21028],[-58.14352,-32.21019],[-58.14352,-32.21009],[-58.14324,-32.21],[-58.14324,-32.20954],[-58.1425,-32.21028]]],[[[-58.14343,-32.18565],[-58.1425,-32.18648],[-58.14241,-32.18704],[-58.14269,-32.18648],[-58.14333,-32.1863],[-58.14343,-32.18565]]],[[[-58.1425,-32.18481],[-58.14222,-32.18509],[-58.1425,-32.18519],[-58.14213,-32.18519],[-58.14204,-32.18556],[-58.14269,-32.18519],[-58.1425,-32.18481]]],[[[-58.14389,-32.18574],[-58.14435,-32.18583],[-58.14435,-32.18528],[-58.14389,-32.18574]]],[[[-58.14398,-32.18287],[-58.14417,-32.18296],[-58.14426,-32.18222],[-58.1437,-32.18306],[-58.14324,-32.18306],[-58.14352,-32.1837],[-58.14407,-32.18315],[-58.14398,-32.18287]]],[[[-58.14398,-32.17583],[-58.1437,-32.17593],[-58.14343,-32.17667],[-58.14389,-32.1763],[-58.14398,-32.17583]]],[[[-58.14519,-32.17463],[-58.14574,-32.17472],[-58.14583,-32.17546],[-58.14602,-32.17444],[-58.14537,-32.17435],[-58.14519,-32.17463]]],[[[-58.14519,-32.17102],[-58.14528,-32.17065],[-58.14481,-32.17046],[-58.14481,-32.17102],[-58.14519,-32.17102]]],[[[-58.14463,-32.16889],[-58.14509,-32.16806],[-58.14472,-32.16806],[-58.14444,-32.16759],[-58.14454,-32.16824],[-58.14426,-32.16852],[-58.14472,-32.16843],[-58.14454,-32.16861],[-58.14463,-32.16963],[-58.14426,-32.16981],[-58.14481,-32.16963],[-58.14463,-32.16889]]],[[[-58.14444,-32.17019],[-58.14426,-32.16981],[-58.1437,-32.16981],[-58.1438,-32.17019],[-58.14444,-32.17019]]],[[[-58.14278,-32.12009],[-58.14306,-32.12056],[-58.14324,-32.12009],[-58.14278,-32.12009]]],[[[-58.14352,-32.12065],[-58.14306,-32.12056],[-58.14343,-32.12139],[-58.14361,-32.12139],[-58.14352,-32.12065]]],[[[-58.14259,-32.11509],[-58.14296,-32.11519],[-58.14269,-32.11444],[-58.14259,-32.11444],[-58.14259,-32.11509]]],[[[-58.14083,-32.3275],[-58.1412,-32.3287],[-58.14157,-32.32861],[-58.14139,-32.32787],[-58.14102,-32.32787],[-58.14083,-32.3275]]],[[[-58.14157,-32.32944],[-58.14157,-32.32889],[-58.1412,-32.3288],[-58.14139,-32.32963],[-58.14102,-32.32981],[-58.14176,-32.32963],[-58.14241,-32.33],[-58.1425,-32.32917],[-58.14213,-32.32954],[-58.14194,-32.32926],[-58.14157,-32.32944]]],[[[-58.14037,-32.32519],[-58.14074,-32.32509],[-58.14074,-32.325],[-58.14037,-32.32481],[-58.14028,-32.32519],[-58.14037,-32.32519]]],[[[-58.14074,-32.3263],[-58.14093,-32.32593],[-58.14065,-32.32565],[-58.14093,-32.32565],[-58.14102,-32.32537],[-58.14046,-32.32565],[-58.14074,-32.3263]]],[[[-58.14046,-32.24898],[-58.13954,-32.25019],[-58.14046,-32.25],[-58.14028,-32.25102],[-58.14074,-32.25056],[-58.14157,-32.25083],[-58.14176,-32.25148],[-58.14213,-32.2513],[-58.14194,-32.25065],[-58.14056,-32.25],[-58.14046,-32.24898]]],[[[-58.13981,-32.25176],[-58.14009,-32.25167],[-58.14019,-32.2512],[-58.13981,-32.2512],[-58.13981,-32.25176]]],[[[-58.14009,-32.24565],[-58.14037,-32.24676],[-58.14074,-32.24667],[-58.14028,-32.2463],[-58.14037,-32.24519],[-58.14009,-32.24565]]],[[[-58.14065,-32.24315],[-58.14065,-32.24454],[-58.14093,-32.2438],[-58.1412,-32.24444],[-58.14157,-32.24417],[-58.1412,-32.24426],[-58.1413,-32.2437],[-58.14065,-32.24315]]],[[[-58.14176,-32.23787],[-58.14231,-32.23815],[-58.14287,-32.23815],[-58.14222,-32.23787],[-58.14176,-32.23787]]],[[[-58.13926,-32.23676],[-58.13907,-32.23667],[-58.13907,-32.23685],[-58.1387,-32.23676],[-58.13843,-32.23713],[-58.1388,-32.23713],[-58.13926,-32.23676]]],[[[-58.14176,-32.21194],[-58.14194,-32.21167],[-58.14185,-32.21139],[-58.14148,-32.21148],[-58.14176,-32.21194]]],[[[-58.14167,-32.21241],[-58.14185,-32.21296],[-58.14241,-32.21231],[-58.14185,-32.21259],[-58.14167,-32.21241]]],[[[-58.14083,-32.18843],[-58.14046,-32.1887],[-58.14037,-32.18917],[-58.14083,-32.18898],[-58.14083,-32.18843]]],[[[-58.14157,-32.1862],[-58.1412,-32.18593],[-58.14093,-32.18639],[-58.14157,-32.18657],[-58.14185,-32.18593],[-58.14157,-32.1862]]],[[[-58.13898,-32.18565],[-58.13991,-32.18528],[-58.13991,-32.18481],[-58.13898,-32.18565]]],[[[-58.13907,-32.18491],[-58.13843,-32.18463],[-58.13815,-32.18491],[-58.13907,-32.18491]]],[[[-58.14009,-32.17935],[-58.13981,-32.17898],[-58.14,-32.17944],[-58.13981,-32.17972],[-58.14037,-32.17991],[-58.14074,-32.17926],[-58.14009,-32.17935]]],[[[-58.14009,-32.17991],[-58.13926,-32.18],[-58.13926,-32.18009],[-58.13963,-32.18028],[-58.14009,-32.17991]]],[[[-58.1425,-32.1788],[-58.14259,-32.17824],[-58.14231,-32.17796],[-58.14231,-32.17861],[-58.1425,-32.1788]]],[[[-58.14176,-32.17759],[-58.14148,-32.17787],[-58.14167,-32.17852],[-58.14204,-32.17769],[-58.14194,-32.1775],[-58.14176,-32.17759]]],[[[-58.1425,-32.17556],[-58.14194,-32.1763],[-58.14231,-32.17657],[-58.1425,-32.17556]]],[[[-58.14111,-32.17657],[-58.14102,-32.1775],[-58.14111,-32.1775],[-58.1413,-32.17694],[-58.1412,-32.17694],[-58.14111,-32.17685],[-58.14111,-32.17657]]],[[[-58.14083,-32.13769],[-58.1413,-32.13759],[-58.14102,-32.13731],[-58.14056,-32.13741],[-58.14083,-32.13769]]],[[[-58.13963,-32.13028],[-58.13963,-32.12963],[-58.13926,-32.12944],[-58.13926,-32.13019],[-58.13963,-32.13028]]],[[[-58.13907,-32.1288],[-58.13917,-32.12843],[-58.1387,-32.12787],[-58.13861,-32.12824],[-58.13907,-32.1288]]],[[[-58.14296,-32.11611],[-58.14231,-32.11593],[-58.14176,-32.11704],[-58.14278,-32.11657],[-58.14296,-32.11611]]],[[[-58.13889,-32.32972],[-58.13917,-32.32926],[-58.13833,-32.32907],[-58.13889,-32.32972]]],[[[-58.13713,-32.32898],[-58.13704,-32.32861],[-58.13704,-32.32843],[-58.13667,-32.32861],[-58.13713,-32.32898]]],[[[-58.13574,-32.2362],[-58.13574,-32.23537],[-58.13537,-32.23583],[-58.13546,-32.2362],[-58.13574,-32.2362]]],[[[-58.1363,-32.23213],[-58.13667,-32.23296],[-58.13639,-32.23306],[-58.13611,-32.23269],[-58.13583,-32.23306],[-58.13685,-32.23324],[-58.13657,-32.23231],[-58.13713,-32.23213],[-58.13713,-32.23176],[-58.1363,-32.23213]]],[[[-58.13537,-32.23241],[-58.13546,-32.23204],[-58.13454,-32.23222],[-58.13454,-32.23231],[-58.13537,-32.23241]]],[[[-58.1375,-32.20019],[-58.13824,-32.19981],[-58.13778,-32.19991],[-58.13769,-32.19944],[-58.1375,-32.20019]]],[[[-58.13565,-32.19222],[-58.13602,-32.19222],[-58.13593,-32.19176],[-58.13565,-32.19213],[-58.13509,-32.19148],[-58.13565,-32.19222]]],[[[-58.13519,-32.18454],[-58.13565,-32.18398],[-58.13537,-32.18389],[-58.13519,-32.18454]]],[[[-58.1387,-32.18074],[-58.1388,-32.18028],[-58.13889,-32.17981],[-58.13843,-32.18],[-58.13833,-32.18056],[-58.1387,-32.18074]]],[[[-58.13537,-32.16491],[-58.13537,-32.16519],[-58.13537,-32.16546],[-58.13574,-32.16519],[-58.13537,-32.16491]]],[[[-58.13602,-32.16259],[-58.13593,-32.16222],[-58.13528,-32.16296],[-58.13519,-32.16333],[-58.13602,-32.16259]]],[[[-58.13611,-32.15407],[-58.13556,-32.15389],[-58.13556,-32.15435],[-58.13509,-32.15417],[-58.13454,-32.15454],[-58.13528,-32.15435],[-58.13528,-32.15491],[-58.13602,-32.15481],[-58.13556,-32.15444],[-58.13611,-32.15407]]],[[[-58.1363,-32.15694],[-58.1363,-32.1562],[-58.13583,-32.15602],[-58.13602,-32.15583],[-58.13593,-32.15546],[-58.13611,-32.155],[-58.13602,-32.15481],[-58.13574,-32.15611],[-58.13611,-32.1562],[-58.13611,-32.15685],[-58.13435,-32.15667],[-58.13426,-32.15694],[-58.13491,-32.15694],[-58.13528,-32.15769],[-58.13528,-32.15694],[-58.1363,-32.15694]]],[[[-58.13759,-32.14889],[-58.13806,-32.14889],[-58.1375,-32.14852],[-58.13722,-32.14861],[-58.13741,-32.14917],[-58.13713,-32.14926],[-58.13713,-32.14991],[-58.13759,-32.14889]]],[[[-58.13648,-32.14852],[-58.13676,-32.14778],[-58.13722,-32.14769],[-58.13657,-32.14769],[-58.13648,-32.14852]]],[[[-58.135,-32.14944],[-58.13648,-32.14852],[-58.13602,-32.14852],[-58.13519,-32.14759],[-58.13491,-32.14787],[-58.13426,-32.14759],[-58.13398,-32.14824],[-58.13435,-32.14824],[-58.13454,-32.14778],[-58.13565,-32.14815],[-58.13509,-32.14852],[-58.13583,-32.1488],[-58.13519,-32.14898],[-58.135,-32.14944]]],[[[-58.13741,-32.14759],[-58.13824,-32.14778],[-58.13796,-32.14815],[-58.13824,-32.14833],[-58.13833,-32.14769],[-58.13806,-32.14759],[-58.13806,-32.14722],[-58.13741,-32.14759]]],[[[-58.13574,-32.14565],[-58.13574,-32.14481],[-58.13481,-32.14519],[-58.13574,-32.14565]]],[[[-58.13722,-32.13148],[-58.13704,-32.13204],[-58.13759,-32.13204],[-58.13769,-32.13176],[-58.13722,-32.13148]]],[[[-58.13731,-32.12806],[-58.13796,-32.12852],[-58.13815,-32.12815],[-58.13731,-32.12704],[-58.13731,-32.12806]]],[[[-58.13685,-32.1238],[-58.13731,-32.12398],[-58.13731,-32.12435],[-58.13741,-32.12435],[-58.13759,-32.12343],[-58.13704,-32.12333],[-58.13685,-32.1238]]],[[[-58.13769,-32.12472],[-58.13704,-32.12481],[-58.13704,-32.12444],[-58.13676,-32.12444],[-58.13704,-32.125],[-58.13769,-32.125],[-58.13769,-32.12472]]],[[[-58.13509,-32.12157],[-58.13509,-32.12231],[-58.13565,-32.12222],[-58.13574,-32.12315],[-58.13593,-32.12167],[-58.13565,-32.12157],[-58.13537,-32.12194],[-58.13509,-32.12157]]],[[[-58.13583,-32.11722],[-58.13528,-32.11704],[-58.13519,-32.11741],[-58.13546,-32.11741],[-58.13574,-32.11722],[-58.1363,-32.11778],[-58.13583,-32.11722]]],[[[-58.13657,-32.11843],[-58.13657,-32.11815],[-58.13611,-32.11778],[-58.13602,-32.11806],[-58.13657,-32.11843]]],[[[-58.13815,-32.1087],[-58.13759,-32.10954],[-58.13843,-32.10935],[-58.13815,-32.10907],[-58.13833,-32.1088],[-58.13907,-32.10935],[-58.13944,-32.10935],[-58.13889,-32.10898],[-58.13889,-32.10843],[-58.13815,-32.10861],[-58.13806,-32.10824],[-58.13778,-32.1087],[-58.13815,-32.1087]]],[[[-58.13926,-32.10593],[-58.13898,-32.10556],[-58.13861,-32.10546],[-58.13796,-32.10602],[-58.13843,-32.10648],[-58.13843,-32.10611],[-58.13889,-32.1063],[-58.13926,-32.10593]]],[[[-58.13787,-32.1075],[-58.13676,-32.10741],[-58.13806,-32.10787],[-58.13806,-32.10731],[-58.13833,-32.10722],[-58.13861,-32.10769],[-58.13889,-32.10731],[-58.13852,-32.10648],[-58.13787,-32.1075]]],[[[-58.13509,-32.10259],[-58.13556,-32.10157],[-58.13528,-32.10176],[-58.135,-32.10241],[-58.13463,-32.10204],[-58.13463,-32.1025],[-58.13509,-32.10259]]],[[[-58.13389,-32.10185],[-58.13361,-32.10213],[-58.13463,-32.10278],[-58.13435,-32.10241],[-58.13454,-32.10204],[-58.13389,-32.10185]]],[[[-58.13454,-32.10352],[-58.13519,-32.10361],[-58.13472,-32.10333],[-58.13472,-32.10278],[-58.13454,-32.10352]]],[[[-58.13759,-32.10481],[-58.13565,-32.10407],[-58.13537,-32.10435],[-58.13546,-32.1037],[-58.13519,-32.10361],[-58.13509,-32.10435],[-58.13537,-32.10463],[-58.13759,-32.10481]]],[[[-58.13769,-32.10565],[-58.13796,-32.10509],[-58.13833,-32.10556],[-58.13815,-32.10481],[-58.13759,-32.10537],[-58.13769,-32.10565]]],[[[-58.13269,-32.33056],[-58.13241,-32.33009],[-58.13222,-32.33009],[-58.13231,-32.33056],[-58.13269,-32.33056]]],[[[-58.13315,-32.28991],[-58.1338,-32.28963],[-58.13315,-32.28954],[-58.13315,-32.28991]]],[[[-58.13176,-32.29019],[-58.13204,-32.29074],[-58.13278,-32.29046],[-58.13213,-32.29056],[-58.13231,-32.29028],[-58.13176,-32.29019]]],[[[-58.13176,-32.28685],[-58.13241,-32.28657],[-58.13306,-32.28657],[-58.13315,-32.28685],[-58.13352,-32.28667],[-58.13278,-32.28593],[-58.1325,-32.28648],[-58.13213,-32.28639],[-58.13222,-32.2862],[-58.13213,-32.28602],[-58.13176,-32.28685]]],[[[-58.13324,-32.28417],[-58.13259,-32.28315],[-58.13287,-32.28444],[-58.13296,-32.28444],[-58.13306,-32.28472],[-58.13315,-32.28481],[-58.13324,-32.28481],[-58.13296,-32.28435],[-58.13324,-32.28417]]],[[[-58.13444,-32.2887],[-58.13519,-32.28852],[-58.13556,-32.2888],[-58.13565,-32.28852],[-58.13556,-32.28815],[-58.13481,-32.28843],[-58.13454,-32.28796],[-58.135,-32.28778],[-58.135,-32.28694],[-58.13463,-32.28648],[-58.13435,-32.28648],[-58.13463,-32.28685],[-58.13407,-32.28741],[-58.13472,-32.28852],[-58.13417,-32.28861],[-58.13417,-32.28889],[-58.13481,-32.28935],[-58.13444,-32.2887]],[[-58.13444,-32.28722],[-58.13491,-32.28704],[-58.13491,-32.28769],[-58.13444,-32.28759],[-58.13444,-32.28722]]],[[[-58.13204,-32.28435],[-58.1325,-32.28398],[-58.13194,-32.2837],[-58.13185,-32.28333],[-58.13176,-32.28407],[-58.13204,-32.28435]]],[[[-58.13213,-32.24083],[-58.13213,-32.24046],[-58.13028,-32.24046],[-58.13056,-32.24028],[-58.13037,-32.24],[-58.12991,-32.24009],[-58.13,-32.24046],[-58.12944,-32.24046],[-58.12935,-32.23981],[-58.12824,-32.24056],[-58.1275,-32.24028],[-58.12759,-32.24065],[-58.12806,-32.24074],[-58.12759,-32.24074],[-58.12713,-32.2412],[-58.12722,-32.24056],[-58.1263,-32.24065],[-58.12676,-32.24157],[-58.12769,-32.2412],[-58.12852,-32.24139],[-58.1287,-32.24185],[-58.12917,-32.24194],[-58.12944,-32.24287],[-58.12935,-32.24324],[-58.12898,-32.24315],[-58.12889,-32.24407],[-58.12769,-32.24426],[-58.12778,-32.24463],[-58.12815,-32.24435],[-58.12861,-32.24454],[-58.12833,-32.24481],[-58.12852,-32.24583],[-58.12815,-32.24593],[-58.12713,-32.24769],[-58.12667,-32.24722],[-58.12657,-32.24657],[-58.12602,-32.24639],[-58.12593,-32.24565],[-58.1263,-32.24509],[-58.12593,-32.24509],[-58.12556,-32.2462],[-58.12593,-32.24685],[-58.12639,-32.24694],[-58.1263,-32.24769],[-58.12741,-32.24796],[-58.12759,-32.24731],[-58.12815,-32.24685],[-58.12806,-32.24648],[-58.12861,-32.24602],[-58.1288,-32.24454],[-58.12944,-32.24417],[-58.12963,-32.24231],[-58.12926,-32.24213],[-58.12898,-32.24093],[-58.13074,-32.24056],[-58.13167,-32.2413],[-58.13176,-32.24176],[-58.13231,-32.24185],[-58.13148,-32.24102],[-58.13148,-32.24074],[-58.13213,-32.24083]]],[[[-58.13343,-32.24213],[-58.13444,-32.24269],[-58.13444,-32.24296],[-58.13546,-32.24278],[-58.13583,-32.24315],[-58.13593,-32.24417],[-58.1362,-32.2438],[-58.13657,-32.24417],[-58.13694,-32.2437],[-58.13796,-32.24398],[-58.13759,-32.24435],[-58.1388,-32.24426],[-58.13898,-32.24463],[-58.13963,-32.24472],[-58.13898,-32.24417],[-58.13759,-32.2438],[-58.13796,-32.2437],[-58.13778,-32.24306],[-58.1375,-32.24306],[-58.13741,-32.24352],[-58.13676,-32.24352],[-58.13657,-32.24287],[-58.13593,-32.24315],[-58.13556,-32.24269],[-58.13463,-32.24231],[-58.13231,-32.24185],[-58.13343,-32.24213]]],[[[-58.12546,-32.24481],[-58.12574,-32.24491],[-58.12556,-32.24472],[-58.12481,-32.24491],[-58.12472,-32.24556],[-58.12546,-32.24481]]],[[[-58.1313,-32.23389],[-58.13222,-32.2338],[-58.13231,-32.23361],[-58.13139,-32.2337],[-58.1313,-32.23389]]],[[[-58.13269,-32.19731],[-58.13241,-32.19676],[-58.13204,-32.19676],[-58.13269,-32.19731]]],[[[-58.13426,-32.19713],[-58.13481,-32.19741],[-58.13463,-32.19704],[-58.13491,-32.19694],[-58.13491,-32.19583],[-58.13426,-32.19713]]],[[[-58.13454,-32.19537],[-58.13435,-32.195],[-58.1337,-32.195],[-58.1337,-32.19528],[-58.13454,-32.19537]]],[[[-58.13269,-32.195],[-58.13296,-32.19398],[-58.13259,-32.19398],[-58.13241,-32.195],[-58.13269,-32.195]]],[[[-58.13435,-32.19176],[-58.13389,-32.19231],[-58.13398,-32.1925],[-58.13435,-32.19222],[-58.13435,-32.19176]]],[[[-58.13454,-32.19009],[-58.13519,-32.19111],[-58.13519,-32.19037],[-58.13454,-32.19009]]],[[[-58.13269,-32.18843],[-58.13269,-32.1888],[-58.13324,-32.18861],[-58.13306,-32.18833],[-58.13269,-32.18843]]],[[[-58.13259,-32.18833],[-58.13324,-32.18676],[-58.13287,-32.18694],[-58.13259,-32.18833]]],[[[-58.13204,-32.16537],[-58.13167,-32.16528],[-58.13157,-32.16556],[-58.13185,-32.16565],[-58.13204,-32.16537]]],[[[-58.13231,-32.16185],[-58.13361,-32.16139],[-58.13315,-32.16148],[-58.13306,-32.1612],[-58.13231,-32.16185]]],[[[-58.13398,-32.15611],[-58.13472,-32.1562],[-58.13426,-32.15556],[-58.13398,-32.15611]]],[[[-58.13269,-32.15574],[-58.13324,-32.15481],[-58.13287,-32.155],[-58.13269,-32.15574]]],[[[-58.13176,-32.15176],[-58.13157,-32.15213],[-58.13204,-32.15231],[-58.13213,-32.15176],[-58.13176,-32.15176]]],[[[-58.1337,-32.15148],[-58.13213,-32.1512],[-58.13231,-32.15176],[-58.13296,-32.15148],[-58.13389,-32.15204],[-58.13296,-32.15231],[-58.13333,-32.15259],[-58.13315,-32.15296],[-58.13352,-32.15296],[-58.13407,-32.15222],[-58.1337,-32.15157],[-58.13333,-32.15157],[-58.1337,-32.15148]]],[[[-58.13231,-32.15046],[-58.13269,-32.14972],[-58.13269,-32.14954],[-58.13231,-32.14954],[-58.13241,-32.15],[-58.13213,-32.15046],[-58.13167,-32.15056],[-58.13157,-32.15111],[-58.13231,-32.15046]]],[[[-58.13185,-32.15019],[-58.13148,-32.14981],[-58.1312,-32.15009],[-58.13139,-32.15056],[-58.13185,-32.15019]]],[[[-58.13426,-32.15065],[-58.13491,-32.14981],[-58.13444,-32.14981],[-58.13426,-32.15065]]],[[[-58.1325,-32.14778],[-58.13278,-32.14787],[-58.13306,-32.14778],[-58.13389,-32.14694],[-58.13343,-32.14676],[-58.13343,-32.14713],[-58.13287,-32.14731],[-58.13296,-32.14769],[-58.1325,-32.14778]]],[[[-58.13491,-32.1463],[-58.13481,-32.14574],[-58.13463,-32.14565],[-58.13454,-32.14639],[-58.13491,-32.1463]]],[[[-58.13204,-32.13111],[-58.13194,-32.13046],[-58.13185,-32.13046],[-58.13194,-32.1312],[-58.13241,-32.13139],[-58.13204,-32.13111]]],[[[-58.13454,-32.11981],[-58.13454,-32.12037],[-58.13472,-32.12037],[-58.13491,-32.12009],[-58.13454,-32.11981]]],[[[-58.13454,-32.11565],[-58.13389,-32.11611],[-58.13315,-32.1163],[-58.13417,-32.11657],[-58.13407,-32.1162],[-58.13454,-32.11565]]],[[[-58.13407,-32.10648],[-58.13463,-32.10593],[-58.13407,-32.10593],[-58.13398,-32.10565],[-58.13398,-32.1062],[-58.13361,-32.1063],[-58.13407,-32.10648]]],[[[-58.13491,-32.10472],[-58.13454,-32.10426],[-58.13426,-32.10463],[-58.13491,-32.10472]]],[[[-58.13389,-32.10352],[-58.13435,-32.10306],[-58.13426,-32.10278],[-58.13352,-32.10296],[-58.13352,-32.10343],[-58.13389,-32.10352]]],[[[-58.13315,-32.10028],[-58.13204,-32.10065],[-58.13324,-32.10046],[-58.13343,-32.10111],[-58.13463,-32.10111],[-58.13343,-32.10074],[-58.13315,-32.10028]]],[[[-58.13019,-32.28046],[-58.12954,-32.28056],[-58.12935,-32.2813],[-58.13046,-32.28102],[-58.13056,-32.2813],[-58.13074,-32.2813],[-58.13074,-32.28139],[-58.13093,-32.28139],[-58.13093,-32.28148],[-58.13102,-32.28148],[-58.13019,-32.28046]]],[[[-58.1312,-32.28176],[-58.13167,-32.28213],[-58.13167,-32.28241],[-58.13176,-32.28241],[-58.13185,-32.28204],[-58.1312,-32.28176]]],[[[-58.12852,-32.23231],[-58.12889,-32.23259],[-58.12926,-32.2325],[-58.12898,-32.23231],[-58.12852,-32.23231]]],[[[-58.13065,-32.22389],[-58.13037,-32.22407],[-58.13037,-32.22435],[-58.13083,-32.22426],[-58.13065,-32.22389]]],[[[-58.13083,-32.20389],[-58.1313,-32.20444],[-58.13157,-32.20426],[-58.13102,-32.2037],[-58.13083,-32.20389]]],[[[-58.12954,-32.19056],[-58.12991,-32.19046],[-58.12926,-32.19009],[-58.12944,-32.19111],[-58.12954,-32.19056]]],[[[-58.12972,-32.18352],[-58.12907,-32.18343],[-58.12861,-32.1837],[-58.12963,-32.1837],[-58.12972,-32.18352]]],[[[-58.12981,-32.16324],[-58.13074,-32.16306],[-58.12981,-32.16296],[-58.12981,-32.16324]]],[[[-58.12963,-32.15454],[-58.12917,-32.155],[-58.12926,-32.15546],[-58.12963,-32.15491],[-58.12963,-32.15454]]],[[[-58.1312,-32.15491],[-58.13157,-32.15481],[-58.13213,-32.15426],[-58.13102,-32.15444],[-58.13093,-32.15407],[-58.13074,-32.15463],[-58.13102,-32.15454],[-58.1312,-32.15491]]],[[[-58.12741,-32.15111],[-58.12972,-32.1513],[-58.13009,-32.15204],[-58.13046,-32.15167],[-58.12991,-32.1513],[-58.13046,-32.15074],[-58.12944,-32.15111],[-58.1288,-32.15074],[-58.12898,-32.15037],[-58.12806,-32.15111],[-58.12741,-32.15111]]],[[[-58.13139,-32.14861],[-58.13148,-32.14917],[-58.1325,-32.1488],[-58.13222,-32.1488],[-58.13194,-32.14843],[-58.13139,-32.14861]]],[[[-58.13102,-32.14269],[-58.13046,-32.14222],[-58.13046,-32.14259],[-58.13102,-32.14269]]],[[[-58.13093,-32.14176],[-58.13083,-32.14157],[-58.12981,-32.14167],[-58.12972,-32.14287],[-58.13009,-32.14176],[-58.13093,-32.14176]]],[[[-58.12935,-32.13907],[-58.12944,-32.13907],[-58.12944,-32.13843],[-58.12907,-32.13843],[-58.12935,-32.13907]]],[[[-58.1312,-32.13963],[-58.13157,-32.14019],[-58.13157,-32.13944],[-58.1312,-32.13963]]],[[[-58.12917,-32.13102],[-58.12889,-32.13065],[-58.1287,-32.13102],[-58.12907,-32.13111],[-58.12898,-32.13222],[-58.12935,-32.13222],[-58.12917,-32.13102]]],[[[-58.13046,-32.13287],[-58.12981,-32.13269],[-58.13046,-32.13333],[-58.13046,-32.13287]]],[[[-58.13046,-32.1363],[-58.13093,-32.13481],[-58.13093,-32.13435],[-58.13019,-32.13556],[-58.13019,-32.13648],[-58.12981,-32.1362],[-58.12991,-32.13685],[-58.13009,-32.13657],[-58.13037,-32.13685],[-58.13083,-32.13657],[-58.13046,-32.1363]]],[[[-58.12861,-32.12602],[-58.12833,-32.12713],[-58.1287,-32.12685],[-58.12861,-32.12602]]],[[[-58.1287,-32.12759],[-58.12787,-32.12694],[-58.12787,-32.12824],[-58.1287,-32.12759]]],[[[-58.12935,-32.12731],[-58.12926,-32.12769],[-58.12806,-32.12833],[-58.12898,-32.12815],[-58.1287,-32.12852],[-58.12907,-32.1288],[-58.12917,-32.12815],[-58.12954,-32.12815],[-58.12963,-32.1287],[-58.12963,-32.12759],[-58.12935,-32.12731]]],[[[-58.12815,-32.13009],[-58.12861,-32.13019],[-58.1288,-32.12898],[-58.12852,-32.12944],[-58.12787,-32.12954],[-58.12815,-32.13009]]],[[[-58.12907,-32.12583],[-58.12907,-32.12537],[-58.12852,-32.12565],[-58.1287,-32.12593],[-58.12907,-32.12583]]],[[[-58.12972,-32.12491],[-58.12944,-32.12481],[-58.12898,-32.125],[-58.12954,-32.12519],[-58.12972,-32.12491]]],[[[-58.12981,-32.11352],[-58.12981,-32.11389],[-58.13009,-32.1138],[-58.13019,-32.11343],[-58.12981,-32.11352]]],[[[-58.13056,-32.10463],[-58.13028,-32.10509],[-58.13111,-32.10472],[-58.13056,-32.10463]]],[[[-58.13315,-32.10148],[-58.13269,-32.10083],[-58.13222,-32.10111],[-58.13204,-32.10074],[-58.13204,-32.1012],[-58.13241,-32.1012],[-58.13222,-32.10213],[-58.13194,-32.10222],[-58.13176,-32.10176],[-58.13176,-32.10241],[-58.13093,-32.10278],[-58.1313,-32.10296],[-58.13139,-32.10269],[-58.13278,-32.10222],[-58.13306,-32.1025],[-58.13315,-32.10148]]],[[[-58.13046,-32.10343],[-58.12889,-32.10241],[-58.12907,-32.10324],[-58.12981,-32.10333],[-58.12991,-32.1038],[-58.13102,-32.10352],[-58.13093,-32.10278],[-58.13046,-32.10343]]],[[[-58.12759,-32.35],[-58.12787,-32.34917],[-58.12704,-32.3488],[-58.12704,-32.34907],[-58.12759,-32.35]]],[[[-58.12704,-32.32056],[-58.12685,-32.31991],[-58.12676,-32.31991],[-58.12667,-32.32046],[-58.12704,-32.32056]]],[[[-58.12676,-32.31963],[-58.12741,-32.31981],[-58.12769,-32.31981],[-58.12741,-32.31963],[-58.12731,-32.31926],[-58.12722,-32.31954],[-58.12685,-32.31926],[-58.12676,-32.31963]]],[[[-58.12593,-32.28519],[-58.12602,-32.28472],[-58.12565,-32.28491],[-58.12509,-32.28454],[-58.12546,-32.28481],[-58.12528,-32.28519],[-58.12546,-32.285],[-58.12583,-32.28537],[-58.12537,-32.28546],[-58.12556,-32.28565],[-58.12602,-32.28546],[-58.12611,-32.28574],[-58.1263,-32.28546],[-58.12593,-32.28519]]],[[[-58.12657,-32.28574],[-58.12611,-32.28574],[-58.1263,-32.2862],[-58.12611,-32.28667],[-58.12574,-32.28648],[-58.12528,-32.28676],[-58.12657,-32.28685],[-58.12685,-32.2862],[-58.12639,-32.28593],[-58.12676,-32.28565],[-58.12694,-32.28593],[-58.12731,-32.28583],[-58.12704,-32.28583],[-58.12657,-32.28537],[-58.12657,-32.28574]]],[[[-58.12731,-32.28574],[-58.12759,-32.28583],[-58.12806,-32.28565],[-58.12889,-32.28602],[-58.12824,-32.28556],[-58.12731,-32.28574]]],[[[-58.12926,-32.2862],[-58.12944,-32.28713],[-58.12963,-32.28676],[-58.12963,-32.28593],[-58.12926,-32.2862]]],[[[-58.12519,-32.28667],[-58.12528,-32.28565],[-58.12509,-32.28602],[-58.12481,-32.28537],[-58.12481,-32.2863],[-58.12519,-32.28667]]],[[[-58.12657,-32.28481],[-58.12713,-32.28481],[-58.12713,-32.28398],[-58.1262,-32.28417],[-58.12657,-32.28481]]],[[[-58.1263,-32.28352],[-58.12593,-32.28361],[-58.12574,-32.2838],[-58.1263,-32.28389],[-58.1263,-32.28352]]],[[[-58.1288,-32.28213],[-58.12852,-32.28176],[-58.12759,-32.28139],[-58.12787,-32.28194],[-58.1288,-32.28213]]],[[[-58.12676,-32.27509],[-58.1263,-32.27444],[-58.12602,-32.27472],[-58.12574,-32.27444],[-58.12593,-32.27491],[-58.12556,-32.27528],[-58.12602,-32.27556],[-58.1262,-32.275],[-58.12741,-32.27528],[-58.12731,-32.27481],[-58.12676,-32.27509]]],[[[-58.12944,-32.27787],[-58.12935,-32.2775],[-58.12907,-32.27778],[-58.1288,-32.27759],[-58.12981,-32.27657],[-58.12935,-32.27685],[-58.12898,-32.27676],[-58.12981,-32.27602],[-58.13,-32.27648],[-58.13,-32.27593],[-58.12926,-32.2762],[-58.12944,-32.27556],[-58.12889,-32.27574],[-58.12861,-32.27528],[-58.12824,-32.27556],[-58.12741,-32.27528],[-58.12806,-32.27574],[-58.12852,-32.27556],[-58.12907,-32.27611],[-58.12898,-32.27657],[-58.12861,-32.27667],[-58.12889,-32.27704],[-58.1287,-32.27806],[-58.12815,-32.27815],[-58.12796,-32.2788],[-58.12778,-32.27852],[-58.12713,-32.2788],[-58.12796,-32.27917],[-58.12843,-32.27861],[-58.12935,-32.27861],[-58.12972,-32.27806],[-58.13019,-32.27843],[-58.13,-32.27824],[-58.13019,-32.27787],[-58.12944,-32.27787]]],[[[-58.13065,-32.27843],[-58.13009,-32.2788],[-58.13019,-32.27907],[-58.13065,-32.27889],[-58.13065,-32.27843]]],[[[-58.12963,-32.27954],[-58.13028,-32.27954],[-58.13,-32.27898],[-58.12963,-32.27954]]],[[[-58.1287,-32.23796],[-58.12852,-32.23759],[-58.12824,-32.23787],[-58.12843,-32.23815],[-58.1287,-32.23796]]],[[[-58.12769,-32.23509],[-58.12722,-32.23454],[-58.12722,-32.235],[-58.12769,-32.23509]]],[[[-58.12685,-32.20685],[-58.12741,-32.20667],[-58.12713,-32.2062],[-58.12685,-32.20685]]],[[[-58.12648,-32.20657],[-58.12648,-32.20593],[-58.1262,-32.20565],[-58.1262,-32.2063],[-58.12565,-32.20657],[-58.12583,-32.20694],[-58.12648,-32.20657]]],[[[-58.12602,-32.20722],[-58.12583,-32.20694],[-58.12556,-32.20704],[-58.12565,-32.20741],[-58.12602,-32.20722]]],[[[-58.12843,-32.20315],[-58.12787,-32.20287],[-58.12796,-32.20389],[-58.12769,-32.20407],[-58.12806,-32.20407],[-58.12806,-32.20343],[-58.12843,-32.20315]]],[[[-58.12889,-32.20352],[-58.12889,-32.20315],[-58.12852,-32.20315],[-58.12843,-32.20361],[-58.12889,-32.20352]]],[[[-58.12713,-32.19935],[-58.12639,-32.19889],[-58.12611,-32.19889],[-58.12639,-32.19917],[-58.1263,-32.19963],[-58.12648,-32.19935],[-58.12713,-32.19935]]],[[[-58.12722,-32.17731],[-58.12676,-32.17722],[-58.12667,-32.17694],[-58.12676,-32.17778],[-58.12722,-32.17731]]],[[[-58.12667,-32.17519],[-58.12685,-32.17602],[-58.12713,-32.17602],[-58.12713,-32.17537],[-58.12667,-32.17519]]],[[[-58.12676,-32.16759],[-58.12648,-32.16815],[-58.12685,-32.16796],[-58.12694,-32.16843],[-58.12704,-32.16806],[-58.12741,-32.16815],[-58.12676,-32.16787],[-58.12676,-32.16759]]],[[[-58.12741,-32.16824],[-58.12667,-32.1687],[-58.12713,-32.16889],[-58.12741,-32.16824]]],[[[-58.12574,-32.16824],[-58.12556,-32.16843],[-58.12556,-32.16935],[-58.12583,-32.16833],[-58.12657,-32.16852],[-58.12657,-32.16824],[-58.12574,-32.16824]]],[[[-58.12611,-32.16574],[-58.12574,-32.16602],[-58.12574,-32.16657],[-58.12583,-32.16611],[-58.1262,-32.16602],[-58.12611,-32.16574]]],[[[-58.12722,-32.16083],[-58.12685,-32.16083],[-58.12648,-32.16111],[-58.12685,-32.16111],[-58.12722,-32.16083]]],[[[-58.12722,-32.16093],[-58.12731,-32.16157],[-58.12787,-32.1613],[-58.12722,-32.16093]]],[[[-58.12907,-32.16241],[-58.12898,-32.1612],[-58.1287,-32.16111],[-58.1288,-32.16148],[-58.12815,-32.16139],[-58.12778,-32.16204],[-58.12815,-32.16204],[-58.12787,-32.16222],[-58.12833,-32.16269],[-58.12907,-32.16241]],[[-58.12824,-32.16167],[-58.1288,-32.16157],[-58.12889,-32.16241],[-58.12824,-32.16241],[-58.12824,-32.16167]]],[[[-58.12898,-32.16343],[-58.12935,-32.16259],[-58.1288,-32.16296],[-58.12861,-32.16269],[-58.12833,-32.16269],[-58.12907,-32.16398],[-58.12926,-32.16398],[-58.12926,-32.16389],[-58.12898,-32.16343]]],[[[-58.12528,-32.1587],[-58.12593,-32.15991],[-58.12648,-32.15972],[-58.12648,-32.16019],[-58.12704,-32.16019],[-58.12713,-32.16046],[-58.12713,-32.15944],[-58.12685,-32.15935],[-58.12713,-32.15898],[-58.12639,-32.15898],[-58.12676,-32.15926],[-58.12648,-32.15954],[-58.12593,-32.15926],[-58.12574,-32.15861],[-58.12528,-32.1587]]],[[[-58.12824,-32.15731],[-58.12778,-32.15759],[-58.12778,-32.15769],[-58.12824,-32.15769],[-58.12824,-32.15731]]],[[[-58.12657,-32.13676],[-58.12704,-32.13713],[-58.12685,-32.13667],[-58.12593,-32.13657],[-58.12565,-32.13685],[-58.12657,-32.13676]]],[[[-58.12676,-32.13417],[-58.12565,-32.13472],[-58.12611,-32.135],[-58.1263,-32.13444],[-58.12676,-32.13417]]],[[[-58.12657,-32.12556],[-58.12676,-32.12528],[-58.1263,-32.12454],[-58.12593,-32.12463],[-58.12593,-32.12519],[-58.12657,-32.12556]]],[[[-58.12648,-32.12213],[-58.12593,-32.12204],[-58.1263,-32.12269],[-58.1262,-32.12352],[-58.12694,-32.12352],[-58.12685,-32.12231],[-58.12741,-32.12222],[-58.12704,-32.12213],[-58.12713,-32.12176],[-58.12657,-32.12111],[-58.12611,-32.1212],[-58.12648,-32.12148],[-58.12648,-32.12213]]],[[[-58.12843,-32.12315],[-58.12741,-32.12231],[-58.1275,-32.12259],[-58.12843,-32.12315]]],[[[-58.12833,-32.1238],[-58.12843,-32.12315],[-58.12806,-32.12352],[-58.1288,-32.12481],[-58.1287,-32.12407],[-58.12833,-32.1238]]],[[[-58.12685,-32.1075],[-58.12667,-32.10676],[-58.12648,-32.10722],[-58.12685,-32.1075]]],[[[-58.12685,-32.10102],[-58.12731,-32.1012],[-58.12694,-32.10148],[-58.12722,-32.10213],[-58.12685,-32.10241],[-58.12648,-32.10222],[-58.12639,-32.10296],[-58.12787,-32.10296],[-58.12769,-32.10213],[-58.12796,-32.10213],[-58.12806,-32.10167],[-58.12935,-32.10194],[-58.12917,-32.10157],[-58.12787,-32.10139],[-58.12787,-32.1],[-58.12704,-32.10046],[-58.12685,-32.10102]]],[[[-58.12667,-32.1012],[-58.12657,-32.10065],[-58.1262,-32.10056],[-58.12648,-32.10083],[-58.12639,-32.10139],[-58.12667,-32.1012]]],[[[-58.12546,-32.34759],[-58.12444,-32.34778],[-58.12444,-32.34787],[-58.12509,-32.34796],[-58.12546,-32.34759]]],[[[-58.12509,-32.34731],[-58.12481,-32.34759],[-58.12528,-32.34731],[-58.12481,-32.34676],[-58.12472,-32.34713],[-58.12509,-32.34731]]],[[[-58.12481,-32.31796],[-58.12583,-32.31843],[-58.12481,-32.31759],[-58.12481,-32.31796]]],[[[-58.12435,-32.28565],[-58.12389,-32.28565],[-58.1237,-32.28537],[-58.1238,-32.28593],[-58.12435,-32.28565]]],[[[-58.1237,-32.28565],[-58.12343,-32.2862],[-58.12417,-32.28611],[-58.1237,-32.28593],[-58.1237,-32.28565]]],[[[-58.12296,-32.28713],[-58.12269,-32.2875],[-58.12333,-32.28769],[-58.12269,-32.28833],[-58.12343,-32.28796],[-58.12361,-32.28676],[-58.12417,-32.28639],[-58.12343,-32.2863],[-58.12352,-32.28713],[-58.12296,-32.28713]]],[[[-58.12463,-32.2837],[-58.12444,-32.28417],[-58.12389,-32.28426],[-58.12426,-32.28472],[-58.12481,-32.28454],[-58.12444,-32.28435],[-58.12472,-32.28417],[-58.12463,-32.2837]]],[[[-58.12537,-32.27972],[-58.12574,-32.27935],[-58.12574,-32.27926],[-58.12537,-32.27926],[-58.12537,-32.27972]]],[[[-58.12352,-32.27444],[-58.12259,-32.27481],[-58.12315,-32.27481],[-58.12315,-32.27491],[-58.12343,-32.27491],[-58.12352,-32.27472],[-58.12352,-32.27444]]],[[[-58.12269,-32.27491],[-58.1225,-32.27565],[-58.12306,-32.27556],[-58.12269,-32.27491]]],[[[-58.12602,-32.25954],[-58.12519,-32.2588],[-58.12352,-32.25898],[-58.1237,-32.25935],[-58.12519,-32.25898],[-58.12593,-32.25954],[-58.1262,-32.26111],[-58.12639,-32.26037],[-58.12602,-32.25954]]],[[[-58.12611,-32.26111],[-58.12574,-32.26259],[-58.12611,-32.26194],[-58.12611,-32.26111]]],[[[-58.12565,-32.26315],[-58.12481,-32.26287],[-58.12509,-32.26352],[-58.12593,-32.26324],[-58.12583,-32.26269],[-58.12556,-32.26259],[-58.12565,-32.26315]]],[[[-58.12324,-32.25917],[-58.12343,-32.25898],[-58.12296,-32.25898],[-58.12278,-32.25935],[-58.12352,-32.25963],[-58.12324,-32.25917]]],[[[-58.12481,-32.26074],[-58.12565,-32.26074],[-58.12574,-32.26009],[-58.125,-32.26028],[-58.12481,-32.26074]]],[[[-58.12731,-32.25463],[-58.12713,-32.25426],[-58.12648,-32.25417],[-58.12648,-32.25315],[-58.12685,-32.25324],[-58.12704,-32.25204],[-58.12731,-32.25222],[-58.1275,-32.25204],[-58.12713,-32.25194],[-58.12667,-32.25056],[-58.12593,-32.25046],[-58.12583,-32.24981],[-58.12537,-32.24981],[-58.12583,-32.25056],[-58.12657,-32.25065],[-58.12648,-32.25185],[-58.12685,-32.25185],[-58.12685,-32.2525],[-58.12593,-32.25296],[-58.1263,-32.25306],[-58.1263,-32.25407],[-58.12667,-32.25491],[-58.12519,-32.255],[-58.12491,-32.25602],[-58.12435,-32.25583],[-58.12435,-32.25491],[-58.12361,-32.25519],[-58.12417,-32.25509],[-58.12426,-32.25593],[-58.12481,-32.2562],[-58.12556,-32.25574],[-58.12528,-32.25509],[-58.12694,-32.255],[-58.12704,-32.25528],[-58.12722,-32.25528],[-58.12704,-32.25481],[-58.12731,-32.25463]]],[[[-58.12241,-32.25574],[-58.12222,-32.2563],[-58.12259,-32.25574],[-58.12361,-32.25519],[-58.12241,-32.25574]]],[[[-58.12315,-32.25102],[-58.1237,-32.25139],[-58.1238,-32.25213],[-58.1238,-32.25148],[-58.12417,-32.2512],[-58.12315,-32.25102]]],[[[-58.12324,-32.24269],[-58.12435,-32.2425],[-58.12435,-32.24241],[-58.1237,-32.24259],[-58.1237,-32.24204],[-58.12343,-32.24194],[-58.12361,-32.24241],[-58.12324,-32.24269]]],[[[-58.12435,-32.24231],[-58.12417,-32.24111],[-58.12463,-32.24093],[-58.12407,-32.24093],[-58.12389,-32.24213],[-58.12435,-32.24231]]],[[[-58.12463,-32.23889],[-58.12426,-32.23852],[-58.12435,-32.23981],[-58.12463,-32.23889]]],[[[-58.12528,-32.20796],[-58.12528,-32.20759],[-58.125,-32.20759],[-58.125,-32.20796],[-58.12528,-32.20796]]],[[[-58.12491,-32.20685],[-58.12491,-32.20639],[-58.12481,-32.20639],[-58.12454,-32.20685],[-58.12491,-32.20685]]],[[[-58.12481,-32.20454],[-58.12481,-32.205],[-58.12519,-32.205],[-58.12528,-32.20444],[-58.12481,-32.20454]]],[[[-58.12602,-32.20046],[-58.12593,-32.2],[-58.12546,-32.20046],[-58.12602,-32.20046]]],[[[-58.12463,-32.17852],[-58.12463,-32.17778],[-58.12491,-32.1775],[-58.12454,-32.1775],[-58.12454,-32.17787],[-58.12407,-32.17815],[-58.12417,-32.17852],[-58.12463,-32.17852]]],[[[-58.12269,-32.17657],[-58.12352,-32.1762],[-58.12324,-32.17602],[-58.12287,-32.17611],[-58.12269,-32.17657]]],[[[-58.1238,-32.17472],[-58.12472,-32.17454],[-58.12444,-32.17435],[-58.12454,-32.17389],[-58.12435,-32.17426],[-58.1238,-32.17426],[-58.1238,-32.17472]]],[[[-58.12333,-32.17241],[-58.12306,-32.17148],[-58.12343,-32.17157],[-58.12389,-32.17148],[-58.1238,-32.17139],[-58.12278,-32.17148],[-58.12278,-32.17296],[-58.12333,-32.17296],[-58.12287,-32.17269],[-58.12287,-32.17222],[-58.12333,-32.17241]]],[[[-58.12481,-32.17259],[-58.12463,-32.17287],[-58.12463,-32.17333],[-58.12491,-32.17287],[-58.12481,-32.17259]]],[[[-58.12287,-32.15787],[-58.12343,-32.15833],[-58.12333,-32.15769],[-58.12287,-32.15787]]],[[[-58.12556,-32.15815],[-58.12602,-32.15843],[-58.12639,-32.15787],[-58.12546,-32.15704],[-58.12481,-32.15713],[-58.12481,-32.15676],[-58.12463,-32.15713],[-58.12426,-32.15704],[-58.12463,-32.15741],[-58.12565,-32.15731],[-58.12491,-32.1575],[-58.12546,-32.15759],[-58.12556,-32.15815]]],[[[-58.12398,-32.15611],[-58.12407,-32.15509],[-58.12398,-32.15509],[-58.12389,-32.155],[-58.12389,-32.15481],[-58.1237,-32.15472],[-58.12398,-32.15611]]],[[[-58.12315,-32.15306],[-58.12315,-32.15343],[-58.12352,-32.15324],[-58.12352,-32.15306],[-58.12315,-32.15306]]],[[[-58.12491,-32.15009],[-58.12528,-32.15],[-58.12565,-32.15019],[-58.12509,-32.14954],[-58.12472,-32.14972],[-58.12491,-32.15009]]],[[[-58.12472,-32.14537],[-58.12463,-32.14574],[-58.12537,-32.14556],[-58.12537,-32.14546],[-58.12472,-32.14537]]],[[[-58.12417,-32.14546],[-58.12426,-32.14481],[-58.12315,-32.145],[-58.12361,-32.14546],[-58.12417,-32.14546]]],[[[-58.12435,-32.14602],[-58.12352,-32.14593],[-58.12352,-32.14556],[-58.12324,-32.14565],[-58.12333,-32.14602],[-58.12435,-32.14602]]],[[[-58.12435,-32.14481],[-58.12454,-32.14509],[-58.12519,-32.14491],[-58.12519,-32.14481],[-58.12435,-32.14481]]],[[[-58.1238,-32.13981],[-58.12287,-32.14065],[-58.12324,-32.14056],[-58.12324,-32.14102],[-58.1238,-32.13981]]],[[[-58.12269,-32.14093],[-58.1225,-32.1412],[-58.12259,-32.14148],[-58.12296,-32.14139],[-58.12269,-32.14093]]],[[[-58.12426,-32.13833],[-58.12463,-32.13852],[-58.12491,-32.13833],[-58.12509,-32.13759],[-58.12481,-32.1375],[-58.12426,-32.13833]]],[[[-58.1237,-32.13639],[-58.12472,-32.13593],[-58.12407,-32.13593],[-58.1237,-32.13639]]],[[[-58.125,-32.12343],[-58.12528,-32.1237],[-58.12509,-32.12407],[-58.12583,-32.12444],[-58.12574,-32.1237],[-58.12519,-32.12296],[-58.12426,-32.12278],[-58.12417,-32.12352],[-58.125,-32.12343]]],[[[-58.12463,-32.12037],[-58.12481,-32.12065],[-58.12519,-32.12065],[-58.125,-32.12037],[-58.12463,-32.12037]]],[[[-58.12519,-32.10361],[-58.12537,-32.10407],[-58.12519,-32.10435],[-58.12546,-32.10417],[-58.12546,-32.1037],[-58.12519,-32.10361]]],[[[-58.12491,-32.10241],[-58.12417,-32.10352],[-58.12481,-32.10333],[-58.12546,-32.10259],[-58.12491,-32.10241]]],[[[-58.1262,-32.10148],[-58.12565,-32.10139],[-58.12556,-32.10167],[-58.12611,-32.10167],[-58.1262,-32.10148]]],[[[-58.12222,-32.34944],[-58.12204,-32.35],[-58.12278,-32.35],[-58.12278,-32.34981],[-58.12222,-32.34944]]],[[[-58.12037,-32.34972],[-58.12,-32.35],[-58.12065,-32.35],[-58.12074,-32.34861],[-58.12037,-32.34917],[-58.12019,-32.34843],[-58.11981,-32.34843],[-58.12037,-32.34972]]],[[[-58.12157,-32.32463],[-58.12185,-32.32417],[-58.12148,-32.32398],[-58.12157,-32.32463]]],[[[-58.12093,-32.32343],[-58.12102,-32.32324],[-58.1212,-32.32352],[-58.1213,-32.32324],[-58.12111,-32.32278],[-58.12056,-32.32287],[-58.12093,-32.32343]]],[[[-58.12037,-32.31537],[-58.12083,-32.31602],[-58.1213,-32.31574],[-58.12037,-32.31537]]],[[[-58.12185,-32.31556],[-58.12185,-32.31407],[-58.12176,-32.31407],[-58.12148,-32.31426],[-58.12148,-32.31519],[-58.12185,-32.31556]]],[[[-58.12278,-32.3137],[-58.12222,-32.31361],[-58.12259,-32.31426],[-58.12278,-32.31407],[-58.12278,-32.3137]]],[[[-58.12065,-32.28676],[-58.12065,-32.28741],[-58.12093,-32.28694],[-58.1213,-32.28694],[-58.12065,-32.28676]]],[[[-58.12278,-32.28667],[-58.12231,-32.28657],[-58.12231,-32.28713],[-58.12269,-32.28713],[-58.12278,-32.28667]]],[[[-58.11731,-32.27241],[-58.11769,-32.27241],[-58.11778,-32.27278],[-58.11815,-32.27278],[-58.11833,-32.27259],[-58.11815,-32.27241],[-58.11787,-32.27269],[-58.11778,-32.27231],[-58.11731,-32.27241]]],[[[-58.11833,-32.27259],[-58.11815,-32.27324],[-58.11852,-32.27306],[-58.11898,-32.27343],[-58.12056,-32.27296],[-58.12065,-32.27361],[-58.1212,-32.27361],[-58.1213,-32.27435],[-58.12176,-32.27463],[-58.12278,-32.27435],[-58.12278,-32.2737],[-58.12241,-32.27343],[-58.12315,-32.27324],[-58.12148,-32.27296],[-58.1213,-32.27343],[-58.12083,-32.27352],[-58.12111,-32.27315],[-58.12111,-32.27259],[-58.12009,-32.27287],[-58.11991,-32.2725],[-58.11963,-32.27278],[-58.11833,-32.27259]],[[-58.12148,-32.2738],[-58.12167,-32.27343],[-58.12231,-32.27361],[-58.12157,-32.27398],[-58.12157,-32.27435],[-58.12148,-32.2738]]],[[[-58.12065,-32.27454],[-58.12083,-32.27519],[-58.12111,-32.27546],[-58.1213,-32.27546],[-58.1212,-32.27472],[-58.12074,-32.27481],[-58.12074,-32.27435],[-58.12065,-32.27454]]],[[[-58.12259,-32.27019],[-58.12176,-32.26963],[-58.12213,-32.26926],[-58.12148,-32.26907],[-58.1212,-32.26787],[-58.12083,-32.26907],[-58.1213,-32.26889],[-58.12157,-32.26972],[-58.12241,-32.27009],[-58.12167,-32.27037],[-58.12176,-32.27083],[-58.12194,-32.27037],[-58.12259,-32.27019]]],[[[-58.12111,-32.27185],[-58.12167,-32.27111],[-58.12083,-32.27148],[-58.12074,-32.27102],[-58.12019,-32.27093],[-58.12056,-32.2713],[-58.11981,-32.27185],[-58.12028,-32.27194],[-58.12028,-32.27167],[-58.12111,-32.27185]]],[[[-58.11898,-32.2712],[-58.11861,-32.27139],[-58.11843,-32.27213],[-58.1188,-32.27185],[-58.1187,-32.27148],[-58.12,-32.27139],[-58.12009,-32.27111],[-58.11972,-32.27093],[-58.12019,-32.27083],[-58.11963,-32.27083],[-58.11935,-32.27009],[-58.1188,-32.27093],[-58.11898,-32.2712]]],[[[-58.12,-32.26898],[-58.11954,-32.2688],[-58.11991,-32.26907],[-58.11991,-32.26935],[-58.11972,-32.26907],[-58.11898,-32.26917],[-58.11917,-32.26972],[-58.11917,-32.26926],[-58.11963,-32.26926],[-58.11935,-32.26963],[-58.11991,-32.27019],[-58.12019,-32.27],[-58.12028,-32.27028],[-58.12093,-32.27028],[-58.12046,-32.26926],[-58.12009,-32.26963],[-58.11981,-32.26963],[-58.12,-32.26954],[-58.12,-32.26898]]],[[[-58.12056,-32.2613],[-58.12028,-32.26093],[-58.11972,-32.26074],[-58.12102,-32.26194],[-58.12102,-32.2613],[-58.12056,-32.2613]]],[[[-58.12269,-32.26231],[-58.12139,-32.26269],[-58.12176,-32.26296],[-58.12213,-32.26269],[-58.12231,-32.26306],[-58.12213,-32.26333],[-58.12194,-32.26315],[-58.12194,-32.26352],[-58.12259,-32.26352],[-58.12269,-32.26306],[-58.12241,-32.26287],[-58.12278,-32.26269],[-58.12269,-32.26231]]],[[[-58.12222,-32.26074],[-58.12222,-32.26111],[-58.12269,-32.26111],[-58.12269,-32.26093],[-58.12222,-32.26074]]],[[[-58.12028,-32.18722],[-58.12046,-32.18667],[-58.12,-32.18676],[-58.12019,-32.18722],[-58.12028,-32.18722]]],[[[-58.12102,-32.18565],[-58.12065,-32.18546],[-58.12037,-32.18611],[-58.11991,-32.1863],[-58.12093,-32.18667],[-58.12065,-32.18593],[-58.12102,-32.18565]]],[[[-58.12157,-32.18481],[-58.12148,-32.18528],[-58.12176,-32.18481],[-58.12213,-32.18491],[-58.12222,-32.18444],[-58.12157,-32.18481]]],[[[-58.12046,-32.18444],[-58.12065,-32.18398],[-58.12037,-32.1838],[-58.12009,-32.18407],[-58.12046,-32.18444]]],[[[-58.12204,-32.18213],[-58.12241,-32.18139],[-58.12176,-32.18148],[-58.12204,-32.18213]]],[[[-58.12139,-32.18009],[-58.12167,-32.17981],[-58.1212,-32.17944],[-58.12102,-32.17991],[-58.12139,-32.18009]]],[[[-58.12278,-32.17852],[-58.1225,-32.17861],[-58.12259,-32.17898],[-58.12287,-32.1788],[-58.12278,-32.17852]]],[[[-58.12102,-32.17935],[-58.12194,-32.17944],[-58.12231,-32.18009],[-58.12306,-32.17991],[-58.12259,-32.17981],[-58.12213,-32.17917],[-58.12167,-32.17917],[-58.12194,-32.17806],[-58.1213,-32.17796],[-58.1212,-32.17741],[-58.12176,-32.17685],[-58.12157,-32.17667],[-58.12074,-32.17685],[-58.12139,-32.17907],[-58.12074,-32.17917],[-58.12074,-32.17963],[-58.12028,-32.17963],[-58.12009,-32.17917],[-58.11889,-32.17944],[-58.12074,-32.17981],[-58.12102,-32.17935]]],[[[-58.1187,-32.17889],[-58.11889,-32.17935],[-58.11917,-32.17898],[-58.1187,-32.17889]]],[[[-58.12056,-32.17815],[-58.11926,-32.17731],[-58.11926,-32.17778],[-58.11954,-32.17787],[-58.11926,-32.17852],[-58.12074,-32.17917],[-58.12056,-32.17815]]],[[[-58.1225,-32.17815],[-58.12259,-32.17843],[-58.12296,-32.17833],[-58.12296,-32.17806],[-58.1225,-32.17815]]],[[[-58.1175,-32.17167],[-58.11657,-32.17241],[-58.11657,-32.17287],[-58.11685,-32.17306],[-58.11657,-32.17463],[-58.11685,-32.17481],[-58.11694,-32.17454],[-58.1175,-32.17454],[-58.11704,-32.17528],[-58.1175,-32.17491],[-58.11852,-32.17519],[-58.1188,-32.17472],[-58.11907,-32.17546],[-58.11991,-32.17565],[-58.11935,-32.17583],[-58.12,-32.17593],[-58.12,-32.17657],[-58.12028,-32.17565],[-58.12139,-32.17602],[-58.12176,-32.17602],[-58.12185,-32.17565],[-58.12204,-32.1762],[-58.12259,-32.1763],[-58.12269,-32.17574],[-58.12324,-32.17593],[-58.1238,-32.17546],[-58.1238,-32.17509],[-58.12343,-32.17519],[-58.12343,-32.17472],[-58.12278,-32.17454],[-58.12278,-32.17546],[-58.1225,-32.17583],[-58.12222,-32.17574],[-58.12259,-32.17481],[-58.12241,-32.1738],[-58.12204,-32.17389],[-58.12185,-32.17333],[-58.12139,-32.17352],[-58.12102,-32.17287],[-58.12056,-32.17324],[-58.12056,-32.17231],[-58.12111,-32.17222],[-58.1213,-32.1725],[-58.1213,-32.17204],[-58.11954,-32.1725],[-58.11889,-32.17176],[-58.11861,-32.17204],[-58.11889,-32.17222],[-58.1188,-32.17269],[-58.11843,-32.17269],[-58.11815,-32.17176],[-58.1175,-32.17167]],[[-58.11778,-32.17176],[-58.11806,-32.1725],[-58.11861,-32.17287],[-58.11861,-32.17333],[-58.1175,-32.17343],[-58.11769,-32.1738],[-58.11741,-32.17435],[-58.11685,-32.17435],[-58.11722,-32.17333],[-58.11667,-32.1725],[-58.11778,-32.17176]],[[-58.11972,-32.17361],[-58.11926,-32.17361],[-58.11935,-32.17315],[-58.1188,-32.17306],[-58.11898,-32.17241],[-58.11991,-32.17259],[-58.12065,-32.17361],[-58.12194,-32.1738],[-58.12231,-32.17444],[-58.12213,-32.17556],[-58.12083,-32.17574],[-58.12,-32.17519],[-58.12,-32.17417],[-58.11972,-32.17407],[-58.11972,-32.17361]],[[-58.12,-32.17546],[-58.11954,-32.17546],[-58.11926,-32.17509],[-58.11972,-32.175],[-58.12,-32.17546]],[[-58.11944,-32.17481],[-58.11907,-32.17463],[-58.11898,-32.1738],[-58.11963,-32.1738],[-58.11963,-32.17417],[-58.11991,-32.17426],[-58.11944,-32.17481]],[[-58.1188,-32.17463],[-58.11815,-32.17463],[-58.11787,-32.17426],[-58.11852,-32.17389],[-58.11824,-32.17435],[-58.1188,-32.17463]],[[-58.12315,-32.175],[-58.12287,-32.17481],[-58.12324,-32.17481],[-58.12352,-32.17556],[-58.12306,-32.17556],[-58.12315,-32.175]]],[[[-58.11935,-32.17593],[-58.1187,-32.17583],[-58.11852,-32.17657],[-58.11889,-32.17593],[-58.11935,-32.17593]]],[[[-58.1213,-32.16157],[-58.12222,-32.16306],[-58.12222,-32.16361],[-58.12296,-32.16352],[-58.12287,-32.16306],[-58.12343,-32.16324],[-58.1237,-32.16296],[-58.12361,-32.16259],[-58.12352,-32.16287],[-58.12315,-32.16269],[-58.12269,-32.16306],[-58.12213,-32.16287],[-58.1213,-32.16157]]],[[[-58.1213,-32.15352],[-58.1213,-32.15324],[-58.12065,-32.15324],[-58.12074,-32.1538],[-58.12093,-32.15333],[-58.1213,-32.15352]]],[[[-58.12426,-32.14954],[-58.12407,-32.14991],[-58.12352,-32.15009],[-58.12417,-32.15019],[-58.12444,-32.14991],[-58.12426,-32.14954]]],[[[-58.12046,-32.15148],[-58.12056,-32.15204],[-58.12056,-32.15148],[-58.12093,-32.15148],[-58.12074,-32.15185],[-58.12111,-32.15194],[-58.12083,-32.15269],[-58.12056,-32.15213],[-58.12046,-32.15269],[-58.12102,-32.15287],[-58.1212,-32.1525],[-58.1212,-32.15185],[-58.12102,-32.15176],[-58.12139,-32.15148],[-58.12139,-32.15093],[-58.12167,-32.15093],[-58.12185,-32.15056],[-58.12176,-32.15213],[-58.12213,-32.15222],[-58.12231,-32.15148],[-58.12269,-32.15148],[-58.12241,-32.15185],[-58.12296,-32.15185],[-58.12324,-32.15028],[-58.12269,-32.1513],[-58.12213,-32.15148],[-58.12213,-32.15204],[-58.12185,-32.15185],[-58.12204,-32.15056],[-58.12241,-32.15056],[-58.12213,-32.15019],[-58.12046,-32.15148]]],[[[-58.12046,-32.14657],[-58.12,-32.1462],[-58.12,-32.14667],[-58.12046,-32.14657]]],[[[-58.12083,-32.14259],[-58.12102,-32.14287],[-58.12185,-32.14204],[-58.1213,-32.14204],[-58.12083,-32.14259]]],[[[-58.12148,-32.13093],[-58.12194,-32.13028],[-58.12148,-32.13046],[-58.12148,-32.13093]]],[[[-58.12102,-32.12139],[-58.12139,-32.12065],[-58.12093,-32.12],[-58.12074,-32.1213],[-58.12102,-32.12139]]],[[[-58.12,-32.11778],[-58.11972,-32.11657],[-58.11972,-32.1175],[-58.11926,-32.11778],[-58.11926,-32.11815],[-58.11991,-32.11778],[-58.12009,-32.11824],[-58.12019,-32.11935],[-58.11981,-32.11963],[-58.11981,-32.12009],[-58.12046,-32.11991],[-58.12046,-32.11954],[-58.12083,-32.11935],[-58.12167,-32.11954],[-58.1212,-32.11917],[-58.1213,-32.1187],[-58.1212,-32.1187],[-58.1212,-32.11861],[-58.12111,-32.11861],[-58.12111,-32.11852],[-58.12102,-32.11852],[-58.12102,-32.11843],[-58.12093,-32.11843],[-58.12093,-32.11833],[-58.12074,-32.11833],[-58.12046,-32.11787],[-58.12,-32.11778]],[[-58.12019,-32.11889],[-58.12056,-32.11861],[-58.12083,-32.11907],[-58.12028,-32.11926],[-58.12019,-32.11889]]],[[[-58.12167,-32.11991],[-58.12241,-32.11944],[-58.12204,-32.11944],[-58.12185,-32.11972],[-58.12167,-32.11954],[-58.12167,-32.11991]]],[[[-58.12259,-32.11935],[-58.12296,-32.11963],[-58.12222,-32.11963],[-58.12222,-32.12],[-58.12269,-32.12009],[-58.1225,-32.12056],[-58.12296,-32.12083],[-58.12287,-32.1213],[-58.12361,-32.12157],[-58.12398,-32.12241],[-58.12463,-32.12231],[-58.12389,-32.12185],[-58.12426,-32.12157],[-58.12407,-32.12111],[-58.12315,-32.12111],[-58.12306,-32.12065],[-58.12259,-32.12046],[-58.12306,-32.12019],[-58.12361,-32.12065],[-58.12407,-32.12065],[-58.12278,-32.11935],[-58.12287,-32.11907],[-58.12324,-32.11935],[-58.12352,-32.11935],[-58.12352,-32.11926],[-58.12278,-32.11898],[-58.12259,-32.11935]]],[[[-58.12315,-32.10574],[-58.12296,-32.10565],[-58.12259,-32.10583],[-58.1225,-32.10565],[-58.12185,-32.10565],[-58.12259,-32.10602],[-58.12315,-32.10574]]],[[[-58.12389,-32.10028],[-58.1238,-32.10102],[-58.12324,-32.10148],[-58.12259,-32.10065],[-58.1237,-32.10037],[-58.1237,-32.1],[-58.12352,-32.10028],[-58.12315,-32.1],[-58.12278,-32.10037],[-58.12176,-32.10037],[-58.12176,-32.10083],[-58.12269,-32.10093],[-58.12287,-32.10139],[-58.12231,-32.10204],[-58.12296,-32.10176],[-58.12352,-32.10213],[-58.12333,-32.10148],[-58.1237,-32.10111],[-58.12435,-32.10102],[-58.12444,-32.1013],[-58.12435,-32.10028],[-58.12389,-32.10028]]],[[[-58.1225,-32.10287],[-58.12213,-32.10204],[-58.12204,-32.10278],[-58.12204,-32.10231],[-58.12139,-32.10185],[-58.12148,-32.10148],[-58.12009,-32.10157],[-58.12,-32.10102],[-58.12056,-32.10074],[-58.12065,-32.10028],[-58.12056,-32.1],[-58.12,-32.1],[-58.12046,-32.10046],[-58.11991,-32.10093],[-58.11991,-32.10157],[-58.12111,-32.10167],[-58.12083,-32.10204],[-58.12111,-32.10259],[-58.12139,-32.10269],[-58.12157,-32.10204],[-58.12157,-32.10269],[-58.12222,-32.10287],[-58.12176,-32.10324],[-58.12296,-32.10361],[-58.12269,-32.10324],[-58.12213,-32.10324],[-58.12296,-32.10287],[-58.1225,-32.10287]]],[[[-58.11981,-32.35],[-58.11954,-32.34972],[-58.1188,-32.35],[-58.11981,-32.35]]],[[[-58.11843,-32.31907],[-58.11833,-32.31963],[-58.11861,-32.31972],[-58.1187,-32.31926],[-58.11843,-32.31907]]],[[[-58.11861,-32.31324],[-58.11907,-32.31352],[-58.1188,-32.31269],[-58.11861,-32.31324]]],[[[-58.11917,-32.31176],[-58.11907,-32.31222],[-58.11963,-32.31213],[-58.11963,-32.31176],[-58.11917,-32.31176]]],[[[-58.11824,-32.29898],[-58.11843,-32.29833],[-58.11833,-32.29759],[-58.11806,-32.2975],[-58.11824,-32.29898]]],[[[-58.11759,-32.29204],[-58.11833,-32.29185],[-58.11824,-32.29157],[-58.11759,-32.29204]]],[[[-58.11935,-32.28935],[-58.11963,-32.29019],[-58.11981,-32.28991],[-58.12019,-32.29009],[-58.12,-32.28991],[-58.12019,-32.28954],[-58.11954,-32.28972],[-58.11963,-32.28917],[-58.11935,-32.28935]]],[[[-58.11963,-32.29019],[-58.11898,-32.29028],[-58.1188,-32.28991],[-58.11843,-32.29],[-58.1188,-32.29009],[-58.11898,-32.29074],[-58.11917,-32.29028],[-58.11963,-32.29019]]],[[[-58.11796,-32.28398],[-58.1187,-32.28333],[-58.1187,-32.28315],[-58.11778,-32.28343],[-58.11796,-32.28398]]],[[[-58.11935,-32.28389],[-58.12,-32.28343],[-58.11898,-32.28315],[-58.11944,-32.28343],[-58.11935,-32.28389]]],[[[-58.1188,-32.28],[-58.11815,-32.27944],[-58.11796,-32.28],[-58.1188,-32.28]]],[[[-58.12157,-32.27648],[-58.1213,-32.27602],[-58.12093,-32.2763],[-58.12074,-32.27565],[-58.11972,-32.27574],[-58.12028,-32.27537],[-58.12019,-32.27481],[-58.11972,-32.275],[-58.11963,-32.27546],[-58.11935,-32.27537],[-58.11954,-32.2763],[-58.11981,-32.27667],[-58.12019,-32.27648],[-58.12028,-32.27694],[-58.12065,-32.27685],[-58.12065,-32.27639],[-58.12102,-32.27667],[-58.12083,-32.27694],[-58.12111,-32.27694],[-58.1212,-32.27639],[-58.12139,-32.27667],[-58.12157,-32.27648]]],[[[-58.12009,-32.27694],[-58.11926,-32.27787],[-58.11991,-32.27769],[-58.12019,-32.27722],[-58.12019,-32.27796],[-58.12046,-32.27796],[-58.12046,-32.27731],[-58.12074,-32.27713],[-58.12028,-32.27722],[-58.12009,-32.27694]]],[[[-58.11898,-32.27556],[-58.11935,-32.27528],[-58.11889,-32.27528],[-58.11889,-32.27574],[-58.11843,-32.27565],[-58.11852,-32.27602],[-58.11907,-32.27593],[-58.11898,-32.27556]]],[[[-58.11843,-32.2762],[-58.11796,-32.27602],[-58.11806,-32.27657],[-58.11843,-32.2762]]],[[[-58.11778,-32.27889],[-58.11731,-32.2787],[-58.11741,-32.27935],[-58.11759,-32.27917],[-58.11806,-32.27935],[-58.11787,-32.27861],[-58.11778,-32.27889]]],[[[-58.11991,-32.26602],[-58.12028,-32.26519],[-58.11954,-32.26593],[-58.11991,-32.2663],[-58.11917,-32.26639],[-58.11926,-32.26685],[-58.12009,-32.2663],[-58.11991,-32.26602]]],[[[-58.11944,-32.26704],[-58.11944,-32.26741],[-58.12,-32.26787],[-58.12009,-32.26852],[-58.12019,-32.26759],[-58.11944,-32.26704]]],[[[-58.11972,-32.26435],[-58.1188,-32.26444],[-58.11917,-32.26463],[-58.11963,-32.26454],[-58.11963,-32.265],[-58.12,-32.26509],[-58.11972,-32.26435]]],[[[-58.11991,-32.26352],[-58.12019,-32.26222],[-58.11981,-32.26222],[-58.11889,-32.26343],[-58.11991,-32.26352]]],[[[-58.12,-32.26157],[-58.11944,-32.26083],[-58.11935,-32.26185],[-58.12,-32.26157]]],[[[-58.11824,-32.25657],[-58.11787,-32.25602],[-58.11787,-32.25667],[-58.11824,-32.25657]]],[[[-58.11917,-32.18778],[-58.11944,-32.18787],[-58.11963,-32.18769],[-58.11935,-32.18694],[-58.11907,-32.18722],[-58.11944,-32.18769],[-58.11917,-32.18778]]],[[[-58.11769,-32.18741],[-58.11806,-32.18694],[-58.11852,-32.18713],[-58.1187,-32.18694],[-58.11815,-32.18676],[-58.11769,-32.18704],[-58.11769,-32.18741]]],[[[-58.11889,-32.18583],[-58.11861,-32.18556],[-58.11796,-32.18565],[-58.11833,-32.1863],[-58.1188,-32.1863],[-58.11889,-32.18583]]],[[[-58.11667,-32.15898],[-58.11593,-32.15889],[-58.11593,-32.15926],[-58.11676,-32.15907],[-58.11685,-32.15954],[-58.11704,-32.15898],[-58.11769,-32.15935],[-58.11852,-32.15917],[-58.11815,-32.15907],[-58.11787,-32.15926],[-58.11685,-32.15852],[-58.11667,-32.15898]]],[[[-58.11769,-32.15694],[-58.11806,-32.15713],[-58.11815,-32.15676],[-58.11787,-32.15676],[-58.11769,-32.15694]]],[[[-58.11963,-32.15306],[-58.11954,-32.15222],[-58.11944,-32.15222],[-58.11935,-32.15306],[-58.11963,-32.15306]]],[[[-58.11917,-32.15361],[-58.11861,-32.15417],[-58.11907,-32.15407],[-58.11926,-32.1537],[-58.11926,-32.15315],[-58.11917,-32.15361]]],[[[-58.11972,-32.15574],[-58.11972,-32.155],[-58.11935,-32.15509],[-58.11972,-32.15574]]],[[[-58.11824,-32.14611],[-58.11824,-32.14574],[-58.11787,-32.14574],[-58.11759,-32.14639],[-58.11824,-32.14611]]],[[[-58.11954,-32.12176],[-58.11926,-32.12213],[-58.12,-32.12185],[-58.12,-32.12176],[-58.11954,-32.12176]]],[[[-58.11741,-32.11519],[-58.11722,-32.11472],[-58.11769,-32.11463],[-58.11704,-32.11454],[-58.11694,-32.11491],[-58.11741,-32.11519]]],[[[-58.11759,-32.11537],[-58.11787,-32.11556],[-58.11843,-32.11565],[-58.11824,-32.11537],[-58.11759,-32.11537]]],[[[-58.11889,-32.11019],[-58.1188,-32.11],[-58.11815,-32.11009],[-58.11815,-32.11019],[-58.11889,-32.11019]]],[[[-58.1188,-32.10213],[-58.1187,-32.10167],[-58.11824,-32.10139],[-58.11833,-32.10093],[-58.11787,-32.10083],[-58.11815,-32.10194],[-58.1188,-32.10213]]],[[[-58.11639,-32.34528],[-58.11611,-32.34574],[-58.11556,-32.34537],[-58.11519,-32.34602],[-58.11556,-32.3462],[-58.11574,-32.3462],[-58.11537,-32.34593],[-58.1163,-32.34583],[-58.11639,-32.34528]]],[[[-58.11583,-32.34815],[-58.11509,-32.34944],[-58.11537,-32.35],[-58.11639,-32.35],[-58.11648,-32.34954],[-58.11667,-32.35],[-58.11704,-32.35],[-58.11704,-32.34954],[-58.11713,-32.35],[-58.11787,-32.35],[-58.1175,-32.34963],[-58.11787,-32.34926],[-58.11806,-32.35],[-58.11806,-32.34917],[-58.11722,-32.34944],[-58.11648,-32.34861],[-58.11574,-32.34852],[-58.11639,-32.34778],[-58.11648,-32.34676],[-58.1162,-32.34648],[-58.11537,-32.34676],[-58.11546,-32.34769],[-58.11509,-32.3475],[-58.11519,-32.34759],[-58.11509,-32.34778],[-58.11583,-32.34815]],[[-58.11611,-32.34796],[-58.11556,-32.34778],[-58.11565,-32.34694],[-58.1162,-32.34722],[-58.11611,-32.34796]]],[[[-58.11722,-32.3013],[-58.11667,-32.30083],[-58.11648,-32.30083],[-58.11704,-32.30185],[-58.11741,-32.30185],[-58.11713,-32.30176],[-58.11722,-32.3013]]],[[[-58.11685,-32.30046],[-58.11657,-32.3],[-58.11648,-32.3],[-58.11648,-32.30056],[-58.11685,-32.30046]]],[[[-58.1162,-32.29944],[-58.11648,-32.29917],[-58.11657,-32.29861],[-58.11593,-32.2988],[-58.1162,-32.29944]]],[[[-58.11565,-32.29815],[-58.11593,-32.29843],[-58.1163,-32.29843],[-58.1163,-32.29806],[-58.11565,-32.29815]]],[[[-58.11602,-32.28806],[-58.11565,-32.28722],[-58.11565,-32.28796],[-58.11602,-32.28806]]],[[[-58.11731,-32.27194],[-58.11769,-32.27111],[-58.11731,-32.2713],[-58.11731,-32.27194]]],[[[-58.1163,-32.25917],[-58.11667,-32.2588],[-58.11648,-32.25843],[-58.1163,-32.2588],[-58.1163,-32.25917]]],[[[-58.11583,-32.25676],[-58.11583,-32.25593],[-58.11565,-32.25583],[-58.11565,-32.25648],[-58.11583,-32.25676]]],[[[-58.11731,-32.25546],[-58.11731,-32.25593],[-58.11796,-32.25593],[-58.11796,-32.25556],[-58.11731,-32.25546]]],[[[-58.11583,-32.22685],[-58.1163,-32.22639],[-58.11565,-32.2262],[-58.11583,-32.22685]]],[[[-58.11593,-32.22565],[-58.11602,-32.22519],[-58.11556,-32.22519],[-58.11565,-32.22546],[-58.11593,-32.22565]]],[[[-58.11593,-32.22343],[-58.11611,-32.22287],[-58.11574,-32.22287],[-58.11565,-32.22306],[-58.11593,-32.22343]]],[[[-58.11583,-32.22352],[-58.11565,-32.2237],[-58.11574,-32.22426],[-58.11602,-32.2238],[-58.11583,-32.22352]]],[[[-58.11741,-32.19241],[-58.11704,-32.19231],[-58.11704,-32.19315],[-58.11741,-32.19296],[-58.11741,-32.19241]]],[[[-58.11583,-32.1725],[-58.11583,-32.17343],[-58.1163,-32.17361],[-58.11648,-32.17167],[-58.11593,-32.17176],[-58.11611,-32.17241],[-58.11583,-32.1725]]],[[[-58.1163,-32.16713],[-58.11657,-32.16694],[-58.11657,-32.16657],[-58.11602,-32.16676],[-58.1163,-32.16713]]],[[[-58.11722,-32.16685],[-58.11657,-32.16694],[-58.11676,-32.16759],[-58.11722,-32.16713],[-58.11722,-32.16685]]],[[[-58.11639,-32.16648],[-58.11704,-32.1662],[-58.11667,-32.16593],[-58.11611,-32.1662],[-58.11639,-32.16648]]],[[[-58.11574,-32.16676],[-58.11546,-32.1663],[-58.11509,-32.16565],[-58.11528,-32.16676],[-58.11574,-32.16676]]],[[[-58.11509,-32.16343],[-58.11537,-32.1638],[-58.11565,-32.1638],[-58.11546,-32.16343],[-58.11509,-32.16343]]],[[[-58.11639,-32.14565],[-58.11667,-32.14602],[-58.11713,-32.14593],[-58.11639,-32.14565]]],[[[-58.11583,-32.14676],[-58.1163,-32.14667],[-58.11574,-32.14667],[-58.11565,-32.14685],[-58.11556,-32.14648],[-58.11556,-32.14694],[-58.11574,-32.14713],[-58.11537,-32.14704],[-58.11537,-32.1475],[-58.11583,-32.14778],[-58.11574,-32.14833],[-58.1163,-32.14778],[-58.11583,-32.14759],[-58.11583,-32.14731],[-58.1163,-32.14759],[-58.11583,-32.14722],[-58.1163,-32.14685],[-58.11583,-32.14676]]],[[[-58.11491,-32.14889],[-58.11509,-32.14861],[-58.11565,-32.1488],[-58.11602,-32.14861],[-58.11491,-32.14843],[-58.11491,-32.14889]]],[[[-58.11565,-32.145],[-58.11556,-32.14546],[-58.11583,-32.14546],[-58.11602,-32.14509],[-58.11565,-32.145]]],[[[-58.11537,-32.1325],[-58.11574,-32.13324],[-58.11602,-32.13241],[-58.11574,-32.13222],[-58.11583,-32.13167],[-58.11537,-32.1325]]],[[[-58.11528,-32.13056],[-58.11556,-32.13111],[-58.11565,-32.13065],[-58.11537,-32.13037],[-58.11583,-32.13056],[-58.11611,-32.13056],[-58.11611,-32.13046],[-58.1163,-32.13046],[-58.1163,-32.13037],[-58.11537,-32.13019],[-58.11528,-32.13056]]],[[[-58.11639,-32.12769],[-58.11602,-32.12722],[-58.11565,-32.12731],[-58.11583,-32.12778],[-58.11639,-32.12769]]],[[[-58.11694,-32.12435],[-58.11704,-32.12491],[-58.11676,-32.125],[-58.11676,-32.12556],[-58.11713,-32.12537],[-58.11713,-32.12454],[-58.11778,-32.12407],[-58.11769,-32.1237],[-58.11694,-32.12435]]],[[[-58.11556,-32.12157],[-58.11556,-32.12213],[-58.11611,-32.12241],[-58.11574,-32.12093],[-58.11509,-32.12065],[-58.11509,-32.12111],[-58.11463,-32.12157],[-58.11556,-32.12157]]],[[[-58.11546,-32.11519],[-58.11565,-32.11472],[-58.115,-32.11519],[-58.11546,-32.11519]]],[[[-58.11685,-32.11444],[-58.11602,-32.11407],[-58.11574,-32.11426],[-58.1162,-32.11454],[-58.11685,-32.11444]]],[[[-58.11648,-32.10213],[-58.1163,-32.10315],[-58.11574,-32.10324],[-58.11648,-32.10324],[-58.11648,-32.10213]]],[[[-58.11463,-32.28352],[-58.11444,-32.28407],[-58.11463,-32.28463],[-58.11463,-32.28352]]],[[[-58.11352,-32.28259],[-58.11315,-32.28176],[-58.11306,-32.28222],[-58.11352,-32.28259]]],[[[-58.11472,-32.28037],[-58.11491,-32.28046],[-58.11491,-32.28009],[-58.11519,-32.28009],[-58.11491,-32.28],[-58.11491,-32.27954],[-58.11472,-32.28037]]],[[[-58.11491,-32.27574],[-58.11472,-32.27509],[-58.11472,-32.27537],[-58.11426,-32.27546],[-58.11491,-32.27574]]],[[[-58.11481,-32.27343],[-58.11472,-32.27241],[-58.11454,-32.27222],[-58.11454,-32.27343],[-58.11481,-32.27343]]],[[[-58.11324,-32.27046],[-58.11324,-32.27009],[-58.11296,-32.26972],[-58.11287,-32.27037],[-58.11324,-32.27046]]],[[[-58.11426,-32.26963],[-58.11463,-32.26898],[-58.11435,-32.26759],[-58.11398,-32.26759],[-58.11398,-32.26806],[-58.11426,-32.26815],[-58.11426,-32.26963]]],[[[-58.11491,-32.22824],[-58.11361,-32.22935],[-58.11491,-32.22852],[-58.11491,-32.22824]]],[[[-58.11398,-32.19796],[-58.11389,-32.19759],[-58.11343,-32.19759],[-58.1138,-32.19796],[-58.11315,-32.19806],[-58.11398,-32.19796]]],[[[-58.11472,-32.1963],[-58.11472,-32.19574],[-58.11407,-32.19593],[-58.11444,-32.1963],[-58.11472,-32.1963]]],[[[-58.11444,-32.19352],[-58.11407,-32.19315],[-58.11444,-32.19306],[-58.11352,-32.19315],[-58.11324,-32.19241],[-58.11278,-32.19278],[-58.11269,-32.19407],[-58.11306,-32.19463],[-58.11278,-32.19481],[-58.11278,-32.19565],[-58.1125,-32.19574],[-58.11296,-32.19574],[-58.11296,-32.1963],[-58.11176,-32.19639],[-58.11176,-32.19685],[-58.11222,-32.19676],[-58.11194,-32.19796],[-58.11231,-32.19852],[-58.11296,-32.19815],[-58.1125,-32.19796],[-58.11269,-32.19778],[-58.11241,-32.19778],[-58.1125,-32.19704],[-58.11213,-32.19648],[-58.11315,-32.1963],[-58.11306,-32.195],[-58.11343,-32.19491],[-58.11287,-32.19398],[-58.11407,-32.19389],[-58.11444,-32.19352]],[[-58.11398,-32.1937],[-58.11306,-32.19361],[-58.11287,-32.19287],[-58.11324,-32.19269],[-58.11306,-32.19324],[-58.11398,-32.19324],[-58.11398,-32.1937]]],[[[-58.11509,-32.195],[-58.11537,-32.19454],[-58.115,-32.19435],[-58.11519,-32.19407],[-58.11444,-32.19426],[-58.11519,-32.19454],[-58.11472,-32.19519],[-58.115,-32.19528],[-58.11481,-32.19574],[-58.11509,-32.19602],[-58.115,-32.19565],[-58.11546,-32.19546],[-58.11509,-32.195]]],[[[-58.11556,-32.19556],[-58.11593,-32.19574],[-58.11556,-32.19611],[-58.11602,-32.19611],[-58.11602,-32.19556],[-58.11556,-32.19556]]],[[[-58.11296,-32.18648],[-58.11324,-32.18685],[-58.11352,-32.18648],[-58.11296,-32.18648]]],[[[-58.11315,-32.18472],[-58.11352,-32.18444],[-58.11352,-32.1837],[-58.11306,-32.18426],[-58.11315,-32.18472]]],[[[-58.11454,-32.17889],[-58.11491,-32.1787],[-58.11454,-32.17833],[-58.11454,-32.17889]]],[[[-58.11389,-32.16981],[-58.11343,-32.16981],[-58.11343,-32.17037],[-58.1138,-32.17009],[-58.11389,-32.16981]]],[[[-58.11389,-32.16769],[-58.11343,-32.16704],[-58.11315,-32.16769],[-58.11389,-32.16769]]],[[[-58.11398,-32.16704],[-58.11398,-32.16731],[-58.11444,-32.16722],[-58.11472,-32.16769],[-58.11519,-32.16722],[-58.11583,-32.16713],[-58.11546,-32.16685],[-58.115,-32.16694],[-58.115,-32.16731],[-58.11398,-32.16704]]],[[[-58.11491,-32.15843],[-58.11426,-32.15852],[-58.11519,-32.1588],[-58.11519,-32.15787],[-58.11602,-32.15759],[-58.11556,-32.15731],[-58.11546,-32.15685],[-58.11491,-32.15843]]],[[[-58.11426,-32.14963],[-58.11463,-32.14954],[-58.11463,-32.14917],[-58.11398,-32.14926],[-58.11417,-32.15],[-58.11426,-32.14963]]],[[[-58.11315,-32.13019],[-58.11398,-32.13102],[-58.11435,-32.1312],[-58.11343,-32.12972],[-58.11315,-32.13019]]],[[[-58.11417,-32.12269],[-58.11472,-32.12278],[-58.11407,-32.12241],[-58.11463,-32.12222],[-58.11398,-32.12222],[-58.11417,-32.12269]]],[[[-58.11389,-32.11463],[-58.11444,-32.11481],[-58.11444,-32.11426],[-58.115,-32.1137],[-58.11389,-32.11417],[-58.11389,-32.11463]]],[[[-58.11324,-32.11315],[-58.11333,-32.11407],[-58.11352,-32.11417],[-58.11352,-32.11315],[-58.11324,-32.11315]]],[[[-58.11185,-32.10148],[-58.11102,-32.1],[-58.11102,-32.10074],[-58.11139,-32.1012],[-58.1112,-32.10167],[-58.11157,-32.10213],[-58.11194,-32.10222],[-58.11278,-32.10204],[-58.11176,-32.10213],[-58.11185,-32.10148]]],[[[-58.11343,-32.10176],[-58.11231,-32.1012],[-58.11231,-32.10157],[-58.11287,-32.10167],[-58.11278,-32.10194],[-58.11296,-32.10194],[-58.11306,-32.10213],[-58.11315,-32.10213],[-58.11343,-32.10176]]],[[[-58.11454,-32.10287],[-58.11546,-32.10287],[-58.11537,-32.10324],[-58.11565,-32.10324],[-58.11574,-32.10259],[-58.11454,-32.10259],[-58.11389,-32.10204],[-58.11324,-32.10222],[-58.11407,-32.10241],[-58.11454,-32.10287]]],[[[-58.11231,-32.34741],[-58.11213,-32.34722],[-58.11148,-32.34731],[-58.11204,-32.34759],[-58.11231,-32.34741]]],[[[-58.11222,-32.34694],[-58.11231,-32.34648],[-58.11204,-32.34639],[-58.11176,-32.34685],[-58.11222,-32.34694]]],[[[-58.11185,-32.34241],[-58.11167,-32.34083],[-58.11167,-32.34167],[-58.11083,-32.34176],[-58.11111,-32.34204],[-58.11093,-32.34259],[-58.11185,-32.34241]]],[[[-58.11111,-32.34306],[-58.1113,-32.34269],[-58.11102,-32.34278],[-58.11093,-32.34333],[-58.11157,-32.34463],[-58.11157,-32.3438],[-58.11111,-32.34306]]],[[[-58.11148,-32.34519],[-58.11213,-32.34537],[-58.11167,-32.34481],[-58.11148,-32.34519]]],[[[-58.11296,-32.34574],[-58.11324,-32.34509],[-58.11296,-32.34509],[-58.11287,-32.34454],[-58.11269,-32.34546],[-58.11231,-32.34556],[-58.11278,-32.34565],[-58.11231,-32.34583],[-58.11241,-32.34722],[-58.11296,-32.34722],[-58.11306,-32.34769],[-58.1137,-32.3475],[-58.11361,-32.34824],[-58.1138,-32.34824],[-58.11407,-32.34741],[-58.11352,-32.34648],[-58.11435,-32.34657],[-58.11472,-32.3463],[-58.11472,-32.34593],[-58.11398,-32.34611],[-58.11352,-32.34546],[-58.11324,-32.34593],[-58.11296,-32.34574]]],[[[-58.11259,-32.34759],[-58.11306,-32.34778],[-58.11241,-32.3475],[-58.11241,-32.34778],[-58.11185,-32.34769],[-58.11157,-32.34815],[-58.11157,-32.3488],[-58.11204,-32.34935],[-58.11241,-32.34935],[-58.1125,-32.34843],[-58.11296,-32.34824],[-58.1125,-32.34806],[-58.11259,-32.34759]]],[[[-58.11083,-32.34472],[-58.11093,-32.34519],[-58.11102,-32.34519],[-58.1113,-32.34481],[-58.11083,-32.34472]]],[[[-58.11269,-32.30889],[-58.11241,-32.30824],[-58.11231,-32.30935],[-58.11269,-32.30889]]],[[[-58.11176,-32.27407],[-58.11148,-32.27426],[-58.11167,-32.27463],[-58.11185,-32.27463],[-58.11176,-32.27407]]],[[[-58.11157,-32.27389],[-58.11139,-32.27333],[-58.1112,-32.27324],[-58.11111,-32.2738],[-58.11157,-32.27389]]],[[[-58.11176,-32.2687],[-58.11148,-32.26889],[-58.11167,-32.26954],[-58.11185,-32.26898],[-58.11176,-32.2687]]],[[[-58.11278,-32.26713],[-58.11269,-32.26759],[-58.11296,-32.26778],[-58.11306,-32.26731],[-58.11278,-32.26713]]],[[[-58.11287,-32.26306],[-58.11296,-32.26148],[-58.11278,-32.26148],[-58.11287,-32.26306]]],[[[-58.11185,-32.20917],[-58.11167,-32.2087],[-58.11139,-32.20861],[-58.11148,-32.20935],[-58.11213,-32.20954],[-58.11194,-32.20926],[-58.11241,-32.20833],[-58.11204,-32.20833],[-58.11185,-32.20917]]],[[[-58.11241,-32.20667],[-58.11259,-32.2063],[-58.11287,-32.20648],[-58.11269,-32.2075],[-58.11296,-32.20759],[-58.11296,-32.20639],[-58.1125,-32.20611],[-58.11278,-32.20583],[-58.11231,-32.20583],[-58.11241,-32.20667]]],[[[-58.11065,-32.2037],[-58.11009,-32.20389],[-58.10972,-32.20343],[-58.11,-32.20435],[-58.11009,-32.20435],[-58.11,-32.20398],[-58.11056,-32.20407],[-58.11065,-32.2037]]],[[[-58.11083,-32.20481],[-58.11102,-32.20472],[-58.11037,-32.20454],[-58.11037,-32.20491],[-58.11111,-32.20537],[-58.11102,-32.20574],[-58.11056,-32.20574],[-58.11056,-32.20639],[-58.11065,-32.20583],[-58.11194,-32.20583],[-58.11204,-32.20519],[-58.11231,-32.20565],[-58.11296,-32.20528],[-58.1125,-32.20444],[-58.11241,-32.20509],[-58.11194,-32.20491],[-58.11194,-32.20426],[-58.11157,-32.20556],[-58.11083,-32.20481]]],[[[-58.11176,-32.20333],[-58.11093,-32.20306],[-58.11093,-32.20333],[-58.11176,-32.20333]]],[[[-58.11241,-32.18731],[-58.11194,-32.18722],[-58.11194,-32.18769],[-58.11241,-32.18731]]],[[[-58.1125,-32.16222],[-58.11231,-32.16167],[-58.11204,-32.16231],[-58.1125,-32.16222]]],[[[-58.11324,-32.16037],[-58.11204,-32.16019],[-58.11231,-32.16065],[-58.11278,-32.16056],[-58.11278,-32.16074],[-58.11296,-32.16074],[-58.11324,-32.16037]]],[[[-58.11167,-32.15954],[-58.11185,-32.16019],[-58.11204,-32.15991],[-58.11222,-32.16009],[-58.11269,-32.16],[-58.11222,-32.15991],[-58.11231,-32.15954],[-58.11167,-32.15954]]],[[[-58.11296,-32.15685],[-58.11194,-32.15713],[-58.11231,-32.15731],[-58.11231,-32.15778],[-58.11259,-32.15741],[-58.11278,-32.15778],[-58.11296,-32.15685]]],[[[-58.11019,-32.15157],[-58.11083,-32.15176],[-58.11028,-32.1512],[-58.11019,-32.15157]]],[[[-58.1112,-32.15204],[-58.11111,-32.15176],[-58.11083,-32.15176],[-58.11148,-32.15269],[-58.11167,-32.15204],[-58.1112,-32.15204]]],[[[-58.11269,-32.12935],[-58.11306,-32.12935],[-58.11278,-32.12843],[-58.11259,-32.12843],[-58.11269,-32.12935]]],[[[-58.11204,-32.1275],[-58.11296,-32.12769],[-58.11296,-32.12722],[-58.11204,-32.1275]]],[[[-58.11324,-32.12417],[-58.11269,-32.12481],[-58.11269,-32.12519],[-58.11324,-32.12417]]],[[[-58.11231,-32.12556],[-58.11194,-32.12602],[-58.1125,-32.12602],[-58.1125,-32.1263],[-58.11296,-32.12602],[-58.11231,-32.12593],[-58.11231,-32.12556]]],[[[-58.11065,-32.12593],[-58.11148,-32.1263],[-58.11148,-32.12593],[-58.11065,-32.12593]]],[[[-58.11083,-32.12426],[-58.11139,-32.12472],[-58.11213,-32.12398],[-58.11083,-32.12426]]],[[[-58.11111,-32.11944],[-58.11083,-32.11907],[-58.11065,-32.11963],[-58.11111,-32.11944]]],[[[-58.11269,-32.11296],[-58.11185,-32.11259],[-58.11194,-32.11306],[-58.11269,-32.11296]]],[[[-58.1113,-32.34954],[-58.10935,-32.34796],[-58.10963,-32.34759],[-58.10806,-32.34731],[-58.10824,-32.34769],[-58.10843,-32.34759],[-58.10917,-32.34769],[-58.10917,-32.34796],[-58.10963,-32.34824],[-58.10954,-32.3488],[-58.11,-32.34898],[-58.10972,-32.34917],[-58.11046,-32.34898],[-58.11028,-32.34935],[-58.1113,-32.34954]]],[[[-58.11056,-32.29972],[-58.11056,-32.30019],[-58.11083,-32.30028],[-58.11083,-32.29981],[-58.11056,-32.29972]]],[[[-58.11,-32.29],[-58.11019,-32.28954],[-58.10981,-32.28935],[-58.11,-32.29]]],[[[-58.11046,-32.28806],[-58.11009,-32.28824],[-58.11037,-32.28852],[-58.11046,-32.28852],[-58.11046,-32.28806]]],[[[-58.10935,-32.27093],[-58.10907,-32.27074],[-58.10926,-32.27185],[-58.10935,-32.27185],[-58.10935,-32.27093]]],[[[-58.1088,-32.26833],[-58.10815,-32.26833],[-58.10815,-32.26917],[-58.10852,-32.26889],[-58.10861,-32.26917],[-58.1087,-32.26917],[-58.1087,-32.26926],[-58.1088,-32.26926],[-58.10852,-32.2688],[-58.1088,-32.26833]]],[[[-58.11,-32.26843],[-58.11019,-32.26806],[-58.10991,-32.26787],[-58.10981,-32.26806],[-58.11,-32.26843]]],[[[-58.10972,-32.26759],[-58.10991,-32.26694],[-58.10954,-32.26704],[-58.10972,-32.26759]]],[[[-58.10917,-32.21093],[-58.10954,-32.21176],[-58.11019,-32.21157],[-58.11019,-32.21139],[-58.10954,-32.21157],[-58.10917,-32.21093]]],[[[-58.10796,-32.2113],[-58.10898,-32.21093],[-58.10843,-32.21083],[-58.10796,-32.2113]]],[[[-58.10806,-32.16296],[-58.10759,-32.16389],[-58.10704,-32.16398],[-58.1075,-32.16426],[-58.10741,-32.16472],[-58.10676,-32.16426],[-58.10657,-32.16546],[-58.10574,-32.16583],[-58.10481,-32.16574],[-58.10491,-32.16537],[-58.10426,-32.16556],[-58.10417,-32.16583],[-58.10463,-32.16602],[-58.10398,-32.16602],[-58.10389,-32.16713],[-58.10287,-32.16704],[-58.10259,-32.16657],[-58.10222,-32.16676],[-58.10259,-32.16713],[-58.10213,-32.16741],[-58.10296,-32.16769],[-58.10185,-32.16769],[-58.10185,-32.16806],[-58.10194,-32.16806],[-58.10194,-32.16778],[-58.10343,-32.16796],[-58.10343,-32.16741],[-58.10417,-32.16741],[-58.10463,-32.16796],[-58.10463,-32.1675],[-58.10556,-32.16741],[-58.10556,-32.16704],[-58.10472,-32.16694],[-58.10444,-32.16648],[-58.10491,-32.16639],[-58.105,-32.16602],[-58.1062,-32.16574],[-58.10667,-32.16611],[-58.10694,-32.16481],[-58.10722,-32.16528],[-58.10769,-32.16537],[-58.10713,-32.16602],[-58.10759,-32.16602],[-58.10843,-32.165],[-58.10861,-32.16519],[-58.10898,-32.16481],[-58.11037,-32.16519],[-58.11102,-32.16509],[-58.10972,-32.16481],[-58.10898,-32.16426],[-58.1087,-32.1637],[-58.10907,-32.16324],[-58.10907,-32.16287],[-58.1087,-32.16269],[-58.10806,-32.16296]],[[-58.10889,-32.16324],[-58.1088,-32.16352],[-58.10815,-32.16333],[-58.10843,-32.16296],[-58.10889,-32.16324]],[[-58.10759,-32.16454],[-58.10824,-32.16435],[-58.10833,-32.165],[-58.10778,-32.16519],[-58.10759,-32.16454]]],[[[-58.11269,-32.16796],[-58.11296,-32.16648],[-58.11259,-32.16648],[-58.11241,-32.16611],[-58.11194,-32.16611],[-58.11185,-32.16657],[-58.1112,-32.16639],[-58.11148,-32.16593],[-58.11093,-32.16565],[-58.1113,-32.16565],[-58.1113,-32.16537],[-58.11074,-32.16565],[-58.11111,-32.16593],[-58.11074,-32.16648],[-58.11056,-32.16583],[-58.11,-32.1662],[-58.10926,-32.1662],[-58.11056,-32.16648],[-58.11093,-32.16981],[-58.11111,-32.16944],[-58.11194,-32.16944],[-58.11194,-32.16972],[-58.11111,-32.16991],[-58.11231,-32.17111],[-58.11222,-32.17157],[-58.10981,-32.17176],[-58.10963,-32.17241],[-58.11019,-32.17269],[-58.11056,-32.17185],[-58.11222,-32.17213],[-58.11519,-32.17176],[-58.11556,-32.17204],[-58.11491,-32.17269],[-58.11472,-32.1725],[-58.11398,-32.17259],[-58.11333,-32.17222],[-58.11324,-32.17278],[-58.115,-32.17343],[-58.11463,-32.17417],[-58.11407,-32.17361],[-58.1138,-32.17389],[-58.11296,-32.1737],[-58.11287,-32.17435],[-58.1137,-32.17481],[-58.11361,-32.17583],[-58.11324,-32.17537],[-58.11204,-32.17565],[-58.11185,-32.175],[-58.11241,-32.17509],[-58.1125,-32.17481],[-58.11167,-32.17444],[-58.11157,-32.17389],[-58.1112,-32.17426],[-58.1112,-32.17481],[-58.11167,-32.17565],[-58.11111,-32.17574],[-58.11074,-32.17509],[-58.11037,-32.17509],[-58.11028,-32.17565],[-58.11083,-32.1763],[-58.11083,-32.17694],[-58.11167,-32.17657],[-58.11213,-32.17676],[-58.11194,-32.17741],[-58.11222,-32.17704],[-58.11269,-32.17704],[-58.11296,-32.17741],[-58.11259,-32.17778],[-58.11324,-32.17769],[-58.11343,-32.17676],[-58.11352,-32.17713],[-58.11426,-32.17694],[-58.11444,-32.17796],[-58.11491,-32.17833],[-58.115,-32.17787],[-58.11472,-32.17759],[-58.115,-32.17713],[-58.11454,-32.1762],[-58.11398,-32.17583],[-58.11398,-32.17519],[-58.1137,-32.17519],[-58.11389,-32.17463],[-58.11324,-32.17398],[-58.11435,-32.17398],[-58.11426,-32.17472],[-58.11509,-32.17407],[-58.11509,-32.17324],[-58.11565,-32.17185],[-58.11463,-32.17148],[-58.11565,-32.17139],[-58.11593,-32.17093],[-58.11324,-32.17074],[-58.11333,-32.17037],[-58.11287,-32.17],[-58.11324,-32.16963],[-58.11315,-32.16926],[-58.11278,-32.16889],[-58.11213,-32.16907],[-58.11194,-32.1687],[-58.11231,-32.16815],[-58.11259,-32.16861],[-58.11306,-32.16833],[-58.11269,-32.16796]],[[-58.1112,-32.16917],[-58.11093,-32.16917],[-58.11093,-32.1687],[-58.11157,-32.16833],[-58.1112,-32.16917]],[[-58.11278,-32.17019],[-58.11315,-32.17074],[-58.11231,-32.17074],[-58.11204,-32.16981],[-58.11278,-32.17019]],[[-58.1125,-32.17111],[-58.11352,-32.17102],[-58.11361,-32.17139],[-58.1125,-32.17139],[-58.1125,-32.17111]],[[-58.11259,-32.17148],[-58.11324,-32.17148],[-58.11315,-32.17185],[-58.11241,-32.17185],[-58.11259,-32.17148]],[[-58.11259,-32.17667],[-58.1125,-32.17565],[-58.11287,-32.17565],[-58.11306,-32.17685],[-58.11259,-32.17667]]],[[[-58.11491,-32.1762],[-58.11537,-32.17639],[-58.11537,-32.17676],[-58.11574,-32.17694],[-58.11574,-32.1763],[-58.11491,-32.1762]]],[[[-58.1113,-32.18333],[-58.11194,-32.18287],[-58.11111,-32.1825],[-58.11148,-32.18167],[-58.11231,-32.18231],[-58.11287,-32.18176],[-58.11204,-32.1813],[-58.11222,-32.18065],[-58.11194,-32.18056],[-58.11185,-32.17981],[-58.11213,-32.1787],[-58.11139,-32.17824],[-58.11231,-32.17787],[-58.11139,-32.17806],[-58.1112,-32.17731],[-58.1112,-32.17852],[-58.11185,-32.17917],[-58.11167,-32.17972],[-58.11185,-32.18046],[-58.11157,-32.18074],[-58.1112,-32.18046],[-58.11093,-32.18093],[-58.1112,-32.18176],[-58.11093,-32.18269],[-58.11102,-32.18352],[-58.11185,-32.18361],[-58.11194,-32.18407],[-58.11194,-32.18352],[-58.1113,-32.18333]]],[[[-58.11241,-32.18491],[-58.11185,-32.18509],[-58.11269,-32.18528],[-58.11241,-32.18491]]],[[[-58.11194,-32.18583],[-58.11194,-32.18519],[-58.11157,-32.18509],[-58.11185,-32.18537],[-58.11167,-32.18602],[-58.11194,-32.18583]]],[[[-58.11,-32.16093],[-58.11,-32.16139],[-58.11046,-32.1613],[-58.11037,-32.16093],[-58.11,-32.16093]]],[[[-58.10926,-32.15972],[-58.10889,-32.16],[-58.10935,-32.16046],[-58.10972,-32.15991],[-58.10926,-32.15935],[-58.10954,-32.15907],[-58.10889,-32.15926],[-58.10926,-32.15972]]],[[[-58.1087,-32.15519],[-58.10787,-32.15491],[-58.10769,-32.15398],[-58.10787,-32.15509],[-58.10843,-32.15519],[-58.10917,-32.15593],[-58.10972,-32.15556],[-58.10935,-32.15537],[-58.10898,-32.15565],[-58.1087,-32.15519]]],[[[-58.10972,-32.15556],[-58.1112,-32.15759],[-58.11093,-32.15852],[-58.11176,-32.15861],[-58.11111,-32.15852],[-58.11139,-32.1575],[-58.11083,-32.15685],[-58.11065,-32.15602],[-58.10972,-32.15556]]],[[[-58.10898,-32.15204],[-58.10917,-32.15102],[-58.10889,-32.15074],[-58.10833,-32.15074],[-58.10907,-32.1512],[-58.1087,-32.15148],[-58.10898,-32.15204]]],[[[-58.10954,-32.12583],[-58.10944,-32.1263],[-58.11056,-32.12602],[-58.10954,-32.12583]]],[[[-58.11028,-32.11815],[-58.11019,-32.11778],[-58.10981,-32.11778],[-58.10981,-32.11824],[-58.11028,-32.11815]]],[[[-58.11028,-32.11546],[-58.11074,-32.11574],[-58.11074,-32.11519],[-58.11111,-32.11481],[-58.11056,-32.11481],[-58.11065,-32.11519],[-58.11028,-32.11546]]],[[[-58.10824,-32.1125],[-58.10796,-32.11213],[-58.10806,-32.11296],[-58.10815,-32.11306],[-58.10861,-32.11306],[-58.10833,-32.11296],[-58.10833,-32.1125],[-58.1088,-32.11222],[-58.10824,-32.1125]]],[[[-58.11046,-32.10704],[-58.10981,-32.10639],[-58.10954,-32.10676],[-58.10991,-32.10704],[-58.11046,-32.10704]]],[[[-58.10537,-32.10093],[-58.10611,-32.1013],[-58.10602,-32.10093],[-58.1063,-32.10083],[-58.1063,-32.10065],[-58.10537,-32.10093]]],[[[-58.1062,-32.10139],[-58.10648,-32.10167],[-58.10685,-32.10167],[-58.10704,-32.1012],[-58.1062,-32.10139]]],[[[-58.10787,-32.10269],[-58.10769,-32.10296],[-58.10731,-32.10278],[-58.10741,-32.10213],[-58.10731,-32.10185],[-58.10704,-32.10176],[-58.10731,-32.10315],[-58.10815,-32.10333],[-58.10843,-32.1038],[-58.10852,-32.10287],[-58.10787,-32.10269]]],[[[-58.1087,-32.10407],[-58.10898,-32.10463],[-58.10963,-32.10463],[-58.1087,-32.10407]]],[[[-58.11083,-32.10556],[-58.10963,-32.10463],[-58.11028,-32.10537],[-58.11009,-32.10574],[-58.11083,-32.10556]]],[[[-58.10944,-32.1],[-58.10954,-32.10046],[-58.10898,-32.10056],[-58.1088,-32.10093],[-58.10954,-32.10074],[-58.10991,-32.1],[-58.10944,-32.1]]],[[[-58.11093,-32.10056],[-58.11093,-32.10019],[-58.11065,-32.1],[-58.11046,-32.10046],[-58.11093,-32.10056]]],[[[-58.10454,-32.34722],[-58.10426,-32.34769],[-58.10407,-32.34704],[-58.10454,-32.34648],[-58.10278,-32.34667],[-58.10259,-32.34713],[-58.10296,-32.3475],[-58.10259,-32.34769],[-58.10407,-32.3475],[-58.10426,-32.34787],[-58.10463,-32.34769],[-58.10426,-32.34824],[-58.105,-32.34806],[-58.10509,-32.34833],[-58.10593,-32.34843],[-58.10574,-32.34889],[-58.10537,-32.34889],[-58.10556,-32.34926],[-58.10667,-32.34861],[-58.10685,-32.34815],[-58.1063,-32.34787],[-58.1062,-32.34731],[-58.10611,-32.34778],[-58.10565,-32.34778],[-58.10454,-32.34722]]],[[[-58.10583,-32.34278],[-58.10593,-32.34324],[-58.10639,-32.34306],[-58.10639,-32.34287],[-58.10583,-32.34278]]],[[[-58.10861,-32.27019],[-58.10815,-32.27056],[-58.10787,-32.27009],[-58.10796,-32.27074],[-58.10861,-32.27065],[-58.10861,-32.27019]]],[[[-58.10731,-32.26657],[-58.10778,-32.26713],[-58.10833,-32.26648],[-58.10787,-32.2663],[-58.10731,-32.26657]]],[[[-58.10824,-32.2575],[-58.10787,-32.25741],[-58.10806,-32.25796],[-58.10815,-32.25796],[-58.10824,-32.2575]]],[[[-58.10574,-32.21935],[-58.10602,-32.21898],[-58.10519,-32.21898],[-58.10556,-32.21907],[-58.10574,-32.21935]]],[[[-58.10704,-32.21796],[-58.10731,-32.21796],[-58.10759,-32.21759],[-58.10722,-32.21759],[-58.10704,-32.21796]]],[[[-58.10546,-32.2175],[-58.10491,-32.21731],[-58.10472,-32.21769],[-58.10519,-32.21769],[-58.10546,-32.2175]]],[[[-58.10759,-32.21704],[-58.10796,-32.21741],[-58.10861,-32.21648],[-58.10759,-32.21704]]],[[[-58.10694,-32.21546],[-58.10741,-32.21472],[-58.10796,-32.21426],[-58.10731,-32.21426],[-58.10704,-32.21463],[-58.10694,-32.21546]]],[[[-58.10426,-32.20991],[-58.1038,-32.20981],[-58.10343,-32.21],[-58.10463,-32.21],[-58.10472,-32.20954],[-58.105,-32.20981],[-58.10546,-32.20972],[-58.10454,-32.20944],[-58.10426,-32.20991]]],[[[-58.10546,-32.21009],[-58.10565,-32.20981],[-58.10528,-32.21],[-58.10528,-32.21046],[-58.10574,-32.21037],[-58.10546,-32.21009]]],[[[-58.10667,-32.16306],[-58.10676,-32.16259],[-58.10648,-32.1625],[-58.1063,-32.16296],[-58.10667,-32.16306]]],[[[-58.10769,-32.16213],[-58.10796,-32.16167],[-58.1075,-32.16157],[-58.10731,-32.16185],[-58.10769,-32.16213]]],[[[-58.10704,-32.16074],[-58.1075,-32.16037],[-58.10704,-32.16028],[-58.10704,-32.16074]]],[[[-58.10407,-32.16],[-58.10491,-32.15963],[-58.105,-32.15991],[-58.10463,-32.16019],[-58.10481,-32.16028],[-58.10528,-32.15991],[-58.10528,-32.15954],[-58.10546,-32.15954],[-58.10546,-32.15944],[-58.10454,-32.15935],[-58.10407,-32.16]]],[[[-58.10519,-32.15306],[-58.10454,-32.15269],[-58.10435,-32.1538],[-58.1037,-32.15398],[-58.1037,-32.15435],[-58.10472,-32.1538],[-58.10481,-32.15315],[-58.10537,-32.15324],[-58.10537,-32.15287],[-58.10593,-32.15287],[-58.10593,-32.15278],[-58.10565,-32.1525],[-58.10519,-32.15306]]],[[[-58.10546,-32.14593],[-58.10491,-32.14648],[-58.10528,-32.14657],[-58.10546,-32.14593]]],[[[-58.10519,-32.14556],[-58.10444,-32.14602],[-58.10444,-32.14611],[-58.10491,-32.14611],[-58.10519,-32.14556]]],[[[-58.10741,-32.14611],[-58.10722,-32.14565],[-58.10713,-32.14565],[-58.10704,-32.14611],[-58.10741,-32.14611]]],[[[-58.10556,-32.14407],[-58.10574,-32.1437],[-58.10546,-32.14324],[-58.10537,-32.14389],[-58.10556,-32.14407]]],[[[-58.10398,-32.145],[-58.10519,-32.14481],[-58.10546,-32.14426],[-58.10463,-32.14481],[-58.10417,-32.14426],[-58.10426,-32.14472],[-58.10389,-32.14481],[-58.1037,-32.14528],[-58.10398,-32.145]]],[[[-58.10481,-32.14241],[-58.10509,-32.1425],[-58.10509,-32.14296],[-58.10546,-32.14269],[-58.10491,-32.14204],[-58.10481,-32.14241]]],[[[-58.10843,-32.12583],[-58.10769,-32.12583],[-58.10704,-32.12657],[-58.10843,-32.12648],[-58.10759,-32.1263],[-58.10843,-32.12583]]],[[[-58.10398,-32.1112],[-58.10463,-32.11148],[-58.10463,-32.11213],[-58.10481,-32.11213],[-58.10481,-32.11148],[-58.10435,-32.11111],[-58.10398,-32.1112]]],[[[-58.10648,-32.1113],[-58.10648,-32.11185],[-58.10657,-32.11185],[-58.10685,-32.1112],[-58.10648,-32.1113]]],[[[-58.10509,-32.10963],[-58.10509,-32.11019],[-58.10519,-32.11019],[-58.10537,-32.10972],[-58.10509,-32.10963]]],[[[-58.10139,-32.34583],[-58.10231,-32.34611],[-58.10204,-32.34685],[-58.1025,-32.34657],[-58.10269,-32.34574],[-58.10241,-32.34602],[-58.10148,-32.34574],[-58.10148,-32.34528],[-58.10194,-32.34519],[-58.10185,-32.34481],[-58.10157,-32.34509],[-58.10139,-32.34491],[-58.10139,-32.34583]]],[[[-58.10213,-32.34444],[-58.10185,-32.34296],[-58.10111,-32.34296],[-58.10111,-32.34222],[-58.10083,-32.34231],[-58.10083,-32.34278],[-58.10037,-32.34278],[-58.10056,-32.34231],[-58.10019,-32.34148],[-58.10046,-32.3412],[-58.09981,-32.34102],[-58.09963,-32.34148],[-58.10019,-32.34176],[-58.10019,-32.34213],[-58.09944,-32.34157],[-58.09944,-32.34213],[-58.09898,-32.34231],[-58.09963,-32.34213],[-58.10028,-32.34259],[-58.09963,-32.3425],[-58.09954,-32.34278],[-58.09991,-32.34278],[-58.09981,-32.34324],[-58.10046,-32.34306],[-58.10028,-32.34435],[-58.10065,-32.34472],[-58.1013,-32.34463],[-58.10074,-32.34398],[-58.10157,-32.34343],[-58.10176,-32.34398],[-58.10148,-32.34444],[-58.10213,-32.34444]]],[[[-58.10222,-32.34167],[-58.10222,-32.3412],[-58.10157,-32.34139],[-58.10167,-32.34167],[-58.10222,-32.34167]]],[[[-58.09852,-32.33907],[-58.09815,-32.33898],[-58.09806,-32.33935],[-58.0987,-32.33981],[-58.09852,-32.33907]]],[[[-58.09843,-32.3363],[-58.09833,-32.33685],[-58.09852,-32.33685],[-58.0987,-32.33639],[-58.09843,-32.3363]]],[[[-58.10352,-32.33509],[-58.10306,-32.33509],[-58.10315,-32.33556],[-58.10333,-32.33546],[-58.10352,-32.33509]]],[[[-58.10278,-32.33194],[-58.10407,-32.3325],[-58.10435,-32.33167],[-58.10398,-32.33185],[-58.10352,-32.33093],[-58.10306,-32.33111],[-58.10333,-32.33074],[-58.10324,-32.33],[-58.10296,-32.33009],[-58.10269,-32.33111],[-58.10241,-32.33046],[-58.1013,-32.33056],[-58.1012,-32.33111],[-58.10222,-32.33093],[-58.10167,-32.3325],[-58.10287,-32.33259],[-58.10278,-32.33194]],[[-58.10315,-32.33167],[-58.10259,-32.33185],[-58.10241,-32.33231],[-58.10204,-32.33222],[-58.10231,-32.33083],[-58.10315,-32.33167]]],[[[-58.10324,-32.33287],[-58.10389,-32.33296],[-58.1037,-32.3325],[-58.10296,-32.3325],[-58.10343,-32.33259],[-58.10315,-32.33269],[-58.10315,-32.33324],[-58.10352,-32.33343],[-58.10324,-32.33287]]],[[[-58.10296,-32.33343],[-58.10222,-32.33278],[-58.10204,-32.33324],[-58.10241,-32.33315],[-58.1025,-32.33352],[-58.10269,-32.33352],[-58.10269,-32.3338],[-58.10278,-32.3338],[-58.10296,-32.33343]]],[[[-58.10361,-32.33398],[-58.10352,-32.33444],[-58.10389,-32.33389],[-58.10315,-32.3337],[-58.10306,-32.33389],[-58.10361,-32.33398]]],[[[-58.10074,-32.32602],[-58.10056,-32.32472],[-58.10046,-32.32472],[-58.10037,-32.32602],[-58.10074,-32.32602]]],[[[-58.10157,-32.32426],[-58.10139,-32.32444],[-58.10139,-32.32491],[-58.10176,-32.32463],[-58.10157,-32.32426]]],[[[-58.10046,-32.32435],[-58.10046,-32.32389],[-58.1,-32.3237],[-58.10019,-32.32435],[-58.10046,-32.32435]]],[[[-58.10065,-32.32352],[-58.10074,-32.3238],[-58.1012,-32.3238],[-58.10139,-32.32333],[-58.10065,-32.32352]]],[[[-58.10009,-32.32241],[-58.10037,-32.32259],[-58.10009,-32.32287],[-58.10056,-32.32296],[-58.10074,-32.32259],[-58.10037,-32.32222],[-58.10009,-32.32241]]],[[[-58.10343,-32.32046],[-58.10343,-32.32083],[-58.10389,-32.32074],[-58.10389,-32.32056],[-58.10343,-32.32046]]],[[[-58.10083,-32.31954],[-58.10074,-32.32],[-58.10074,-32.32056],[-58.10102,-32.31991],[-58.10083,-32.31954]]],[[[-58.10139,-32.31778],[-58.10037,-32.31778],[-58.10065,-32.31861],[-58.1013,-32.31861],[-58.10139,-32.31907],[-58.10148,-32.31843],[-58.10083,-32.31852],[-58.10102,-32.31806],[-58.10139,-32.31796],[-58.10139,-32.31778]]],[[[-58.10213,-32.31583],[-58.10241,-32.31611],[-58.10269,-32.31583],[-58.10222,-32.31509],[-58.10213,-32.31583]]],[[[-58.10343,-32.31454],[-58.10287,-32.31426],[-58.10287,-32.31519],[-58.10315,-32.31463],[-58.10352,-32.31519],[-58.10343,-32.31454]]],[[[-58.10176,-32.31315],[-58.10148,-32.31352],[-58.10194,-32.31389],[-58.10213,-32.31361],[-58.10204,-32.31361],[-58.10194,-32.31352],[-58.10176,-32.31315]]],[[[-58.09944,-32.3137],[-58.0988,-32.31343],[-58.09889,-32.31435],[-58.09898,-32.31407],[-58.09917,-32.31435],[-58.09972,-32.31407],[-58.09981,-32.31454],[-58.09981,-32.31417],[-58.10019,-32.31407],[-58.09963,-32.31333],[-58.09917,-32.31333],[-58.09944,-32.3137]]],[[[-58.1037,-32.31352],[-58.10315,-32.31407],[-58.10361,-32.31407],[-58.1037,-32.31352]]],[[[-58.10037,-32.31259],[-58.1,-32.31278],[-58.1,-32.31306],[-58.10074,-32.31296],[-58.10037,-32.31259]]],[[[-58.1012,-32.31213],[-58.10167,-32.3125],[-58.10167,-32.31204],[-58.1012,-32.31213]]],[[[-58.09787,-32.31102],[-58.09815,-32.31083],[-58.0988,-32.31065],[-58.09769,-32.31056],[-58.09787,-32.31102]]],[[[-58.09824,-32.23204],[-58.0988,-32.23148],[-58.09852,-32.23241],[-58.09917,-32.23213],[-58.09889,-32.23204],[-58.0988,-32.23111],[-58.09843,-32.23093],[-58.09778,-32.23148],[-58.09824,-32.23204]]],[[[-58.09889,-32.22685],[-58.09815,-32.22676],[-58.09843,-32.22713],[-58.09889,-32.22704],[-58.09898,-32.2262],[-58.09889,-32.22685]]],[[[-58.09861,-32.22472],[-58.09917,-32.22463],[-58.09889,-32.22407],[-58.0988,-32.22463],[-58.09861,-32.22472]]],[[[-58.10259,-32.22009],[-58.10296,-32.22028],[-58.10343,-32.21991],[-58.10296,-32.21991],[-58.10259,-32.22009]]],[[[-58.1038,-32.21954],[-58.10435,-32.21963],[-58.10454,-32.21833],[-58.10398,-32.21917],[-58.10426,-32.21935],[-58.1038,-32.21954]]],[[[-58.10296,-32.21046],[-58.10278,-32.21074],[-58.10333,-32.21046],[-58.10444,-32.21074],[-58.10472,-32.21019],[-58.10296,-32.21046]]],[[[-58.1037,-32.21102],[-58.10287,-32.21074],[-58.10315,-32.21111],[-58.1037,-32.21102]]],[[[-58.10148,-32.20944],[-58.10194,-32.20954],[-58.10213,-32.20917],[-58.10185,-32.20917],[-58.10148,-32.20944]]],[[[-58.10213,-32.16944],[-58.10148,-32.16972],[-58.1013,-32.17046],[-58.10213,-32.17019],[-58.10213,-32.16944]]],[[[-58.1012,-32.16694],[-58.1012,-32.16731],[-58.10093,-32.16731],[-58.10102,-32.16778],[-58.10176,-32.16741],[-58.10157,-32.16694],[-58.1012,-32.16694]]],[[[-58.10259,-32.16444],[-58.10352,-32.16463],[-58.10361,-32.16426],[-58.10213,-32.16398],[-58.10213,-32.16426],[-58.1025,-32.16426],[-58.10241,-32.16463],[-58.10204,-32.16435],[-58.10222,-32.16565],[-58.10259,-32.16444]]],[[[-58.10231,-32.16611],[-58.10269,-32.16602],[-58.10213,-32.16565],[-58.10213,-32.16583],[-58.10231,-32.16611]]],[[[-58.09898,-32.16269],[-58.09889,-32.16204],[-58.09843,-32.16241],[-58.09815,-32.16204],[-58.09787,-32.1625],[-58.10028,-32.16306],[-58.10028,-32.16278],[-58.09972,-32.16259],[-58.09898,-32.16269]]],[[[-58.10389,-32.16194],[-58.10343,-32.16241],[-58.10407,-32.16231],[-58.10435,-32.1625],[-58.10389,-32.16194]]],[[[-58.10148,-32.1612],[-58.10009,-32.16065],[-58.1,-32.1613],[-58.09963,-32.1613],[-58.09954,-32.16185],[-58.09917,-32.16204],[-58.09991,-32.16222],[-58.09981,-32.16204],[-58.10028,-32.16194],[-58.10157,-32.1625],[-58.1012,-32.16213],[-58.10157,-32.16176],[-58.1012,-32.16167],[-58.10093,-32.16204],[-58.10083,-32.16167],[-58.10046,-32.16157],[-58.10046,-32.1613],[-58.10148,-32.1612]],[[-58.10028,-32.16185],[-58.09981,-32.16194],[-58.09972,-32.16148],[-58.10019,-32.16139],[-58.10074,-32.16204],[-58.10028,-32.16185]]],[[[-58.10083,-32.16269],[-58.10139,-32.16333],[-58.10185,-32.16306],[-58.1012,-32.16306],[-58.1012,-32.16278],[-58.10083,-32.16269]]],[[[-58.10204,-32.15185],[-58.10111,-32.15157],[-58.1012,-32.15204],[-58.10157,-32.15204],[-58.10139,-32.15241],[-58.10148,-32.1525],[-58.10185,-32.1525],[-58.10167,-32.15222],[-58.10204,-32.15185]]],[[[-58.10241,-32.15306],[-58.10204,-32.15324],[-58.10194,-32.15259],[-58.10176,-32.15343],[-58.10241,-32.15343],[-58.1025,-32.1538],[-58.10259,-32.1538],[-58.10269,-32.15333],[-58.10241,-32.15306]]],[[[-58.10269,-32.1538],[-58.10259,-32.15426],[-58.10296,-32.15463],[-58.10296,-32.15417],[-58.10269,-32.1538]]],[[[-58.10398,-32.15259],[-58.10398,-32.15222],[-58.10306,-32.15222],[-58.10315,-32.1525],[-58.10398,-32.15259]]],[[[-58.09907,-32.15],[-58.09926,-32.14954],[-58.09907,-32.14981],[-58.09898,-32.14972],[-58.09843,-32.14981],[-58.09907,-32.15]]],[[[-58.09981,-32.14611],[-58.0987,-32.14593],[-58.09889,-32.14639],[-58.09843,-32.14648],[-58.09907,-32.14648],[-58.09907,-32.14657],[-58.09926,-32.14657],[-58.09944,-32.14611],[-58.09981,-32.14611]]],[[[-58.10315,-32.14611],[-58.10352,-32.14648],[-58.10352,-32.14593],[-58.10315,-32.14611]]],[[[-58.1012,-32.14454],[-58.10083,-32.14454],[-58.10083,-32.14491],[-58.1012,-32.14491],[-58.1012,-32.14454]]],[[[-58.10028,-32.14528],[-58.10056,-32.14444],[-58.1,-32.14481],[-58.10009,-32.14528],[-58.09935,-32.14546],[-58.09935,-32.14583],[-58.10019,-32.14602],[-58.10046,-32.14667],[-58.10019,-32.14704],[-58.09981,-32.14694],[-58.09991,-32.14713],[-58.10065,-32.14694],[-58.10074,-32.14648],[-58.10037,-32.1462],[-58.10028,-32.14593],[-58.09954,-32.14574],[-58.10028,-32.14528]]],[[[-58.10194,-32.14731],[-58.10148,-32.14722],[-58.10111,-32.14676],[-58.10111,-32.14713],[-58.10139,-32.14731],[-58.10194,-32.14731]]],[[[-58.10241,-32.14454],[-58.10194,-32.14426],[-58.10222,-32.14491],[-58.10241,-32.14454]]],[[[-58.09981,-32.14389],[-58.09963,-32.14343],[-58.09907,-32.14343],[-58.09944,-32.14389],[-58.09981,-32.14389]]],[[[-58.10352,-32.1437],[-58.10407,-32.1437],[-58.10361,-32.14352],[-58.1038,-32.14259],[-58.10343,-32.14315],[-58.10352,-32.1437]]],[[[-58.10296,-32.14222],[-58.10306,-32.14306],[-58.10315,-32.14306],[-58.10324,-32.14204],[-58.10296,-32.14222]]],[[[-58.10204,-32.14222],[-58.10213,-32.1412],[-58.10167,-32.1413],[-58.10185,-32.14093],[-58.1012,-32.14102],[-58.10204,-32.14176],[-58.10157,-32.14241],[-58.1013,-32.14204],[-58.10139,-32.1425],[-58.10204,-32.14222]]],[[[-58.10139,-32.14296],[-58.10102,-32.14241],[-58.1012,-32.14204],[-58.10102,-32.14204],[-58.10093,-32.1425],[-58.10111,-32.14352],[-58.10139,-32.14296]]],[[[-58.09889,-32.14259],[-58.0988,-32.14287],[-58.09944,-32.14296],[-58.09963,-32.14278],[-58.09963,-32.1425],[-58.10037,-32.14241],[-58.09972,-32.14241],[-58.09954,-32.14231],[-58.09935,-32.14278],[-58.09889,-32.14259]]],[[[-58.09991,-32.1438],[-58.10074,-32.14324],[-58.10056,-32.14287],[-58.09972,-32.14287],[-58.09981,-32.14315],[-58.10046,-32.14315],[-58.09991,-32.1438]]],[[[-58.09833,-32.14278],[-58.09898,-32.14352],[-58.0988,-32.14287],[-58.09843,-32.14269],[-58.0988,-32.1425],[-58.09843,-32.14231],[-58.09833,-32.14278]]],[[[-58.09991,-32.13472],[-58.10028,-32.13472],[-58.10028,-32.13398],[-58.09981,-32.13361],[-58.09954,-32.1338],[-58.09991,-32.13472]]],[[[-58.10037,-32.13204],[-58.09991,-32.13194],[-58.09954,-32.13241],[-58.1,-32.13241],[-58.10037,-32.13204]]],[[[-58.10074,-32.13037],[-58.10157,-32.13065],[-58.1013,-32.13009],[-58.10074,-32.13037]]],[[[-58.10213,-32.12935],[-58.10167,-32.12935],[-58.10139,-32.12935],[-58.10148,-32.12954],[-58.10194,-32.12954],[-58.10213,-32.12935]]],[[[-58.0987,-32.11157],[-58.09843,-32.11231],[-58.09889,-32.11269],[-58.09898,-32.11194],[-58.0987,-32.11157]]],[[[-58.1037,-32.11296],[-58.10407,-32.11269],[-58.10407,-32.11222],[-58.10352,-32.1125],[-58.1037,-32.11296]]],[[[-58.0988,-32.1112],[-58.09907,-32.11046],[-58.09843,-32.1112],[-58.0988,-32.1112]]],[[[-58.10287,-32.11074],[-58.10296,-32.11028],[-58.10269,-32.11028],[-58.10269,-32.11065],[-58.10278,-32.11074],[-58.10287,-32.11074]]],[[[-58.09944,-32.10926],[-58.10019,-32.10963],[-58.10046,-32.10926],[-58.09944,-32.10926]]],[[[-58.10111,-32.11],[-58.10046,-32.10935],[-58.10074,-32.10972],[-58.10028,-32.11009],[-58.10037,-32.11046],[-58.10111,-32.11]]],[[[-58.09935,-32.10981],[-58.09926,-32.11028],[-58.09963,-32.11046],[-58.09991,-32.10981],[-58.09972,-32.11009],[-58.09935,-32.10981]]],[[[-58.10185,-32.11037],[-58.1025,-32.11019],[-58.10241,-32.10972],[-58.10222,-32.11019],[-58.10148,-32.11019],[-58.10139,-32.10944],[-58.10102,-32.10926],[-58.1013,-32.10954],[-58.1012,-32.11019],[-58.10185,-32.11037]]],[[[-58.10343,-32.10898],[-58.10389,-32.10963],[-58.10324,-32.10935],[-58.10315,-32.10963],[-58.10435,-32.11009],[-58.10426,-32.10954],[-58.1038,-32.10935],[-58.1038,-32.10898],[-58.10343,-32.10898]]],[[[-58.10176,-32.10833],[-58.10176,-32.10861],[-58.10231,-32.10852],[-58.10213,-32.10833],[-58.10176,-32.10833]]],[[[-58.09972,-32.10343],[-58.09981,-32.1038],[-58.09935,-32.10389],[-58.09991,-32.10389],[-58.10009,-32.10343],[-58.09972,-32.10343]]],[[[-58.09685,-32.34111],[-58.09657,-32.3412],[-58.09676,-32.34185],[-58.09694,-32.3412],[-58.09741,-32.3412],[-58.09685,-32.34111]]],[[[-58.09806,-32.34046],[-58.09778,-32.34037],[-58.09722,-32.34037],[-58.09759,-32.34074],[-58.09806,-32.34046]]],[[[-58.09685,-32.33824],[-58.0963,-32.33787],[-58.0962,-32.33824],[-58.09685,-32.33824]]],[[[-58.09417,-32.33722],[-58.09556,-32.33741],[-58.095,-32.33639],[-58.09537,-32.3363],[-58.09565,-32.33565],[-58.09602,-32.3363],[-58.0963,-32.33537],[-58.09676,-32.33519],[-58.09639,-32.33454],[-58.09694,-32.33407],[-58.09685,-32.33352],[-58.09611,-32.33454],[-58.0963,-32.335],[-58.09546,-32.33491],[-58.09593,-32.33463],[-58.09593,-32.33417],[-58.09537,-32.33472],[-58.09537,-32.33509],[-58.0962,-32.33528],[-58.09602,-32.33583],[-58.09556,-32.33556],[-58.09472,-32.33611],[-58.09407,-32.3363],[-58.09361,-32.3362],[-58.09407,-32.33648],[-58.09389,-32.33694],[-58.09417,-32.33722]],[[-58.09491,-32.3362],[-58.09435,-32.33713],[-58.09398,-32.33685],[-58.09426,-32.3363],[-58.09491,-32.3362]]],[[[-58.09333,-32.33213],[-58.09352,-32.33185],[-58.09278,-32.33176],[-58.09259,-32.33222],[-58.09287,-32.33194],[-58.09333,-32.33213]]],[[[-58.09843,-32.32954],[-58.09898,-32.3288],[-58.1,-32.3287],[-58.10009,-32.32824],[-58.10046,-32.32852],[-58.10102,-32.32852],[-58.10093,-32.32787],[-58.10074,-32.32843],[-58.10046,-32.32806],[-58.09954,-32.32815],[-58.09991,-32.32852],[-58.09861,-32.3287],[-58.0987,-32.32907],[-58.09824,-32.32944],[-58.09796,-32.32917],[-58.09722,-32.32944],[-58.09843,-32.32954]]],[[[-58.09722,-32.32954],[-58.09611,-32.32926],[-58.09602,-32.32954],[-58.09722,-32.32954]]],[[[-58.09546,-32.31231],[-58.09602,-32.31213],[-58.0962,-32.3125],[-58.09574,-32.31287],[-58.09593,-32.31296],[-58.09611,-32.31296],[-58.0963,-32.31287],[-58.09639,-32.31204],[-58.09546,-32.31213],[-58.09537,-32.31269],[-58.09546,-32.31231]]],[[[-58.09694,-32.31352],[-58.09722,-32.31315],[-58.09667,-32.31315],[-58.09667,-32.31361],[-58.09694,-32.31352]]],[[[-58.09648,-32.31074],[-58.09667,-32.30954],[-58.0962,-32.30944],[-58.0962,-32.30991],[-58.09546,-32.30991],[-58.09546,-32.3113],[-58.09565,-32.31093],[-58.09583,-32.31111],[-58.09583,-32.31083],[-58.09648,-32.31074]]],[[[-58.09667,-32.31083],[-58.09657,-32.3112],[-58.09713,-32.31111],[-58.09667,-32.31083]]],[[[-58.09611,-32.3112],[-58.0962,-32.31139],[-58.09648,-32.31157],[-58.09657,-32.3112],[-58.09611,-32.3112]]],[[[-58.09546,-32.30843],[-58.09546,-32.3087],[-58.09602,-32.30852],[-58.09602,-32.30843],[-58.09546,-32.30843]]],[[[-58.09444,-32.30759],[-58.09398,-32.30824],[-58.09417,-32.30824],[-58.09426,-32.30796],[-58.09454,-32.30796],[-58.09444,-32.30759]]],[[[-58.09417,-32.30704],[-58.09407,-32.30667],[-58.09389,-32.30667],[-58.0938,-32.30741],[-58.09417,-32.30704]]],[[[-58.09324,-32.30407],[-58.09269,-32.30463],[-58.09231,-32.30472],[-58.09287,-32.305],[-58.09343,-32.30444],[-58.09324,-32.30407]]],[[[-58.09333,-32.30574],[-58.09287,-32.30565],[-58.09296,-32.3063],[-58.0937,-32.3062],[-58.09343,-32.30537],[-58.09333,-32.30574]]],[[[-58.09231,-32.30454],[-58.09278,-32.30398],[-58.09231,-32.30407],[-58.09231,-32.30454]]],[[[-58.09259,-32.30194],[-58.09296,-32.30231],[-58.09324,-32.30185],[-58.09315,-32.30139],[-58.09306,-32.30185],[-58.09259,-32.30194]]],[[[-58.09407,-32.30176],[-58.09389,-32.30213],[-58.09444,-32.30213],[-58.09407,-32.30176]]],[[[-58.09426,-32.2613],[-58.09389,-32.2612],[-58.09398,-32.26194],[-58.09426,-32.26185],[-58.09426,-32.2613]]],[[[-58.09306,-32.2612],[-58.09278,-32.2613],[-58.0925,-32.26157],[-58.09296,-32.26157],[-58.09306,-32.2612]]],[[[-58.09741,-32.23981],[-58.09704,-32.24019],[-58.09769,-32.24028],[-58.09778,-32.24009],[-58.09741,-32.23981]]],[[[-58.09667,-32.23991],[-58.09657,-32.23954],[-58.09593,-32.23981],[-58.09602,-32.24009],[-58.09667,-32.23991]]],[[[-58.09343,-32.23731],[-58.0938,-32.23722],[-58.09343,-32.23713],[-58.09352,-32.23694],[-58.09324,-32.23667],[-58.09306,-32.23667],[-58.09296,-32.23694],[-58.09343,-32.23731]]],[[[-58.09352,-32.23741],[-58.09324,-32.2375],[-58.09315,-32.23787],[-58.09259,-32.23769],[-58.0925,-32.23806],[-58.09278,-32.23824],[-58.09306,-32.23796],[-58.09315,-32.23824],[-58.09352,-32.23824],[-58.09324,-32.23796],[-58.09352,-32.23741]]],[[[-58.0938,-32.2387],[-58.09444,-32.23861],[-58.09444,-32.23852],[-58.09361,-32.23843],[-58.09361,-32.23907],[-58.09389,-32.23907],[-58.0938,-32.2387]]],[[[-58.09296,-32.23593],[-58.0925,-32.23593],[-58.09278,-32.23639],[-58.09287,-32.23639],[-58.09296,-32.23593]]],[[[-58.09602,-32.23315],[-58.09657,-32.2338],[-58.09685,-32.23352],[-58.09704,-32.23398],[-58.09694,-32.23343],[-58.09657,-32.23343],[-58.09657,-32.23259],[-58.09602,-32.23315]]],[[[-58.09796,-32.22926],[-58.09759,-32.22972],[-58.09769,-32.22991],[-58.09796,-32.22991],[-58.09796,-32.22926]]],[[[-58.09741,-32.22981],[-58.09667,-32.23009],[-58.09713,-32.23065],[-58.09704,-32.23009],[-58.09741,-32.23019],[-58.09741,-32.22981]]],[[[-58.0963,-32.22963],[-58.09593,-32.22954],[-58.09583,-32.22991],[-58.09602,-32.23],[-58.0963,-32.22963]]],[[[-58.09361,-32.22935],[-58.09352,-32.22889],[-58.09278,-32.22889],[-58.09315,-32.22963],[-58.09361,-32.22935]]],[[[-58.09648,-32.2288],[-58.09556,-32.22898],[-58.09537,-32.22917],[-58.09602,-32.22907],[-58.09648,-32.2288]]],[[[-58.09583,-32.22843],[-58.0963,-32.22861],[-58.09657,-32.22824],[-58.0962,-32.22824],[-58.09583,-32.22843]]],[[[-58.09278,-32.22694],[-58.09361,-32.22593],[-58.09315,-32.22611],[-58.09278,-32.22694]]],[[[-58.09194,-32.22843],[-58.09148,-32.2288],[-58.0912,-32.22824],[-58.0912,-32.22861],[-58.09185,-32.22907],[-58.09213,-32.2288],[-58.09194,-32.22843]]],[[[-58.0975,-32.22639],[-58.09722,-32.2263],[-58.09704,-32.22657],[-58.09685,-32.22556],[-58.0962,-32.22556],[-58.09574,-32.22454],[-58.09481,-32.22435],[-58.09593,-32.22509],[-58.09593,-32.22602],[-58.09648,-32.22593],[-58.09611,-32.22657],[-58.09694,-32.22694],[-58.09704,-32.22759],[-58.09722,-32.22676],[-58.09769,-32.22657],[-58.0975,-32.22639]]],[[[-58.09713,-32.2288],[-58.09713,-32.22778],[-58.09694,-32.22759],[-58.09704,-32.22796],[-58.09667,-32.22824],[-58.09704,-32.22833],[-58.09713,-32.2288]]],[[[-58.09361,-32.22519],[-58.0938,-32.22537],[-58.09407,-32.22546],[-58.09389,-32.22491],[-58.09361,-32.22519]]],[[[-58.095,-32.2113],[-58.09463,-32.21074],[-58.09491,-32.21037],[-58.09417,-32.21046],[-58.09398,-32.20981],[-58.09352,-32.20972],[-58.09389,-32.21],[-58.09398,-32.21065],[-58.09454,-32.21083],[-58.09454,-32.2113],[-58.09602,-32.21176],[-58.0962,-32.21222],[-58.09602,-32.21157],[-58.095,-32.2113]]],[[[-58.09731,-32.21481],[-58.0962,-32.21491],[-58.09602,-32.21426],[-58.09648,-32.21398],[-58.09648,-32.21296],[-58.09713,-32.21315],[-58.09796,-32.21287],[-58.09741,-32.21278],[-58.09722,-32.21231],[-58.0962,-32.21222],[-58.09713,-32.2125],[-58.09731,-32.21296],[-58.09676,-32.21296],[-58.09639,-32.21241],[-58.09593,-32.2125],[-58.09639,-32.2138],[-58.0963,-32.21407],[-58.09574,-32.21398],[-58.09556,-32.21463],[-58.0962,-32.21519],[-58.09685,-32.215],[-58.09731,-32.21546],[-58.09843,-32.21556],[-58.09889,-32.21528],[-58.0975,-32.21528],[-58.09722,-32.21519],[-58.09731,-32.21481]]],[[[-58.10009,-32.21565],[-58.10028,-32.21602],[-58.1,-32.2163],[-58.10083,-32.21704],[-58.10111,-32.21815],[-58.10139,-32.21731],[-58.10074,-32.21639],[-58.10028,-32.2163],[-58.10065,-32.21602],[-58.10065,-32.21537],[-58.09991,-32.215],[-58.09889,-32.215],[-58.09972,-32.21519],[-58.09972,-32.21574],[-58.10009,-32.21565]]],[[[-58.09657,-32.21037],[-58.09759,-32.21056],[-58.09731,-32.21028],[-58.09657,-32.21037]]],[[[-58.0963,-32.21046],[-58.0963,-32.21],[-58.09583,-32.20972],[-58.0963,-32.21046]]],[[[-58.09343,-32.20741],[-58.09324,-32.20667],[-58.09259,-32.20694],[-58.09287,-32.20769],[-58.09343,-32.20741]]],[[[-58.09259,-32.16972],[-58.09148,-32.16926],[-58.09185,-32.17009],[-58.0925,-32.17046],[-58.0925,-32.17093],[-58.09204,-32.17139],[-58.0925,-32.17185],[-58.09259,-32.17296],[-58.09296,-32.17296],[-58.09306,-32.17231],[-58.0938,-32.1725],[-58.09472,-32.17204],[-58.09537,-32.17315],[-58.09611,-32.17333],[-58.09667,-32.17278],[-58.09593,-32.17167],[-58.09667,-32.17139],[-58.09676,-32.17111],[-58.09824,-32.17074],[-58.09926,-32.17093],[-58.09944,-32.17065],[-58.10019,-32.17093],[-58.09963,-32.16991],[-58.09935,-32.17009],[-58.09944,-32.17046],[-58.09843,-32.17056],[-58.09824,-32.16981],[-58.09787,-32.16981],[-58.09667,-32.17074],[-58.09593,-32.17065],[-58.09556,-32.17111],[-58.09556,-32.17204],[-58.09509,-32.17213],[-58.09463,-32.17176],[-58.09389,-32.17185],[-58.0938,-32.17213],[-58.09352,-32.17185],[-58.09315,-32.17204],[-58.09287,-32.17185],[-58.09315,-32.1712],[-58.09269,-32.17093],[-58.09343,-32.17037],[-58.09324,-32.17009],[-58.09259,-32.17028],[-58.09259,-32.16972]]],[[[-58.09519,-32.17139],[-58.09537,-32.17093],[-58.09472,-32.17065],[-58.09481,-32.17111],[-58.09519,-32.17139]]],[[[-58.09806,-32.15028],[-58.0975,-32.15037],[-58.09759,-32.15083],[-58.09648,-32.15056],[-58.09639,-32.1512],[-58.09685,-32.15102],[-58.09648,-32.15157],[-58.09713,-32.15102],[-58.09843,-32.15065],[-58.09963,-32.15065],[-58.10111,-32.15148],[-58.1013,-32.15102],[-58.10185,-32.15102],[-58.10167,-32.15065],[-58.10213,-32.15065],[-58.1013,-32.15009],[-58.10148,-32.15083],[-58.10093,-32.1512],[-58.09991,-32.15037],[-58.09861,-32.15056],[-58.0987,-32.15028],[-58.09917,-32.15037],[-58.09935,-32.15028],[-58.09926,-32.15028],[-58.09926,-32.15019],[-58.09861,-32.15019],[-58.09843,-32.15037],[-58.09833,-32.14981],[-58.09806,-32.15028]]],[[[-58.09463,-32.15157],[-58.09444,-32.15139],[-58.09398,-32.15157],[-58.09352,-32.15102],[-58.09315,-32.1512],[-58.09389,-32.15167],[-58.09463,-32.15157]]],[[[-58.09222,-32.1525],[-58.09157,-32.15296],[-58.0912,-32.15287],[-58.09074,-32.15352],[-58.09111,-32.15361],[-58.09176,-32.15287],[-58.09296,-32.15259],[-58.09315,-32.15231],[-58.09306,-32.15148],[-58.09296,-32.15231],[-58.09222,-32.1525]]],[[[-58.09241,-32.1238],[-58.09231,-32.12296],[-58.09194,-32.12389],[-58.09269,-32.12417],[-58.09278,-32.1237],[-58.09241,-32.1238]]],[[[-58.0938,-32.11963],[-58.0938,-32.11917],[-58.09324,-32.11898],[-58.09343,-32.11935],[-58.0938,-32.11963]]],[[[-58.09593,-32.1175],[-58.09667,-32.11815],[-58.09657,-32.11759],[-58.09593,-32.1175]]],[[[-58.09435,-32.11657],[-58.0937,-32.11565],[-58.0937,-32.11602],[-58.09435,-32.11657]]],[[[-58.09722,-32.11426],[-58.09704,-32.11454],[-58.09713,-32.11481],[-58.09741,-32.11454],[-58.09722,-32.11426]]],[[[-58.09287,-32.11472],[-58.09343,-32.11519],[-58.09296,-32.11389],[-58.09296,-32.1125],[-58.09259,-32.11259],[-58.09287,-32.11472]]],[[[-58.09259,-32.11213],[-58.09324,-32.1125],[-58.09343,-32.11213],[-58.09296,-32.11185],[-58.09333,-32.11093],[-58.09259,-32.11148],[-58.09259,-32.11213]]],[[[-58.08741,-32.33583],[-58.08667,-32.33574],[-58.08667,-32.33593],[-58.08704,-32.33583],[-58.08704,-32.33611],[-58.08676,-32.3363],[-58.08741,-32.3363],[-58.08741,-32.33583]]],[[[-58.08935,-32.33398],[-58.08898,-32.33389],[-58.08889,-32.33407],[-58.08898,-32.33426],[-58.08926,-32.33426],[-58.08926,-32.33435],[-58.08935,-32.33435],[-58.08935,-32.33398]]],[[[-58.09185,-32.3338],[-58.09111,-32.33407],[-58.09111,-32.33417],[-58.09185,-32.33407],[-58.09185,-32.3338]]],[[[-58.08611,-32.33417],[-58.08657,-32.33426],[-58.08639,-32.33481],[-58.08667,-32.33491],[-58.08741,-32.33389],[-58.08704,-32.3337],[-58.08667,-32.33407],[-58.08602,-32.33398],[-58.08574,-32.33435],[-58.08602,-32.33444],[-58.08611,-32.33417]]],[[[-58.0887,-32.33287],[-58.08935,-32.33315],[-58.08963,-32.33278],[-58.0887,-32.33287]]],[[[-58.09213,-32.3],[-58.09213,-32.29944],[-58.09176,-32.29972],[-58.09185,-32.3],[-58.09213,-32.3]]],[[[-58.08963,-32.28787],[-58.08889,-32.28787],[-58.08935,-32.28843],[-58.08917,-32.28907],[-58.08926,-32.2888],[-58.08972,-32.28843],[-58.08963,-32.28787]]],[[[-58.08843,-32.28954],[-58.08815,-32.29037],[-58.08824,-32.29074],[-58.08852,-32.29046],[-58.08843,-32.28954]]],[[[-58.08713,-32.27435],[-58.08694,-32.27398],[-58.0862,-32.27454],[-58.0862,-32.27528],[-58.08657,-32.27537],[-58.08657,-32.27454],[-58.08713,-32.27435]]],[[[-58.08713,-32.27287],[-58.08648,-32.27259],[-58.0862,-32.27278],[-58.08713,-32.27287]]],[[[-58.0887,-32.27009],[-58.08806,-32.27046],[-58.08796,-32.27102],[-58.08843,-32.27028],[-58.0888,-32.27037],[-58.0887,-32.27009]]],[[[-58.08852,-32.27093],[-58.0888,-32.2713],[-58.0888,-32.27157],[-58.08889,-32.27157],[-58.08907,-32.27111],[-58.08852,-32.27093]]],[[[-58.09037,-32.26815],[-58.09046,-32.26852],[-58.09102,-32.2687],[-58.09065,-32.26806],[-58.09028,-32.26806],[-58.09028,-32.26889],[-58.09037,-32.26815]]],[[[-58.08981,-32.26907],[-58.08889,-32.26963],[-58.08889,-32.27],[-58.09019,-32.26926],[-58.09009,-32.26926],[-58.09009,-32.26917],[-58.08991,-32.26917],[-58.08981,-32.26907]]],[[[-58.09009,-32.26676],[-58.08981,-32.26667],[-58.08972,-32.26685],[-58.09019,-32.26759],[-58.09056,-32.26759],[-58.09056,-32.26731],[-58.09019,-32.26741],[-58.09009,-32.26676]]],[[[-58.08991,-32.26287],[-58.09,-32.2638],[-58.08972,-32.26389],[-58.09009,-32.26389],[-58.09046,-32.26361],[-58.08991,-32.26287]]],[[[-58.09194,-32.26083],[-58.09204,-32.26037],[-58.09167,-32.26102],[-58.0913,-32.26065],[-58.09074,-32.26065],[-58.09083,-32.26139],[-58.09111,-32.26139],[-58.09148,-32.26111],[-58.09148,-32.26148],[-58.09213,-32.2613],[-58.09222,-32.26093],[-58.09194,-32.26083]]],[[[-58.09102,-32.26176],[-58.09139,-32.26204],[-58.09148,-32.26204],[-58.09148,-32.26148],[-58.09102,-32.26176]]],[[[-58.09148,-32.25824],[-58.0913,-32.25796],[-58.09083,-32.25796],[-58.0912,-32.25833],[-58.09148,-32.25824]]],[[[-58.09176,-32.25843],[-58.09157,-32.25833],[-58.0912,-32.25898],[-58.09157,-32.25954],[-58.09148,-32.2587],[-58.09176,-32.25843]]],[[[-58.09185,-32.26],[-58.09213,-32.25972],[-58.09167,-32.25954],[-58.09167,-32.25981],[-58.09185,-32.26]]],[[[-58.09037,-32.25713],[-58.09102,-32.25769],[-58.09102,-32.25731],[-58.09037,-32.25713]]],[[[-58.09111,-32.25667],[-58.09093,-32.2562],[-58.09056,-32.25657],[-58.09111,-32.25667]]],[[[-58.09204,-32.25361],[-58.09241,-32.25389],[-58.09231,-32.25315],[-58.09194,-32.25333],[-58.09204,-32.25361]]],[[[-58.09157,-32.25463],[-58.09213,-32.25463],[-58.09213,-32.25426],[-58.09176,-32.25444],[-58.09167,-32.25407],[-58.09157,-32.25463]]],[[[-58.08657,-32.24519],[-58.08694,-32.24491],[-58.08685,-32.24426],[-58.08639,-32.24426],[-58.08676,-32.24454],[-58.08648,-32.24472],[-58.08657,-32.24519]]],[[[-58.08731,-32.24491],[-58.08769,-32.24481],[-58.08787,-32.24426],[-58.08759,-32.24426],[-58.08731,-32.24491]]],[[[-58.08694,-32.23981],[-58.08676,-32.24083],[-58.08713,-32.24102],[-58.08694,-32.24074],[-58.08694,-32.23981]]],[[[-58.0862,-32.24176],[-58.08694,-32.24102],[-58.08657,-32.24102],[-58.0863,-32.24157],[-58.08602,-32.2412],[-58.0862,-32.24176]]],[[[-58.0913,-32.22528],[-58.0913,-32.22417],[-58.09037,-32.22435],[-58.0912,-32.22454],[-58.09083,-32.22565],[-58.0913,-32.22528]]],[[[-58.08907,-32.22824],[-58.08981,-32.22787],[-58.09009,-32.22787],[-58.09009,-32.22824],[-58.09083,-32.22796],[-58.09046,-32.22741],[-58.09074,-32.22704],[-58.09037,-32.22694],[-58.09065,-32.22657],[-58.09046,-32.2262],[-58.09093,-32.22602],[-58.09083,-32.22565],[-58.09028,-32.2262],[-58.09037,-32.22657],[-58.08972,-32.22731],[-58.08991,-32.22769],[-58.08889,-32.22815],[-58.08898,-32.22833],[-58.08972,-32.22843],[-58.08926,-32.2287],[-58.08963,-32.2287],[-58.08981,-32.22907],[-58.08991,-32.22861],[-58.09,-32.22907],[-58.09,-32.22843],[-58.08907,-32.22824]]],[[[-58.09,-32.2088],[-58.09074,-32.20963],[-58.09148,-32.20991],[-58.09296,-32.21],[-58.09343,-32.20972],[-58.09213,-32.20861],[-58.09194,-32.20917],[-58.0925,-32.20963],[-58.09102,-32.20963],[-58.09009,-32.20852],[-58.09056,-32.20843],[-58.09019,-32.20824],[-58.09056,-32.20796],[-58.09019,-32.20796],[-58.09,-32.2088]]],[[[-58.09056,-32.20759],[-58.09065,-32.20796],[-58.09148,-32.20787],[-58.09148,-32.20778],[-58.09056,-32.20759]]],[[[-58.08843,-32.20731],[-58.08935,-32.20778],[-58.0887,-32.20741],[-58.08852,-32.20676],[-58.08815,-32.20676],[-58.08843,-32.20731]]],[[[-58.08843,-32.15407],[-58.08815,-32.15324],[-58.08815,-32.15398],[-58.0888,-32.15481],[-58.08889,-32.15574],[-58.09009,-32.15574],[-58.09102,-32.1538],[-58.09056,-32.15398],[-58.09046,-32.15444],[-58.09009,-32.15398],[-58.09019,-32.15491],[-58.08926,-32.15537],[-58.08898,-32.15528],[-58.08907,-32.15463],[-58.0887,-32.15463],[-58.08843,-32.15407]]],[[[-58.08954,-32.15454],[-58.08944,-32.15398],[-58.08944,-32.15454],[-58.08907,-32.15463],[-58.09009,-32.15472],[-58.08954,-32.15454]]],[[[-58.0875,-32.15296],[-58.08704,-32.15306],[-58.08704,-32.15287],[-58.08676,-32.15278],[-58.08694,-32.15352],[-58.08731,-32.15352],[-58.08741,-32.15306],[-58.08787,-32.15306],[-58.0875,-32.15296]]],[[[-58.08917,-32.14713],[-58.08852,-32.14639],[-58.08833,-32.14648],[-58.08852,-32.14722],[-58.08917,-32.14713]]],[[[-58.08787,-32.12935],[-58.08759,-32.12963],[-58.08759,-32.12991],[-58.08796,-32.12981],[-58.08787,-32.12935]]],[[[-58.08898,-32.12944],[-58.09,-32.12926],[-58.08889,-32.12926],[-58.08898,-32.12944]]],[[[-58.08926,-32.12481],[-58.08991,-32.12463],[-58.09019,-32.12491],[-58.09046,-32.12454],[-58.08954,-32.12454],[-58.08926,-32.12481]]],[[[-58.0913,-32.12324],[-58.09139,-32.12213],[-58.0912,-32.12269],[-58.09102,-32.12194],[-58.09065,-32.12185],[-58.09093,-32.12213],[-58.09065,-32.12361],[-58.0913,-32.12324]]],[[[-58.08954,-32.12407],[-58.09037,-32.1237],[-58.09046,-32.12398],[-58.09074,-32.12398],[-58.09074,-32.1238],[-58.09009,-32.12361],[-58.08954,-32.12407]]],[[[-58.08926,-32.11944],[-58.08963,-32.11991],[-58.08991,-32.11954],[-58.08991,-32.11944],[-58.08926,-32.11944]]],[[[-58.08852,-32.11769],[-58.08852,-32.11815],[-58.08815,-32.11815],[-58.08787,-32.11769],[-58.08722,-32.11806],[-58.08787,-32.11843],[-58.08907,-32.11843],[-58.0888,-32.11778],[-58.08917,-32.11769],[-58.08926,-32.11676],[-58.08907,-32.11759],[-58.08852,-32.11769]]],[[[-58.08565,-32.11667],[-58.0863,-32.11694],[-58.08676,-32.1163],[-58.0863,-32.1162],[-58.08602,-32.11667],[-58.08565,-32.11667]]],[[[-58.08685,-32.11435],[-58.08769,-32.11407],[-58.08769,-32.1138],[-58.08759,-32.1138],[-58.08759,-32.1137],[-58.08713,-32.1137],[-58.08704,-32.11398],[-58.08611,-32.11417],[-58.08685,-32.11435]]],[[[-58.08796,-32.11046],[-58.08796,-32.11019],[-58.08759,-32.11009],[-58.08759,-32.11037],[-58.08796,-32.11046]]],[[[-58.08565,-32.10815],[-58.0863,-32.10861],[-58.0863,-32.10843],[-58.08648,-32.10833],[-58.08648,-32.10824],[-58.08657,-32.10824],[-58.08657,-32.10815],[-58.08565,-32.10815]]],[[[-58.08657,-32.10954],[-58.08639,-32.10861],[-58.0863,-32.10861],[-58.0863,-32.10935],[-58.08648,-32.10954],[-58.08657,-32.10954]]],[[[-58.08676,-32.11019],[-58.08722,-32.11019],[-58.08722,-32.10981],[-58.08713,-32.11009],[-58.08685,-32.10981],[-58.08676,-32.11019]]],[[[-58.0862,-32.10731],[-58.08583,-32.10694],[-58.08546,-32.10704],[-58.08583,-32.1075],[-58.0862,-32.10731]]],[[[-58.08824,-32.10639],[-58.08731,-32.10648],[-58.08833,-32.10685],[-58.08824,-32.10639]]],[[[-58.08713,-32.10731],[-58.08676,-32.10713],[-58.0863,-32.10741],[-58.08713,-32.10741],[-58.08731,-32.10778],[-58.08778,-32.10778],[-58.0875,-32.10769],[-58.08731,-32.10648],[-58.08713,-32.10731]]],[[[-58.0887,-32.10713],[-58.08917,-32.10685],[-58.08907,-32.10639],[-58.08861,-32.10667],[-58.0887,-32.10713]]],[[[-58.08852,-32.1063],[-58.08824,-32.10556],[-58.08806,-32.10565],[-58.08815,-32.1062],[-58.08852,-32.1063]]],[[[-58.09046,-32.10389],[-58.08954,-32.10361],[-58.08898,-32.1037],[-58.08843,-32.1025],[-58.08731,-32.10278],[-58.08806,-32.10287],[-58.08787,-32.10315],[-58.08657,-32.10343],[-58.08778,-32.1037],[-58.08843,-32.10296],[-58.0887,-32.10315],[-58.08806,-32.1038],[-58.08815,-32.10472],[-58.08833,-32.10481],[-58.08806,-32.10519],[-58.08852,-32.10519],[-58.08861,-32.10556],[-58.0887,-32.105],[-58.08824,-32.10454],[-58.08824,-32.10398],[-58.08935,-32.1037],[-58.08944,-32.10398],[-58.09074,-32.10435],[-58.09046,-32.10389]]],[[[-58.08509,-32.33398],[-58.08546,-32.33426],[-58.08546,-32.33472],[-58.08528,-32.33435],[-58.08463,-32.33463],[-58.085,-32.33472],[-58.08519,-32.33444],[-58.08519,-32.33491],[-58.08556,-32.33491],[-58.08565,-32.33343],[-58.08546,-32.33398],[-58.08509,-32.33398]]],[[[-58.08676,-32.28778],[-58.08648,-32.28731],[-58.08731,-32.28713],[-58.08676,-32.2862],[-58.08769,-32.28611],[-58.08787,-32.28574],[-58.08676,-32.28574],[-58.08676,-32.28537],[-58.08722,-32.28546],[-58.08713,-32.28481],[-58.0862,-32.285],[-58.08574,-32.28565],[-58.08556,-32.28528],[-58.08583,-32.28509],[-58.08556,-32.28509],[-58.08361,-32.28593],[-58.08361,-32.2863],[-58.08398,-32.2863],[-58.08435,-32.28565],[-58.08546,-32.28537],[-58.08537,-32.28574],[-58.08593,-32.28593],[-58.08583,-32.28657],[-58.08639,-32.28667],[-58.08611,-32.28731],[-58.08667,-32.28852],[-58.08722,-32.28796],[-58.08713,-32.28759],[-58.08676,-32.28778]]],[[[-58.08111,-32.28565],[-58.08185,-32.28583],[-58.08176,-32.28519],[-58.08157,-32.28565],[-58.08111,-32.28565]]],[[[-58.08176,-32.28463],[-58.08176,-32.28509],[-58.08185,-32.28509],[-58.08204,-32.28463],[-58.08148,-32.28454],[-58.08176,-32.28463]]],[[[-58.08361,-32.28204],[-58.0837,-32.28296],[-58.08417,-32.28287],[-58.08426,-32.28157],[-58.08407,-32.28204],[-58.08361,-32.28204]]],[[[-58.08093,-32.28176],[-58.08157,-32.28139],[-58.0813,-32.2813],[-58.08065,-32.28148],[-58.08093,-32.28176]]],[[[-58.08111,-32.28111],[-58.0812,-32.28056],[-58.08093,-32.28065],[-58.08102,-32.28102],[-58.07981,-32.28139],[-58.07954,-32.28204],[-58.08009,-32.28185],[-58.08056,-32.2812],[-58.08111,-32.28111]]],[[[-58.0838,-32.28065],[-58.08333,-32.28102],[-58.0838,-32.28111],[-58.0838,-32.28065]]],[[[-58.08074,-32.27907],[-58.07954,-32.27972],[-58.08046,-32.27972],[-58.08065,-32.28019],[-58.08111,-32.28019],[-58.08074,-32.27907]]],[[[-58.08444,-32.27815],[-58.08463,-32.27833],[-58.08481,-32.27787],[-58.08407,-32.27815],[-58.08417,-32.27852],[-58.08444,-32.27815]]],[[[-58.08602,-32.27667],[-58.08583,-32.2762],[-58.08537,-32.27648],[-58.08556,-32.27667],[-58.08602,-32.27667]]],[[[-58.08583,-32.27306],[-58.08546,-32.27287],[-58.08574,-32.27361],[-58.08583,-32.27361],[-58.08583,-32.27306]]],[[[-58.08417,-32.24685],[-58.0837,-32.24685],[-58.0837,-32.24694],[-58.08407,-32.24722],[-58.08426,-32.24648],[-58.08417,-32.24685]]],[[[-58.08287,-32.24407],[-58.08315,-32.24389],[-58.08296,-32.24343],[-58.08269,-32.24407],[-58.08287,-32.24407]]],[[[-58.08361,-32.24509],[-58.08333,-32.24491],[-58.08333,-32.24463],[-58.08315,-32.24454],[-58.08306,-32.24546],[-58.08361,-32.24509]]],[[[-58.08185,-32.24389],[-58.08194,-32.24435],[-58.08204,-32.24398],[-58.08259,-32.24407],[-58.0825,-32.24343],[-58.08241,-32.24389],[-58.08185,-32.24389]]],[[[-58.08139,-32.24435],[-58.08185,-32.24389],[-58.08176,-32.24361],[-58.08148,-32.24361],[-58.08167,-32.2438],[-58.08139,-32.24435]]],[[[-58.07935,-32.24213],[-58.07954,-32.24241],[-58.08046,-32.24231],[-58.0812,-32.24352],[-58.0813,-32.24287],[-58.08093,-32.24269],[-58.08093,-32.24231],[-58.07917,-32.24194],[-58.0787,-32.24241],[-58.07935,-32.24213]]],[[[-58.08398,-32.23287],[-58.08343,-32.23343],[-58.08324,-32.23278],[-58.08324,-32.23324],[-58.08287,-32.23343],[-58.08398,-32.2338],[-58.08463,-32.2337],[-58.08407,-32.23352],[-58.08398,-32.23287]]],[[[-58.08343,-32.23213],[-58.08306,-32.23204],[-58.08315,-32.23269],[-58.08343,-32.2325],[-58.08343,-32.23213]]],[[[-58.08019,-32.23231],[-58.07954,-32.23194],[-58.07981,-32.23241],[-58.08019,-32.23231]]],[[[-58.0788,-32.23037],[-58.07843,-32.23],[-58.07824,-32.23037],[-58.07731,-32.23056],[-58.07833,-32.23046],[-58.07843,-32.23019],[-58.07852,-32.23037],[-58.0788,-32.23037]]],[[[-58.07898,-32.22991],[-58.07917,-32.23019],[-58.07954,-32.23009],[-58.07935,-32.22981],[-58.07898,-32.22991]]],[[[-58.08056,-32.22861],[-58.08009,-32.22898],[-58.08009,-32.22926],[-58.08056,-32.22889],[-58.08056,-32.22861]]],[[[-58.08019,-32.22935],[-58.07981,-32.22981],[-58.07981,-32.22991],[-58.08028,-32.22963],[-58.08019,-32.22935]]],[[[-58.08028,-32.22731],[-58.08009,-32.22759],[-58.08019,-32.22806],[-58.08037,-32.22806],[-58.08028,-32.22731]]],[[[-58.08269,-32.22731],[-58.08241,-32.22704],[-58.08213,-32.22704],[-58.08213,-32.22741],[-58.08269,-32.22731]]],[[[-58.08426,-32.15111],[-58.08426,-32.15139],[-58.08472,-32.1513],[-58.08463,-32.15111],[-58.08426,-32.15111]]],[[[-58.0913,-32.14519],[-58.09102,-32.14333],[-58.09028,-32.14352],[-58.09065,-32.14306],[-58.09056,-32.14241],[-58.08935,-32.14213],[-58.08889,-32.14139],[-58.08861,-32.13852],[-58.08769,-32.13685],[-58.08694,-32.1363],[-58.08713,-32.13583],[-58.08648,-32.13556],[-58.08657,-32.13426],[-58.08611,-32.13398],[-58.08593,-32.13435],[-58.08565,-32.1338],[-58.08583,-32.13315],[-58.08704,-32.13269],[-58.08722,-32.13176],[-58.08694,-32.13148],[-58.08722,-32.13093],[-58.08667,-32.13056],[-58.08694,-32.13093],[-58.08667,-32.13213],[-58.08694,-32.13241],[-58.08565,-32.13259],[-58.08481,-32.13361],[-58.08556,-32.13398],[-58.0862,-32.135],[-58.08602,-32.13574],[-58.08639,-32.13583],[-58.08648,-32.13657],[-58.08741,-32.13676],[-58.08843,-32.13861],[-58.0888,-32.14185],[-58.08861,-32.14222],[-58.08806,-32.14231],[-58.08815,-32.14333],[-58.08833,-32.1425],[-58.08926,-32.14222],[-58.09046,-32.14287],[-58.09,-32.14315],[-58.09,-32.14352],[-58.09037,-32.1437],[-58.09009,-32.14398],[-58.09028,-32.14463],[-58.08963,-32.145],[-58.08917,-32.14472],[-58.0888,-32.14509],[-58.08759,-32.14519],[-58.08731,-32.14537],[-58.08741,-32.14602],[-58.08676,-32.14583],[-58.08639,-32.14611],[-58.08583,-32.14574],[-58.08546,-32.14639],[-58.08509,-32.14639],[-58.08454,-32.14593],[-58.08426,-32.14648],[-58.0837,-32.1463],[-58.08324,-32.14676],[-58.08231,-32.14648],[-58.08213,-32.14676],[-58.08148,-32.14667],[-58.08111,-32.14713],[-58.08231,-32.14778],[-58.08185,-32.14861],[-58.08306,-32.14843],[-58.08343,-32.1487],[-58.08324,-32.14926],[-58.08269,-32.14944],[-58.08269,-32.14963],[-58.08324,-32.14954],[-58.08389,-32.14907],[-58.0837,-32.14861],[-58.08417,-32.14889],[-58.08454,-32.1487],[-58.0837,-32.14833],[-58.0837,-32.14796],[-58.08407,-32.14787],[-58.08306,-32.14759],[-58.08287,-32.14824],[-58.08259,-32.14796],[-58.08287,-32.14759],[-58.08204,-32.14722],[-58.08324,-32.14722],[-58.0837,-32.14667],[-58.08444,-32.14685],[-58.08454,-32.14639],[-58.08556,-32.14657],[-58.08574,-32.1463],[-58.08602,-32.14657],[-58.08639,-32.1462],[-58.08639,-32.14759],[-58.08667,-32.14769],[-58.08648,-32.14722],[-58.08676,-32.14657],[-58.08713,-32.14639],[-58.08713,-32.14685],[-58.08722,-32.14685],[-58.08759,-32.14602],[-58.08806,-32.1463],[-58.08815,-32.14546],[-58.08907,-32.14602],[-58.08907,-32.14509],[-58.08935,-32.14491],[-58.08954,-32.14528],[-58.09019,-32.14528],[-58.09046,-32.14593],[-58.09074,-32.14574],[-58.09028,-32.14519],[-58.08981,-32.14509],[-58.09074,-32.145],[-58.09093,-32.14565],[-58.0913,-32.14519]]],[[[-58.0762,-32.15278],[-58.07852,-32.15167],[-58.07981,-32.15176],[-58.08019,-32.15213],[-58.0813,-32.15148],[-58.0813,-32.15111],[-58.08093,-32.15093],[-58.08204,-32.15046],[-58.08148,-32.14981],[-58.08222,-32.14981],[-58.08241,-32.15019],[-58.08241,-32.14972],[-58.08269,-32.14963],[-58.08231,-32.14935],[-58.0813,-32.14963],[-58.08167,-32.15046],[-58.08037,-32.1512],[-58.08111,-32.1512],[-58.08074,-32.15157],[-58.07787,-32.15139],[-58.07731,-32.15213],[-58.0762,-32.15231],[-58.07481,-32.15343],[-58.07463,-32.15435],[-58.07491,-32.15454],[-58.07546,-32.15417],[-58.07574,-32.15389],[-58.07537,-32.15398],[-58.07546,-32.15361],[-58.0762,-32.1538],[-58.0762,-32.15278]]],[[[-58.07639,-32.15352],[-58.07731,-32.15324],[-58.07657,-32.15324],[-58.07639,-32.15352]]],[[[-58.08139,-32.1313],[-58.08093,-32.13093],[-58.08083,-32.13139],[-58.08139,-32.1313]]],[[[-58.08407,-32.13083],[-58.08491,-32.13102],[-58.08509,-32.13065],[-58.08398,-32.13065],[-58.0825,-32.13111],[-58.08407,-32.13083]]],[[[-58.07796,-32.12731],[-58.07593,-32.12694],[-58.07694,-32.12759],[-58.07787,-32.12741],[-58.07796,-32.12824],[-58.07852,-32.12796],[-58.07861,-32.12759],[-58.07796,-32.12731]]],[[[-58.07815,-32.12833],[-58.0788,-32.1288],[-58.0787,-32.12815],[-58.07917,-32.12796],[-58.07861,-32.12806],[-58.07852,-32.12843],[-58.07815,-32.12833]]],[[[-58.07917,-32.12806],[-58.07991,-32.12824],[-58.08,-32.12787],[-58.07917,-32.12806]]],[[[-58.08833,-32.11926],[-58.08852,-32.1188],[-58.08815,-32.11861],[-58.08806,-32.11963],[-58.08731,-32.11981],[-58.08824,-32.11963],[-58.08907,-32.11991],[-58.08907,-32.11954],[-58.08861,-32.11972],[-58.08833,-32.11926]]],[[[-58.0887,-32.12028],[-58.08824,-32.1212],[-58.08833,-32.12157],[-58.0887,-32.12157],[-58.08861,-32.12093],[-58.08917,-32.12083],[-58.08935,-32.12037],[-58.08907,-32.12074],[-58.0887,-32.12028]]],[[[-58.09028,-32.12102],[-58.0887,-32.12157],[-58.08852,-32.12231],[-58.08944,-32.12287],[-58.08972,-32.12361],[-58.09009,-32.12259],[-58.08954,-32.12296],[-58.08917,-32.12231],[-58.08963,-32.12213],[-58.08972,-32.12167],[-58.09028,-32.1213],[-58.09028,-32.12102]],[[-58.08963,-32.12167],[-58.08907,-32.12222],[-58.0887,-32.12213],[-58.08926,-32.12157],[-58.08963,-32.12167]]],[[[-58.08704,-32.12324],[-58.08759,-32.1238],[-58.08824,-32.12361],[-58.0888,-32.12426],[-58.08917,-32.12426],[-58.08843,-32.1238],[-58.08889,-32.12352],[-58.08889,-32.12278],[-58.0887,-32.12352],[-58.08769,-32.12296],[-58.08769,-32.12269],[-58.08833,-32.12269],[-58.08806,-32.12231],[-58.0875,-32.12241],[-58.08759,-32.12296],[-58.08704,-32.12324]]],[[[-58.08796,-32.12231],[-58.08759,-32.12176],[-58.08722,-32.12194],[-58.08759,-32.12231],[-58.08796,-32.12231]]],[[[-58.08537,-32.12213],[-58.08639,-32.12204],[-58.0863,-32.1213],[-58.08657,-32.12093],[-58.0863,-32.1212],[-58.08556,-32.12093],[-58.08556,-32.12139],[-58.08491,-32.12167],[-58.08537,-32.12185],[-58.08546,-32.12157],[-58.08537,-32.12213]]],[[[-58.08426,-32.12139],[-58.08454,-32.1213],[-58.08444,-32.12093],[-58.08491,-32.12065],[-58.08398,-32.12056],[-58.08417,-32.12065],[-58.08398,-32.12102],[-58.08435,-32.12102],[-58.08417,-32.12139],[-58.0837,-32.12102],[-58.08389,-32.12139],[-58.08361,-32.12213],[-58.08444,-32.12204],[-58.08454,-32.1225],[-58.08491,-32.12185],[-58.08426,-32.12185],[-58.08426,-32.12139]]],[[[-58.08454,-32.12296],[-58.08519,-32.12278],[-58.08519,-32.12269],[-58.08454,-32.1225],[-58.08454,-32.12296]]],[[[-58.08241,-32.12157],[-58.08306,-32.12167],[-58.08324,-32.1212],[-58.08333,-32.12176],[-58.08343,-32.1212],[-58.08333,-32.12111],[-58.08278,-32.1212],[-58.08259,-32.12083],[-58.08213,-32.12185],[-58.08102,-32.12167],[-58.08093,-32.12185],[-58.08213,-32.12204],[-58.08241,-32.12157]]],[[[-58.08074,-32.12056],[-58.0813,-32.11981],[-58.0813,-32.11954],[-58.08074,-32.12009],[-58.08074,-32.12056]]],[[[-58.07833,-32.11907],[-58.07981,-32.1187],[-58.07926,-32.1187],[-58.07917,-32.11843],[-58.07907,-32.1187],[-58.07824,-32.1187],[-58.07833,-32.11907]]],[[[-58.08065,-32.11796],[-58.08009,-32.11741],[-58.08065,-32.11833],[-58.08065,-32.11796]]],[[[-58.08241,-32.11796],[-58.08269,-32.11722],[-58.08204,-32.11741],[-58.08204,-32.11787],[-58.08241,-32.11796]]],[[[-58.07954,-32.1163],[-58.0787,-32.11583],[-58.07796,-32.11676],[-58.07759,-32.11648],[-58.07713,-32.11694],[-58.07713,-32.11741],[-58.07759,-32.1175],[-58.07806,-32.11713],[-58.0788,-32.11778],[-58.07806,-32.11676],[-58.07852,-32.1163],[-58.07963,-32.11667],[-58.07981,-32.11593],[-58.08,-32.11602],[-58.08056,-32.11593],[-58.07972,-32.11583],[-58.07954,-32.1163]]],[[[-58.08083,-32.1162],[-58.08083,-32.11796],[-58.08102,-32.11796],[-58.08083,-32.1162]]],[[[-58.0812,-32.11815],[-58.0812,-32.11843],[-58.08157,-32.11852],[-58.08157,-32.11815],[-58.0812,-32.11815]]],[[[-58.08037,-32.11519],[-58.08,-32.11472],[-58.07954,-32.11463],[-58.07981,-32.11519],[-58.08037,-32.11519]]],[[[-58.085,-32.11296],[-58.085,-32.11259],[-58.08389,-32.11204],[-58.0838,-32.11167],[-58.08343,-32.11139],[-58.08361,-32.11056],[-58.08306,-32.10991],[-58.08296,-32.10898],[-58.08204,-32.10889],[-58.08204,-32.11056],[-58.08231,-32.11065],[-58.08204,-32.11148],[-58.08296,-32.11148],[-58.08315,-32.11194],[-58.08361,-32.11167],[-58.08352,-32.11231],[-58.08315,-32.11241],[-58.0838,-32.11259],[-58.08407,-32.11231],[-58.08491,-32.11278],[-58.08435,-32.11333],[-58.0837,-32.11306],[-58.08361,-32.11389],[-58.08296,-32.11361],[-58.08306,-32.11287],[-58.08231,-32.11287],[-58.08269,-32.11343],[-58.08259,-32.11389],[-58.08343,-32.11398],[-58.08278,-32.11426],[-58.08287,-32.11454],[-58.08343,-32.11463],[-58.08343,-32.11472],[-58.08361,-32.11472],[-58.0837,-32.11491],[-58.0838,-32.11491],[-58.0837,-32.11426],[-58.08528,-32.11407],[-58.0862,-32.11306],[-58.08556,-32.11324],[-58.085,-32.11296]],[[-58.08296,-32.10963],[-58.08259,-32.11065],[-58.08231,-32.11028],[-58.08231,-32.10898],[-58.08296,-32.10963]],[[-58.08472,-32.11389],[-58.08398,-32.11343],[-58.085,-32.11333],[-58.08472,-32.11389]]],[[[-58.08722,-32.11231],[-58.08676,-32.1125],[-58.08769,-32.1125],[-58.08769,-32.11213],[-58.08704,-32.11213],[-58.0875,-32.11157],[-58.08731,-32.1112],[-58.08713,-32.11176],[-58.08676,-32.11176],[-58.08694,-32.11222],[-58.08722,-32.11231]]],[[[-58.08565,-32.11435],[-58.08556,-32.11398],[-58.08574,-32.11398],[-58.08574,-32.11389],[-58.08546,-32.11389],[-58.08537,-32.11454],[-58.08565,-32.11435]]],[[[-58.085,-32.1113],[-58.08435,-32.11093],[-58.08426,-32.1113],[-58.085,-32.1113]]],[[[-58.08157,-32.10352],[-58.0813,-32.10324],[-58.08102,-32.10343],[-58.08111,-32.1037],[-58.08157,-32.10352]]],[[[-58.08583,-32.10324],[-58.08556,-32.10315],[-58.08528,-32.10352],[-58.08565,-32.10352],[-58.08583,-32.10324]]],[[[-58.06694,-32.24657],[-58.06611,-32.24676],[-58.06593,-32.24648],[-58.06565,-32.24685],[-58.06685,-32.24667],[-58.06704,-32.24713],[-58.06694,-32.24657]]],[[[-58.06667,-32.24639],[-58.06694,-32.24611],[-58.06694,-32.24574],[-58.0662,-32.2462],[-58.06667,-32.24639]]],[[[-58.06509,-32.24463],[-58.06519,-32.24435],[-58.06463,-32.24444],[-58.06463,-32.24454],[-58.06509,-32.24463]]],[[[-58.06389,-32.2438],[-58.06435,-32.24426],[-58.06472,-32.2438],[-58.06417,-32.24352],[-58.06398,-32.24296],[-58.0637,-32.24315],[-58.06407,-32.24333],[-58.06389,-32.2438]]],[[[-58.0738,-32.24296],[-58.07333,-32.24343],[-58.07333,-32.24389],[-58.0738,-32.24296]]],[[[-58.06398,-32.24287],[-58.06491,-32.24287],[-58.065,-32.2425],[-58.06361,-32.24231],[-58.06407,-32.24259],[-58.06398,-32.24287]]],[[[-58.06639,-32.24148],[-58.06685,-32.24176],[-58.06704,-32.24176],[-58.06704,-32.2413],[-58.06796,-32.24157],[-58.06769,-32.24102],[-58.06676,-32.24111],[-58.06639,-32.24148]]],[[[-58.07685,-32.23583],[-58.07676,-32.23657],[-58.07704,-32.2363],[-58.07694,-32.23593],[-58.07731,-32.23583],[-58.07685,-32.23583]]],[[[-58.07889,-32.23444],[-58.07833,-32.23426],[-58.07833,-32.23454],[-58.07787,-32.23454],[-58.07815,-32.23537],[-58.0787,-32.23519],[-58.07861,-32.23472],[-58.07889,-32.23444]]],[[[-58.07713,-32.23472],[-58.07694,-32.23519],[-58.07769,-32.23509],[-58.07713,-32.23472]]],[[[-58.07296,-32.23241],[-58.07231,-32.23296],[-58.07278,-32.23324],[-58.07287,-32.23259],[-58.07333,-32.23278],[-58.07333,-32.23213],[-58.07324,-32.23269],[-58.07296,-32.23241]]],[[[-58.07731,-32.2325],[-58.07769,-32.23204],[-58.07731,-32.23194],[-58.07731,-32.2325]]],[[[-58.07565,-32.23269],[-58.0763,-32.2325],[-58.0763,-32.23213],[-58.07565,-32.23269]]],[[[-58.07583,-32.23093],[-58.07685,-32.23102],[-58.07685,-32.23083],[-58.07648,-32.23056],[-58.07583,-32.23093]]],[[[-58.07556,-32.2312],[-58.07519,-32.23093],[-58.075,-32.23093],[-58.07519,-32.2313],[-58.07426,-32.23139],[-58.07519,-32.23167],[-58.07556,-32.2312]]],[[[-58.07426,-32.23093],[-58.07472,-32.23111],[-58.07481,-32.23065],[-58.07454,-32.23102],[-58.07407,-32.23028],[-58.0738,-32.23037],[-58.0737,-32.23074],[-58.07407,-32.23065],[-58.07426,-32.23093]]],[[[-58.07759,-32.14231],[-58.07889,-32.14185],[-58.07917,-32.14111],[-58.07787,-32.14019],[-58.07731,-32.13852],[-58.07852,-32.13796],[-58.0787,-32.13741],[-58.07972,-32.13787],[-58.08028,-32.13778],[-58.08083,-32.13676],[-58.08157,-32.13639],[-58.08111,-32.13472],[-58.08204,-32.13352],[-58.08194,-32.13278],[-58.08241,-32.13139],[-58.08185,-32.13093],[-58.08167,-32.13102],[-58.08213,-32.13185],[-58.08185,-32.13259],[-58.08185,-32.13352],[-58.08102,-32.13454],[-58.0813,-32.1362],[-58.08065,-32.13676],[-58.08019,-32.13759],[-58.07972,-32.13769],[-58.0787,-32.13713],[-58.07806,-32.13759],[-58.07806,-32.13796],[-58.07694,-32.13861],[-58.07759,-32.13972],[-58.07759,-32.14028],[-58.07889,-32.1413],[-58.07741,-32.14204],[-58.07722,-32.14194],[-58.0762,-32.14204],[-58.07759,-32.14231]]],[[[-58.0762,-32.14204],[-58.07593,-32.14231],[-58.07611,-32.1438],[-58.0762,-32.14287],[-58.07657,-32.14269],[-58.0762,-32.14204]]],[[[-58.06546,-32.13815],[-58.06602,-32.13815],[-58.06731,-32.13741],[-58.06824,-32.13741],[-58.0687,-32.13796],[-58.07046,-32.1388],[-58.07046,-32.13991],[-58.07111,-32.14139],[-58.07074,-32.14343],[-58.07148,-32.14546],[-58.07269,-32.14528],[-58.07315,-32.14472],[-58.07454,-32.14565],[-58.07648,-32.14491],[-58.07648,-32.14417],[-58.07593,-32.14398],[-58.07583,-32.14426],[-58.0763,-32.14435],[-58.07463,-32.14528],[-58.07361,-32.14454],[-58.07259,-32.14454],[-58.07241,-32.145],[-58.07194,-32.14491],[-58.07185,-32.14454],[-58.07139,-32.14472],[-58.0713,-32.14361],[-58.07102,-32.14352],[-58.0713,-32.1413],[-58.07065,-32.14],[-58.07065,-32.13852],[-58.06889,-32.13778],[-58.06824,-32.13704],[-58.0675,-32.13713],[-58.0663,-32.13787],[-58.06593,-32.13787],[-58.06593,-32.13759],[-58.06574,-32.13787],[-58.06537,-32.13778],[-58.06546,-32.13815]]],[[[-58.07676,-32.13593],[-58.0762,-32.13685],[-58.07676,-32.13694],[-58.07704,-32.1363],[-58.07769,-32.13611],[-58.07704,-32.1362],[-58.07676,-32.13593]]],[[[-58.07315,-32.13454],[-58.07269,-32.13481],[-58.07269,-32.13509],[-58.07361,-32.13491],[-58.07361,-32.13463],[-58.07315,-32.13454]]],[[[-58.07185,-32.13565],[-58.0725,-32.13593],[-58.07259,-32.13528],[-58.07241,-32.13556],[-58.07185,-32.13565]]],[[[-58.06917,-32.13491],[-58.06963,-32.13519],[-58.06972,-32.13472],[-58.06954,-32.13463],[-58.06917,-32.13491]]],[[[-58.07093,-32.13481],[-58.07046,-32.135],[-58.07037,-32.13444],[-58.07009,-32.13435],[-58.07037,-32.13519],[-58.07111,-32.13519],[-58.0712,-32.13463],[-58.07148,-32.13472],[-58.07213,-32.13463],[-58.0712,-32.13444],[-58.07093,-32.13481]]],[[[-58.07528,-32.13407],[-58.07565,-32.13444],[-58.07509,-32.13472],[-58.07583,-32.13454],[-58.07583,-32.13398],[-58.07528,-32.13407]]],[[[-58.07574,-32.13269],[-58.07528,-32.1325],[-58.07509,-32.13296],[-58.07528,-32.13296],[-58.07574,-32.13269]]],[[[-58.06741,-32.13296],[-58.06741,-32.1325],[-58.06667,-32.13259],[-58.06722,-32.13269],[-58.06741,-32.13296]]],[[[-58.07287,-32.13167],[-58.07315,-32.13213],[-58.07352,-32.13213],[-58.07361,-32.13176],[-58.07315,-32.1313],[-58.07352,-32.13111],[-58.07296,-32.13102],[-58.07315,-32.13157],[-58.07287,-32.13167]]],[[[-58.07435,-32.12694],[-58.07481,-32.12685],[-58.07472,-32.12648],[-58.0737,-32.1262],[-58.07361,-32.12657],[-58.07407,-32.12657],[-58.07435,-32.12694]]],[[[-58.07167,-32.12509],[-58.0713,-32.12565],[-58.07139,-32.12583],[-58.07185,-32.12556],[-58.07167,-32.12509]]],[[[-58.06972,-32.12565],[-58.07,-32.12574],[-58.07,-32.12537],[-58.06972,-32.12491],[-58.06954,-32.12491],[-58.06981,-32.12519],[-58.06972,-32.12565]]],[[[-58.06815,-32.12407],[-58.06833,-32.1238],[-58.06787,-32.1237],[-58.06787,-32.12389],[-58.06815,-32.12407]]],[[[-58.06769,-32.12426],[-58.06741,-32.12398],[-58.06676,-32.12417],[-58.06704,-32.12463],[-58.06741,-32.12454],[-58.06713,-32.12546],[-58.06759,-32.12546],[-58.06778,-32.12463],[-58.06824,-32.12481],[-58.06806,-32.12537],[-58.06852,-32.12546],[-58.06824,-32.12444],[-58.06787,-32.12444],[-58.06806,-32.12407],[-58.06769,-32.12426]]],[[[-58.06574,-32.12324],[-58.06593,-32.12306],[-58.06639,-32.12306],[-58.06639,-32.12296],[-58.06565,-32.12278],[-58.06574,-32.12324]]],[[[-58.06907,-32.12324],[-58.06861,-32.12278],[-58.06843,-32.12278],[-58.0687,-32.12333],[-58.06907,-32.12324]]],[[[-58.06546,-32.11778],[-58.06519,-32.11704],[-58.06435,-32.11787],[-58.06472,-32.11796],[-58.06491,-32.11759],[-58.06472,-32.11824],[-58.06426,-32.11833],[-58.06472,-32.11843],[-58.06481,-32.1188],[-58.06519,-32.11833],[-58.06481,-32.11824],[-58.065,-32.11778],[-58.06546,-32.11778]]],[[[-58.06296,-32.12028],[-58.0638,-32.11991],[-58.06389,-32.11963],[-58.06306,-32.11981],[-58.06296,-32.12028]]],[[[-58.07491,-32.11583],[-58.0737,-32.11648],[-58.0737,-32.11685],[-58.07472,-32.11685],[-58.07481,-32.11731],[-58.07454,-32.1175],[-58.07519,-32.11759],[-58.07509,-32.11769],[-58.07519,-32.11815],[-58.07546,-32.11713],[-58.07676,-32.11648],[-58.07667,-32.11602],[-58.0762,-32.1162],[-58.07657,-32.11574],[-58.07602,-32.11602],[-58.07491,-32.11583]],[[-58.07481,-32.11611],[-58.075,-32.11657],[-58.07454,-32.11676],[-58.07426,-32.1162],[-58.07481,-32.11611]],[[-58.0762,-32.1163],[-58.07611,-32.11657],[-58.07565,-32.11694],[-58.07556,-32.1163],[-58.0762,-32.1163]]],[[[-58.07241,-32.11556],[-58.07222,-32.115],[-58.07204,-32.115],[-58.07204,-32.11565],[-58.07241,-32.11556]]],[[[-58.07204,-32.1162],[-58.07287,-32.11731],[-58.07324,-32.11722],[-58.07306,-32.11657],[-58.07231,-32.11611],[-58.0725,-32.11583],[-58.07241,-32.11565],[-58.07204,-32.1162]]],[[[-58.075,-32.115],[-58.07454,-32.11519],[-58.07491,-32.11546],[-58.075,-32.115]]],[[[-58.0712,-32.11546],[-58.07111,-32.11454],[-58.07102,-32.11454],[-58.07083,-32.11519],[-58.0712,-32.11546]]],[[[-58.07722,-32.11519],[-58.07731,-32.11565],[-58.07796,-32.11528],[-58.07796,-32.11472],[-58.07741,-32.11444],[-58.0775,-32.1138],[-58.07722,-32.11519]]],[[[-58.07019,-32.11278],[-58.06991,-32.11287],[-58.07,-32.11324],[-58.06944,-32.11315],[-58.06944,-32.1138],[-58.06954,-32.11324],[-58.07056,-32.1137],[-58.07019,-32.11278]]],[[[-58.07722,-32.11259],[-58.07676,-32.11296],[-58.07741,-32.11306],[-58.07722,-32.11259]]],[[[-58.06815,-32.11037],[-58.06889,-32.11074],[-58.06926,-32.11037],[-58.06815,-32.11037]]],[[[-58.06602,-32.11019],[-58.06565,-32.11009],[-58.06546,-32.11046],[-58.06574,-32.11046],[-58.06574,-32.11037],[-58.06593,-32.11028],[-58.06593,-32.11019],[-58.06602,-32.11019]]],[[[-58.08,-32.1062],[-58.08102,-32.10546],[-58.0813,-32.10574],[-58.0813,-32.10528],[-58.08065,-32.10537],[-58.08046,-32.105],[-58.08102,-32.10426],[-58.08074,-32.10343],[-58.07917,-32.10333],[-58.07972,-32.10259],[-58.07898,-32.10241],[-58.07861,-32.10194],[-58.07759,-32.10194],[-58.0775,-32.10167],[-58.07759,-32.10213],[-58.07833,-32.10204],[-58.07778,-32.10222],[-58.07787,-32.10324],[-58.08,-32.10426],[-58.07907,-32.10435],[-58.07898,-32.10528],[-58.07972,-32.10537],[-58.08,-32.105],[-58.08028,-32.10546],[-58.07972,-32.10556],[-58.07935,-32.10639],[-58.07898,-32.10602],[-58.07898,-32.10657],[-58.07843,-32.10676],[-58.0788,-32.10731],[-58.07843,-32.10778],[-58.0788,-32.10796],[-58.07824,-32.10833],[-58.07731,-32.10824],[-58.07704,-32.10861],[-58.07787,-32.10833],[-58.07833,-32.10852],[-58.0787,-32.10806],[-58.07954,-32.10815],[-58.07944,-32.10769],[-58.07898,-32.10787],[-58.0787,-32.1075],[-58.07991,-32.10769],[-58.07991,-32.10815],[-58.08037,-32.10796],[-58.07944,-32.10731],[-58.07944,-32.10676],[-58.07981,-32.10648],[-58.08009,-32.10676],[-58.08,-32.1062]],[[-58.07815,-32.10324],[-58.07806,-32.10231],[-58.0787,-32.10259],[-58.07861,-32.10324],[-58.07815,-32.10324]]],[[[-58.08102,-32.10824],[-58.08037,-32.10722],[-58.08046,-32.10796],[-58.08083,-32.10824],[-58.08037,-32.10843],[-58.08102,-32.10824]]],[[[-58.07963,-32.10824],[-58.07981,-32.10852],[-58.08009,-32.10852],[-58.07991,-32.10815],[-58.07963,-32.10824]]],[[[-58.07657,-32.1112],[-58.07546,-32.11083],[-58.07546,-32.11019],[-58.07593,-32.11],[-58.07593,-32.10954],[-58.07556,-32.10926],[-58.07639,-32.10907],[-58.07648,-32.10889],[-58.07556,-32.10898],[-58.07546,-32.10944],[-58.075,-32.10898],[-58.07454,-32.10917],[-58.07463,-32.10972],[-58.07361,-32.10963],[-58.07333,-32.11],[-58.0737,-32.11083],[-58.07435,-32.11056],[-58.07565,-32.11139],[-58.0762,-32.1112],[-58.07583,-32.11287],[-58.07657,-32.1112]]],[[[-58.07593,-32.11352],[-58.07565,-32.11324],[-58.07583,-32.11287],[-58.07509,-32.11343],[-58.07407,-32.11241],[-58.0737,-32.11287],[-58.0737,-32.11352],[-58.07231,-32.11324],[-58.07185,-32.11269],[-58.07148,-32.11287],[-58.07176,-32.11352],[-58.07111,-32.11343],[-58.07185,-32.11361],[-58.07213,-32.11324],[-58.07296,-32.11343],[-58.07306,-32.1138],[-58.0738,-32.1137],[-58.07389,-32.11278],[-58.07417,-32.11259],[-58.07426,-32.11389],[-58.07491,-32.11352],[-58.07574,-32.11398],[-58.07565,-32.11435],[-58.0763,-32.11528],[-58.07694,-32.11519],[-58.07685,-32.11481],[-58.07639,-32.11509],[-58.07565,-32.1138],[-58.0762,-32.11352],[-58.07648,-32.1138],[-58.07667,-32.1137],[-58.0763,-32.11333],[-58.07593,-32.11352]]],[[[-58.07065,-32.11139],[-58.07009,-32.11194],[-58.07046,-32.11241],[-58.07056,-32.11194],[-58.07102,-32.11185],[-58.07102,-32.11148],[-58.07065,-32.11139]]],[[[-58.06991,-32.1113],[-58.07074,-32.1112],[-58.07102,-32.11065],[-58.07009,-32.11037],[-58.06981,-32.11093],[-58.06991,-32.11167],[-58.06954,-32.11176],[-58.07009,-32.11194],[-58.06991,-32.1113]]],[[[-58.06713,-32.10759],[-58.06657,-32.10759],[-58.06694,-32.10796],[-58.06657,-32.10806],[-58.06667,-32.10852],[-58.0662,-32.10824],[-58.06611,-32.10843],[-58.06648,-32.1087],[-58.06685,-32.10852],[-58.06704,-32.10917],[-58.06759,-32.10907],[-58.06704,-32.10889],[-58.06713,-32.10759]]],[[[-58.06546,-32.10769],[-58.06472,-32.10722],[-58.06472,-32.10759],[-58.06546,-32.10769]]],[[[-58.06537,-32.10667],[-58.06574,-32.10648],[-58.06574,-32.1062],[-58.06528,-32.1062],[-58.06537,-32.10667]]],[[[-58.07167,-32.1],[-58.07213,-32.10046],[-58.07167,-32.10074],[-58.07213,-32.10074],[-58.07222,-32.1],[-58.07167,-32.1]]],[[[-58.07102,-32.10148],[-58.07056,-32.10176],[-58.07093,-32.10241],[-58.07056,-32.10259],[-58.07037,-32.10213],[-58.07019,-32.10269],[-58.07111,-32.10269],[-58.07111,-32.10204],[-58.07213,-32.10241],[-58.07222,-32.10194],[-58.07343,-32.10167],[-58.07102,-32.10148]]],[[[-58.07657,-32.10157],[-58.07463,-32.10074],[-58.07389,-32.10102],[-58.07343,-32.10157],[-58.07472,-32.10083],[-58.07593,-32.10157],[-58.07657,-32.10157]]],[[[-58.0537,-32.25315],[-58.05389,-32.25333],[-58.05407,-32.25444],[-58.05435,-32.25426],[-58.05407,-32.25352],[-58.05435,-32.25343],[-58.0537,-32.25315]]],[[[-58.05435,-32.25157],[-58.05426,-32.2512],[-58.0537,-32.25139],[-58.0537,-32.25148],[-58.05435,-32.25157]]],[[[-58.05231,-32.25296],[-58.05213,-32.25231],[-58.05176,-32.25231],[-58.05176,-32.25296],[-58.05259,-32.25324],[-58.05324,-32.25222],[-58.05407,-32.25185],[-58.05417,-32.25157],[-58.05333,-32.25204],[-58.05306,-32.25176],[-58.05306,-32.25231],[-58.05231,-32.25296]]],[[[-58.05519,-32.25204],[-58.05528,-32.25176],[-58.05472,-32.25176],[-58.05454,-32.25213],[-58.05519,-32.25204]]],[[[-58.06019,-32.25176],[-58.05981,-32.25194],[-58.05963,-32.25167],[-58.05991,-32.25157],[-58.05954,-32.25148],[-58.05954,-32.25185],[-58.05917,-32.25204],[-58.06009,-32.25204],[-58.06019,-32.25176]]],[[[-58.06056,-32.24972],[-58.0613,-32.24972],[-58.0613,-32.24926],[-58.06056,-32.24972]]],[[[-58.05704,-32.24954],[-58.05741,-32.24972],[-58.05731,-32.24963],[-58.05741,-32.24926],[-58.05676,-32.24954],[-58.05676,-32.24991],[-58.05704,-32.24991],[-58.05704,-32.24954]]],[[[-58.05806,-32.24565],[-58.05759,-32.24565],[-58.0575,-32.24602],[-58.05778,-32.24611],[-58.05806,-32.24565]]],[[[-58.05954,-32.24528],[-58.05991,-32.24528],[-58.05991,-32.24546],[-58.06,-32.24546],[-58.06,-32.24519],[-58.06037,-32.24519],[-58.06037,-32.24509],[-58.06,-32.24491],[-58.05954,-32.24528]]],[[[-58.05917,-32.12519],[-58.05833,-32.12509],[-58.05778,-32.12528],[-58.05852,-32.12519],[-58.0588,-32.12556],[-58.06009,-32.12574],[-58.05991,-32.12528],[-58.05926,-32.12546],[-58.05917,-32.12519]]],[[[-58.06528,-32.13676],[-58.06602,-32.13491],[-58.06574,-32.13454],[-58.06352,-32.13574],[-58.06176,-32.13556],[-58.06148,-32.13519],[-58.06148,-32.13407],[-58.06028,-32.13324],[-58.06046,-32.13278],[-58.06,-32.13269],[-58.06009,-32.13231],[-58.06324,-32.13194],[-58.065,-32.13028],[-58.065,-32.13],[-58.06444,-32.12944],[-58.06361,-32.12935],[-58.06315,-32.12963],[-58.06231,-32.12796],[-58.06269,-32.1275],[-58.06176,-32.12741],[-58.06176,-32.12648],[-58.06093,-32.1263],[-58.06102,-32.12593],[-58.06037,-32.12546],[-58.06009,-32.12583],[-58.06046,-32.12574],[-58.06083,-32.12657],[-58.06148,-32.12685],[-58.06148,-32.12741],[-58.06213,-32.12778],[-58.06204,-32.12852],[-58.06259,-32.12972],[-58.06324,-32.12991],[-58.0638,-32.12944],[-58.06491,-32.13019],[-58.06417,-32.13037],[-58.06407,-32.13083],[-58.06259,-32.13194],[-58.0612,-32.13176],[-58.05991,-32.13204],[-58.05981,-32.13333],[-58.0613,-32.13426],[-58.06102,-32.13556],[-58.06204,-32.13602],[-58.06352,-32.13593],[-58.06574,-32.13481],[-58.06583,-32.13519],[-58.065,-32.13704],[-58.06509,-32.13778],[-58.06546,-32.1375],[-58.06528,-32.13676]]],[[[-58.05648,-32.1262],[-58.05741,-32.12593],[-58.0575,-32.12556],[-58.05648,-32.1262]]],[[[-58.05472,-32.13037],[-58.05472,-32.12981],[-58.05444,-32.12981],[-58.05444,-32.13046],[-58.05472,-32.13037]]],[[[-58.04833,-32.12287],[-58.04731,-32.12296],[-58.04657,-32.12222],[-58.0463,-32.12231],[-58.04722,-32.12315],[-58.04917,-32.12361],[-58.04843,-32.12324],[-58.04833,-32.12287]]],[[[-58.05028,-32.1237],[-58.04991,-32.12287],[-58.04991,-32.1238],[-58.04917,-32.12361],[-58.04972,-32.12398],[-58.05194,-32.12361],[-58.05204,-32.12343],[-58.0512,-32.12333],[-58.05028,-32.1237]]],[[[-58.05278,-32.12537],[-58.05324,-32.1238],[-58.05324,-32.12306],[-58.05204,-32.12333],[-58.05296,-32.12324],[-58.05315,-32.12352],[-58.05278,-32.12519],[-58.05204,-32.12537],[-58.05176,-32.12593],[-58.05278,-32.12537]]],[[[-58.05426,-32.12907],[-58.05509,-32.13019],[-58.05481,-32.13102],[-58.05407,-32.13167],[-58.05259,-32.13074],[-58.05333,-32.13046],[-58.05324,-32.13028],[-58.05167,-32.13019],[-58.0512,-32.12991],[-58.05139,-32.12954],[-58.05065,-32.12963],[-58.05056,-32.12926],[-58.04833,-32.12935],[-58.0475,-32.12963],[-58.04667,-32.12935],[-58.04741,-32.12843],[-58.04889,-32.12824],[-58.0488,-32.12787],[-58.04981,-32.1275],[-58.05009,-32.12713],[-58.04991,-32.12648],[-58.05065,-32.12611],[-58.05074,-32.12611],[-58.05074,-32.1263],[-58.05083,-32.1263],[-58.05074,-32.12593],[-58.05037,-32.12593],[-58.04972,-32.12648],[-58.04972,-32.12741],[-58.0487,-32.12778],[-58.04861,-32.12806],[-58.04704,-32.12843],[-58.04676,-32.12898],[-58.04574,-32.12954],[-58.04546,-32.13019],[-58.04574,-32.13056],[-58.04611,-32.12972],[-58.04648,-32.12972],[-58.04657,-32.13019],[-58.04667,-32.12991],[-58.04731,-32.13],[-58.04815,-32.12954],[-58.05028,-32.12954],[-58.05102,-32.13028],[-58.05231,-32.13046],[-58.0537,-32.13204],[-58.05417,-32.13213],[-58.05546,-32.13046],[-58.05546,-32.13],[-58.05444,-32.12861],[-58.05398,-32.12917],[-58.05407,-32.12963],[-58.05398,-32.12954],[-58.0537,-32.12963],[-58.05426,-32.12972],[-58.05426,-32.12907]]],[[[-58.0537,-32.12861],[-58.05343,-32.12926],[-58.05352,-32.12954],[-58.0537,-32.12954],[-58.0537,-32.12861]]],[[[-58.05556,-32.12713],[-58.05556,-32.12676],[-58.05463,-32.12704],[-58.05556,-32.12713]]],[[[-58.05685,-32.12426],[-58.05731,-32.12407],[-58.05769,-32.1237],[-58.05667,-32.12398],[-58.05685,-32.12426]]],[[[-58.05991,-32.12407],[-58.05926,-32.1237],[-58.05954,-32.12417],[-58.05991,-32.12407]]],[[[-58.05528,-32.12343],[-58.05463,-32.12296],[-58.05463,-32.1225],[-58.05407,-32.12259],[-58.05454,-32.12306],[-58.05398,-32.12352],[-58.05398,-32.12398],[-58.05426,-32.12361],[-58.05519,-32.1238],[-58.05528,-32.12343]]],[[[-58.06296,-32.12296],[-58.06315,-32.12204],[-58.06287,-32.12204],[-58.06287,-32.12148],[-58.06269,-32.12148],[-58.06296,-32.12296]]],[[[-58.05815,-32.12222],[-58.05889,-32.12194],[-58.05796,-32.1213],[-58.05704,-32.12176],[-58.05694,-32.12241],[-58.05713,-32.12241],[-58.05722,-32.12222],[-58.05722,-32.12185],[-58.05769,-32.12157],[-58.05815,-32.12167],[-58.05815,-32.12222]]],[[[-58.0613,-32.1213],[-58.06102,-32.12111],[-58.06046,-32.1212],[-58.06046,-32.1213],[-58.0613,-32.1213]]],[[[-58.06037,-32.11889],[-58.06046,-32.11972],[-58.06056,-32.11972],[-58.06056,-32.11898],[-58.06037,-32.11889]]],[[[-58.05444,-32.11741],[-58.05435,-32.11676],[-58.0537,-32.11676],[-58.05481,-32.11787],[-58.05769,-32.11843],[-58.05778,-32.1188],[-58.05824,-32.1188],[-58.05778,-32.11833],[-58.05685,-32.11815],[-58.05704,-32.11778],[-58.05444,-32.11741]]],[[[-58.0587,-32.11944],[-58.05889,-32.11898],[-58.05843,-32.11907],[-58.0587,-32.11944]]],[[[-58.06,-32.11954],[-58.05963,-32.11907],[-58.05935,-32.11954],[-58.0588,-32.11944],[-58.05898,-32.11991],[-58.06,-32.11954]]],[[[-58.05491,-32.11648],[-58.05574,-32.11694],[-58.05611,-32.11648],[-58.05491,-32.11648]]],[[[-58.06148,-32.1138],[-58.06204,-32.11426],[-58.06241,-32.11426],[-58.06241,-32.11398],[-58.06148,-32.1138]]],[[[-58.05685,-32.11343],[-58.05574,-32.11315],[-58.05657,-32.11398],[-58.05648,-32.11352],[-58.05685,-32.11343]]],[[[-58.04981,-32.1062],[-58.0487,-32.10583],[-58.04861,-32.1063],[-58.0488,-32.10611],[-58.04889,-32.1063],[-58.05037,-32.10667],[-58.05056,-32.10759],[-58.05028,-32.10796],[-58.05046,-32.10833],[-58.05065,-32.10833],[-58.05056,-32.10778],[-58.05139,-32.10741],[-58.0513,-32.10704],[-58.05074,-32.10694],[-58.05102,-32.10667],[-58.05074,-32.10593],[-58.05,-32.10583],[-58.04981,-32.1062]]],[[[-58.0513,-32.10861],[-58.05074,-32.10843],[-58.05102,-32.1088],[-58.05046,-32.1087],[-58.05009,-32.1088],[-58.05102,-32.10898],[-58.0513,-32.10861]]],[[[-58.05296,-32.11685],[-58.05278,-32.11509],[-58.05407,-32.11417],[-58.0537,-32.11231],[-58.05333,-32.11222],[-58.05324,-32.11093],[-58.05352,-32.11056],[-58.05296,-32.10935],[-58.05204,-32.10917],[-58.0513,-32.10981],[-58.05046,-32.10926],[-58.05009,-32.10944],[-58.04944,-32.1088],[-58.05009,-32.10861],[-58.04935,-32.10852],[-58.04926,-32.10889],[-58.04981,-32.10954],[-58.05074,-32.10981],[-58.05093,-32.11019],[-58.05213,-32.10991],[-58.05204,-32.10981],[-58.05213,-32.10954],[-58.05296,-32.10981],[-58.05324,-32.11028],[-58.05278,-32.11093],[-58.05306,-32.1112],[-58.05278,-32.11231],[-58.05296,-32.11296],[-58.0525,-32.11454],[-58.05259,-32.11676],[-58.05278,-32.11713],[-58.05324,-32.11713],[-58.05296,-32.11685]]],[[[-58.05648,-32.11185],[-58.05685,-32.11157],[-58.05676,-32.1112],[-58.05657,-32.11148],[-58.0562,-32.11139],[-58.05648,-32.11185]]],[[[-58.05454,-32.10935],[-58.05519,-32.10991],[-58.05546,-32.10972],[-58.055,-32.10926],[-58.05454,-32.10935]]],[[[-58.06222,-32.10833],[-58.06167,-32.10769],[-58.06139,-32.10806],[-58.0613,-32.10731],[-58.0613,-32.10759],[-58.06065,-32.10787],[-58.06065,-32.10815],[-58.06093,-32.10843],[-58.0612,-32.10815],[-58.06185,-32.10833],[-58.06176,-32.10907],[-58.06241,-32.10907],[-58.06194,-32.1088],[-58.06222,-32.10833]]],[[[-58.05287,-32.10806],[-58.05259,-32.10704],[-58.05222,-32.10694],[-58.05222,-32.10769],[-58.05259,-32.10815],[-58.05287,-32.10806]]],[[[-58.06083,-32.10602],[-58.06065,-32.10639],[-58.06139,-32.1063],[-58.0613,-32.10611],[-58.06083,-32.10602]]],[[[-58.05167,-32.1063],[-58.05176,-32.10565],[-58.05148,-32.10556],[-58.0512,-32.1063],[-58.05167,-32.1063]]],[[[-58.05852,-32.10537],[-58.05778,-32.10472],[-58.05759,-32.10472],[-58.05778,-32.10519],[-58.05806,-32.10537],[-58.05852,-32.10537]]],[[[-58.05685,-32.10398],[-58.05676,-32.10343],[-58.05639,-32.10352],[-58.05639,-32.10361],[-58.05685,-32.10398]]],[[[-58.06481,-32.1063],[-58.06509,-32.10602],[-58.06491,-32.10565],[-58.06444,-32.10556],[-58.06417,-32.10481],[-58.06296,-32.10407],[-58.06296,-32.10361],[-58.06204,-32.10324],[-58.0613,-32.10157],[-58.06056,-32.10102],[-58.06028,-32.10028],[-58.05926,-32.1],[-58.05954,-32.10074],[-58.05981,-32.10028],[-58.06019,-32.10046],[-58.06037,-32.1013],[-58.06083,-32.10148],[-58.06167,-32.10315],[-58.06278,-32.1037],[-58.06259,-32.10407],[-58.06389,-32.10491],[-58.06389,-32.10528],[-58.06269,-32.10491],[-58.06241,-32.10519],[-58.06296,-32.10574],[-58.0638,-32.10574],[-58.06407,-32.10546],[-58.06426,-32.10574],[-58.06389,-32.1063],[-58.06417,-32.10648],[-58.06435,-32.10648],[-58.06407,-32.1063],[-58.06426,-32.10602],[-58.06472,-32.10602],[-58.06481,-32.1063]]],[[[-58.05574,-32.10296],[-58.05509,-32.10306],[-58.05509,-32.10315],[-58.05574,-32.10315],[-58.05574,-32.10324],[-58.05583,-32.10324],[-58.05574,-32.10296]]],[[[-58.05444,-32.10287],[-58.05417,-32.10278],[-58.05398,-32.10231],[-58.05389,-32.10296],[-58.05444,-32.10287]]],[[[-58.05444,-32.1012],[-58.05537,-32.10194],[-58.0562,-32.10185],[-58.05602,-32.1012],[-58.05565,-32.10167],[-58.05519,-32.10074],[-58.05481,-32.10102],[-58.05481,-32.10056],[-58.0537,-32.10037],[-58.05361,-32.10102],[-58.05444,-32.1012]]],[[[-58.05241,-32.1],[-58.05231,-32.10074],[-58.05194,-32.10093],[-58.05204,-32.10185],[-58.05213,-32.10139],[-58.05296,-32.10139],[-58.05269,-32.1013],[-58.05287,-32.10065],[-58.05241,-32.10046],[-58.05241,-32.1]]],[[[-58.05259,-32.10157],[-58.05231,-32.10213],[-58.05259,-32.10176],[-58.05278,-32.10204],[-58.05333,-32.10204],[-58.0537,-32.10176],[-58.05361,-32.10139],[-58.05333,-32.10139],[-58.05352,-32.10185],[-58.05324,-32.10194],[-58.05259,-32.10157]]],[[[-58.03694,-32.27148],[-58.03611,-32.27157],[-58.03602,-32.27185],[-58.03685,-32.27194],[-58.0362,-32.27176],[-58.03676,-32.27176],[-58.03694,-32.27148]]],[[[-58.03759,-32.27157],[-58.03769,-32.27213],[-58.03731,-32.27231],[-58.03796,-32.27222],[-58.03787,-32.27269],[-58.03852,-32.27269],[-58.03843,-32.27204],[-58.03815,-32.2725],[-58.03806,-32.27185],[-58.03759,-32.27157]]],[[[-58.03769,-32.27148],[-58.03815,-32.27111],[-58.03796,-32.27093],[-58.03852,-32.27065],[-58.03778,-32.27065],[-58.03741,-32.2713],[-58.03769,-32.27148]]],[[[-58.03972,-32.27083],[-58.04,-32.27037],[-58.03954,-32.27028],[-58.03944,-32.27065],[-58.03972,-32.27083]]],[[[-58.03889,-32.26769],[-58.03935,-32.26759],[-58.03935,-32.2675],[-58.0388,-32.26731],[-58.03889,-32.26769]]],[[[-58.03972,-32.2687],[-58.04019,-32.26796],[-58.03917,-32.26815],[-58.03889,-32.26769],[-58.03815,-32.26796],[-58.03889,-32.26833],[-58.03944,-32.26824],[-58.03972,-32.26935],[-58.03972,-32.2687]]],[[[-58.03917,-32.26926],[-58.03944,-32.26963],[-58.03972,-32.26935],[-58.03926,-32.26917],[-58.03917,-32.26926]]],[[[-58.03806,-32.26787],[-58.03833,-32.26769],[-58.03806,-32.26741],[-58.03815,-32.26676],[-58.03787,-32.26704],[-58.03806,-32.26787]]],[[[-58.03843,-32.26685],[-58.03824,-32.26722],[-58.0387,-32.26731],[-58.0387,-32.26704],[-58.03843,-32.26685]]],[[[-58.03935,-32.26574],[-58.0387,-32.26583],[-58.0387,-32.26593],[-58.03917,-32.26602],[-58.03935,-32.26593],[-58.03935,-32.26574]]],[[[-58.04028,-32.26639],[-58.04074,-32.26593],[-58.04046,-32.26583],[-58.04019,-32.26602],[-58.04019,-32.2663],[-58.03954,-32.26639],[-58.04083,-32.26648],[-58.04028,-32.26639]]],[[[-58.0362,-32.2662],[-58.03648,-32.26574],[-58.03657,-32.26509],[-58.0362,-32.26537],[-58.0362,-32.2662]]],[[[-58.04083,-32.26481],[-58.0413,-32.265],[-58.04139,-32.26463],[-58.0412,-32.26454],[-58.04083,-32.26481]]],[[[-58.04046,-32.26231],[-58.04074,-32.26269],[-58.04093,-32.26269],[-58.04083,-32.26231],[-58.04046,-32.26231]]],[[[-58.03963,-32.26046],[-58.03963,-32.26157],[-58.03926,-32.26148],[-58.03944,-32.26185],[-58.03898,-32.26231],[-58.03898,-32.26269],[-58.04037,-32.26167],[-58.04,-32.2613],[-58.04019,-32.26102],[-58.04,-32.26102],[-58.03972,-32.26074],[-58.03981,-32.26037],[-58.03963,-32.26046]]],[[[-58.04676,-32.2613],[-58.04639,-32.26028],[-58.0463,-32.26028],[-58.0463,-32.26111],[-58.04676,-32.2613]]],[[[-58.04583,-32.25991],[-58.04583,-32.25954],[-58.04565,-32.25926],[-58.04565,-32.26019],[-58.04583,-32.26009],[-58.0463,-32.26019],[-58.0463,-32.25972],[-58.04583,-32.25991]]],[[[-58.04565,-32.26065],[-58.04593,-32.26102],[-58.04602,-32.26028],[-58.04565,-32.26065]]],[[[-58.04157,-32.26009],[-58.04167,-32.25963],[-58.04148,-32.25954],[-58.04111,-32.25991],[-58.04157,-32.26009]]],[[[-58.03898,-32.25759],[-58.03926,-32.25796],[-58.03954,-32.25759],[-58.03898,-32.25759]]],[[[-58.03852,-32.2588],[-58.03907,-32.25833],[-58.03917,-32.25796],[-58.03852,-32.25833],[-58.03852,-32.2588]]],[[[-58.03907,-32.25907],[-58.03963,-32.25806],[-58.03907,-32.25833],[-58.03907,-32.25907]]],[[[-58.03833,-32.25787],[-58.03787,-32.25815],[-58.03815,-32.25852],[-58.03889,-32.25806],[-58.03833,-32.25787]]],[[[-58.04472,-32.25824],[-58.04528,-32.25824],[-58.04556,-32.25796],[-58.04481,-32.25787],[-58.04472,-32.25824]]],[[[-58.04602,-32.255],[-58.04602,-32.2563],[-58.04639,-32.25685],[-58.04611,-32.25602],[-58.04611,-32.25537],[-58.0463,-32.25537],[-58.0463,-32.25528],[-58.04602,-32.255]]],[[[-58.04676,-32.25519],[-58.04713,-32.25648],[-58.04741,-32.25648],[-58.04713,-32.25537],[-58.04676,-32.25519]]],[[[-58.0487,-32.25537],[-58.0487,-32.25574],[-58.04917,-32.25556],[-58.04917,-32.25546],[-58.0487,-32.25537]]],[[[-58.0488,-32.25444],[-58.04944,-32.25491],[-58.05065,-32.25463],[-58.04898,-32.25444],[-58.04898,-32.25407],[-58.0488,-32.25444]]],[[[-58.04648,-32.25407],[-58.04583,-32.25426],[-58.04574,-32.25444],[-58.04657,-32.25417],[-58.04667,-32.2537],[-58.04648,-32.25407]]],[[[-58.04528,-32.25444],[-58.04491,-32.25444],[-58.04491,-32.25407],[-58.04463,-32.25426],[-58.04509,-32.25463],[-58.04528,-32.25444]]],[[[-58.045,-32.25065],[-58.04463,-32.25037],[-58.04398,-32.25037],[-58.04444,-32.25046],[-58.04481,-32.25102],[-58.04574,-32.25074],[-58.04537,-32.25037],[-58.045,-32.25065]]],[[[-58.04463,-32.2512],[-58.04481,-32.25102],[-58.04454,-32.25111],[-58.04454,-32.25139],[-58.04528,-32.25222],[-58.04528,-32.25176],[-58.04463,-32.2512]]],[[[-58.0362,-32.25148],[-58.03537,-32.25111],[-58.03528,-32.25148],[-58.03639,-32.25167],[-58.03667,-32.2513],[-58.03648,-32.25111],[-58.0362,-32.25148]]],[[[-58.04731,-32.25102],[-58.0475,-32.2512],[-58.04741,-32.2513],[-58.0475,-32.25148],[-58.04778,-32.25083],[-58.04731,-32.25102]]],[[[-58.03889,-32.25074],[-58.03954,-32.25065],[-58.03991,-32.25083],[-58.03972,-32.25037],[-58.03907,-32.25028],[-58.03889,-32.25074]]],[[[-58.03843,-32.25074],[-58.03898,-32.25028],[-58.03796,-32.25028],[-58.03843,-32.25074]]],[[[-58.04176,-32.24981],[-58.0412,-32.24981],[-58.04148,-32.25028],[-58.04176,-32.24981]]],[[[-58.0338,-32.24796],[-58.03315,-32.24796],[-58.03315,-32.24833],[-58.0338,-32.24806],[-58.03389,-32.24833],[-58.03435,-32.24843],[-58.03435,-32.2488],[-58.03398,-32.2487],[-58.03352,-32.24991],[-58.0337,-32.24963],[-58.03417,-32.24963],[-58.03426,-32.24991],[-58.03472,-32.24972],[-58.03444,-32.25009],[-58.03463,-32.25037],[-58.03519,-32.24981],[-58.03537,-32.25074],[-58.03574,-32.25037],[-58.03657,-32.25037],[-58.03556,-32.25028],[-58.03528,-32.24972],[-58.03454,-32.24963],[-58.035,-32.24843],[-58.03472,-32.24815],[-58.03463,-32.24843],[-58.03417,-32.24833],[-58.0338,-32.24796]]],[[[-58.035,-32.24769],[-58.03472,-32.24815],[-58.03509,-32.24806],[-58.03546,-32.24769],[-58.035,-32.24769]]],[[[-58.03306,-32.25046],[-58.0338,-32.25046],[-58.03407,-32.25019],[-58.03343,-32.25037],[-58.03315,-32.25009],[-58.03306,-32.25046]]],[[[-58.03556,-32.25204],[-58.03519,-32.25157],[-58.03472,-32.25167],[-58.03472,-32.25111],[-58.03454,-32.2512],[-58.03463,-32.25176],[-58.03556,-32.25222],[-58.03602,-32.25213],[-58.03611,-32.25241],[-58.03685,-32.25222],[-58.03676,-32.25194],[-58.0363,-32.25222],[-58.03611,-32.25194],[-58.03556,-32.25204]]],[[[-58.03741,-32.2512],[-58.03787,-32.25037],[-58.03778,-32.25],[-58.03731,-32.25028],[-58.03769,-32.25037],[-58.03741,-32.2512]]],[[[-58.0437,-32.24907],[-58.04509,-32.24991],[-58.04593,-32.24991],[-58.04444,-32.24907],[-58.04454,-32.2487],[-58.0437,-32.24907]]],[[[-58.0387,-32.24852],[-58.03787,-32.24852],[-58.03787,-32.24861],[-58.0388,-32.2488],[-58.0387,-32.24852]]],[[[-58.04352,-32.2487],[-58.04306,-32.24843],[-58.04269,-32.24861],[-58.04269,-32.2488],[-58.04352,-32.2487]]],[[[-58.03565,-32.24787],[-58.03528,-32.24852],[-58.03574,-32.24852],[-58.03602,-32.24815],[-58.03565,-32.24787]]],[[[-58.03815,-32.24806],[-58.03815,-32.24843],[-58.03852,-32.24824],[-58.03852,-32.24806],[-58.03815,-32.24806]]],[[[-58.03926,-32.2475],[-58.03926,-32.24694],[-58.03898,-32.24694],[-58.03898,-32.24759],[-58.03926,-32.2475]]],[[[-58.03889,-32.24593],[-58.03944,-32.24602],[-58.03963,-32.24546],[-58.03926,-32.24546],[-58.03889,-32.24593]]],[[[-58.04954,-32.12796],[-58.04981,-32.12815],[-58.05009,-32.12806],[-58.05,-32.12778],[-58.04954,-32.12796]]],[[[-58.04574,-32.12231],[-58.04583,-32.12204],[-58.0462,-32.12194],[-58.04565,-32.12176],[-58.04574,-32.12231]]],[[[-58.04574,-32.12296],[-58.04519,-32.12296],[-58.04519,-32.12306],[-58.04593,-32.12315],[-58.04583,-32.12241],[-58.04574,-32.12296]]],[[[-58.04398,-32.12306],[-58.04463,-32.12306],[-58.04519,-32.12287],[-58.04481,-32.12278],[-58.04398,-32.12306]]],[[[-58.04426,-32.12259],[-58.04389,-32.12259],[-58.04389,-32.12296],[-58.04417,-32.12287],[-58.04426,-32.12259]]],[[[-58.04324,-32.12046],[-58.04194,-32.12046],[-58.04269,-32.1212],[-58.04296,-32.1213],[-58.04315,-32.12093],[-58.04352,-32.1212],[-58.04324,-32.12046]]],[[[-58.04889,-32.1213],[-58.04935,-32.12167],[-58.04963,-32.1212],[-58.04917,-32.12102],[-58.04852,-32.12157],[-58.04889,-32.1213]]],[[[-58.04981,-32.12],[-58.04981,-32.12056],[-58.05019,-32.12074],[-58.05037,-32.12009],[-58.04981,-32.12]]],[[[-58.04917,-32.11944],[-58.04917,-32.11991],[-58.04981,-32.11963],[-58.04972,-32.11935],[-58.04917,-32.11944]]],[[[-58.04185,-32.11694],[-58.04176,-32.11787],[-58.04204,-32.11778],[-58.04204,-32.11704],[-58.04343,-32.11722],[-58.0438,-32.11759],[-58.04352,-32.11713],[-58.04296,-32.11694],[-58.04185,-32.11694]]],[[[-58.04231,-32.11861],[-58.04167,-32.11787],[-58.04222,-32.1187],[-58.04204,-32.11935],[-58.04241,-32.11981],[-58.04333,-32.11963],[-58.04231,-32.11907],[-58.04231,-32.11861]]],[[[-58.04148,-32.12009],[-58.04213,-32.12],[-58.04241,-32.12028],[-58.0425,-32.11991],[-58.04148,-32.11972],[-58.04148,-32.12009]]],[[[-58.04796,-32.10537],[-58.04796,-32.10657],[-58.04852,-32.10667],[-58.04815,-32.10639],[-58.04806,-32.10528],[-58.04778,-32.105],[-58.04741,-32.105],[-58.04796,-32.10537]]],[[[-58.04861,-32.10435],[-58.04787,-32.10426],[-58.04787,-32.10463],[-58.04861,-32.10435]]],[[[-58.04861,-32.10454],[-58.0487,-32.10472],[-58.04833,-32.10472],[-58.04861,-32.10519],[-58.04898,-32.10519],[-58.0488,-32.10481],[-58.04926,-32.10463],[-58.04991,-32.10491],[-58.04981,-32.10454],[-58.04861,-32.10454]]],[[[-58.04981,-32.105],[-58.04944,-32.10519],[-58.04907,-32.10509],[-58.04898,-32.10546],[-58.04954,-32.10528],[-58.04981,-32.105]]],[[[-58.04667,-32.10491],[-58.04685,-32.10472],[-58.04676,-32.10407],[-58.04648,-32.10426],[-58.04667,-32.10491]]],[[[-58.04778,-32.1038],[-58.04769,-32.10315],[-58.04713,-32.10287],[-58.0475,-32.10398],[-58.04778,-32.1038]]],[[[-58.04694,-32.10398],[-58.04704,-32.1037],[-58.04685,-32.10296],[-58.04667,-32.10352],[-58.04694,-32.10398]]],[[[-58.04657,-32.10185],[-58.04741,-32.10213],[-58.04759,-32.10176],[-58.04685,-32.1012],[-58.04611,-32.1012],[-58.04657,-32.10185]]],[[[-58.04213,-32.10037],[-58.04148,-32.10056],[-58.04111,-32.1],[-58.04139,-32.10065],[-58.04185,-32.10065],[-58.04231,-32.10028],[-58.04315,-32.10074],[-58.04333,-32.10037],[-58.04417,-32.10046],[-58.04333,-32.1],[-58.04278,-32.1],[-58.04278,-32.10037],[-58.04231,-32.1],[-58.04213,-32.10037]]]]}},{"type":"Feature","properties":{"clase":2,"profundidad":"0,5 a 1,5 m"},"geometry":{"type":"MultiPolygon","coordinates":[[[[-58.18778,-32.17176],[-58.1888,-32.17065],[-58.1887,-32.16991],[-58.18898,-32.16963],[-58.1887,-32.16889],[-58.18935,-32.16824],[-58.18898,-32.16759],[-58.18787,-32.16787],[-58.1875,-32.16843],[-58.18713,-32.16843],[-58.18685,-32.16898],[-58.18713,-32.16898],[-58.18722,-32.16963],[-58.18574,-32.17037],[-58.18602,-32.17056],[-58.18602,-32.17102],[-58.18611,-32.17102],[-58.18611,-32.17037],[-58.18648,-32.17009],[-58.18685,-32.17],[-58.18648,-32.17046],[-58.18694,-32.17046],[-58.18787,-32.16981],[-58.18852,-32.16981],[-58.18861,-32.17056],[-58.18787,-32.1713],[-58.18778,-32.17176]],[[-58.18843,-32.16944],[-58.18722,-32.17009],[-58.18722,-32.16972],[-58.1875,-32.16944],[-58.18843,-32.16944]]],[[[-58.19972,-32.17454],[-58.19907,-32.17343],[-58.19833,-32.17315],[-58.19824,-32.17278],[-58.19769,-32.17315],[-58.1962,-32.17278],[-58.19444,-32.17361],[-58.19435,-32.17417],[-58.19333,-32.17407],[-58.19287,-32.17426],[-58.19259,-32.1738],[-58.19361,-32.17398],[-58.19361,-32.17343],[-58.19306,-32.17269],[-58.19231,-32.17259],[-58.19269,-32.17093],[-58.19194,-32.1713],[-58.19148,-32.17222],[-58.19009,-32.17204],[-58.18935,-32.1725],[-58.18935,-32.17287],[-58.18778,-32.17241],[-58.18778,-32.17176],[-58.1875,-32.17231],[-58.18704,-32.17231],[-58.18704,-32.17278],[-58.18769,-32.17241],[-58.18815,-32.17287],[-58.18954,-32.17306],[-58.18944,-32.17259],[-58.19028,-32.17222],[-58.19065,-32.17278],[-58.19046,-32.17352],[-58.19111,-32.17398],[-58.1912,-32.17472],[-58.19241,-32.17426],[-58.19296,-32.17454],[-58.1937,-32.17417],[-58.19435,-32.17472],[-58.19472,-32.17444],[-58.19472,-32.17361],[-58.19574,-32.17361],[-58.19639,-32.17296],[-58.1988,-32.17361],[-58.19898,-32.17435],[-58.19981,-32.17537],[-58.19972,-32.17454]],[[-58.19231,-32.1737],[-58.19176,-32.17435],[-58.1913,-32.17444],[-58.1912,-32.17343],[-58.19083,-32.17315],[-58.19241,-32.1712],[-58.19204,-32.17324],[-58.19278,-32.17287],[-58.19306,-32.17324],[-58.1925,-32.17361],[-58.19157,-32.17343],[-58.19231,-32.1737]]],[[[-58.20269,-32.1762],[-58.20306,-32.17722],[-58.20204,-32.17787],[-58.20222,-32.17731],[-58.20194,-32.17676],[-58.20139,-32.1763],[-58.20056,-32.1763],[-58.19972,-32.17546],[-58.20009,-32.1763],[-58.20083,-32.17657],[-58.20093,-32.17787],[-58.20167,-32.1788],[-58.20194,-32.1788],[-58.20176,-32.17843],[-58.20241,-32.17796],[-58.20315,-32.17852],[-58.2038,-32.17833],[-58.20417,-32.1787],[-58.20417,-32.17935],[-58.20509,-32.17963],[-58.205,-32.17898],[-58.20546,-32.17907],[-58.20528,-32.17843],[-58.20435,-32.17769],[-58.20361,-32.17759],[-58.20296,-32.17657],[-58.20306,-32.17454],[-58.20278,-32.17556],[-58.20296,-32.17602],[-58.20269,-32.1762]]],[[[-58.2025,-32.17417],[-58.20269,-32.17454],[-58.20296,-32.17454],[-58.20269,-32.17435],[-58.20278,-32.17417],[-58.20269,-32.1737],[-58.20222,-32.17361],[-58.20269,-32.17398],[-58.2025,-32.17417]]],[[[-58.20222,-32.17306],[-58.20194,-32.17315],[-58.20204,-32.17361],[-58.20222,-32.17361],[-58.20222,-32.17306]]],[[[-58.20889,-32.1737],[-58.20685,-32.17343],[-58.20583,-32.17287],[-58.20509,-32.17315],[-58.20407,-32.17259],[-58.20259,-32.17259],[-58.20222,-32.17296],[-58.20407,-32.17278],[-58.20481,-32.17333],[-58.20546,-32.17315],[-58.20796,-32.1737],[-58.20843,-32.17463],[-58.20907,-32.17435],[-58.20944,-32.17306],[-58.20889,-32.1737]]],[[[-58.21204,-32.17204],[-58.21074,-32.17278],[-58.21065,-32.17324],[-58.21009,-32.17296],[-58.20944,-32.17306],[-58.21074,-32.17352],[-58.21083,-32.17287],[-58.21157,-32.17269],[-58.21204,-32.17204]]],[[[-58.21602,-32.17324],[-58.21389,-32.17185],[-58.21204,-32.17194],[-58.21231,-32.17222],[-58.21407,-32.17222],[-58.21537,-32.1738],[-58.2162,-32.17361],[-58.2162,-32.17417],[-58.21648,-32.17463],[-58.21667,-32.17463],[-58.21657,-32.17426],[-58.21741,-32.17324],[-58.21667,-32.17315],[-58.21657,-32.17278],[-58.21602,-32.17324]]],[[[-58.21741,-32.17324],[-58.21769,-32.17324],[-58.21806,-32.17296],[-58.21759,-32.17296],[-58.21741,-32.17324]]],[[[-58.1862,-32.17139],[-58.18593,-32.17213],[-58.1863,-32.17185],[-58.1862,-32.17139]]],[[[-58.18454,-32.17213],[-58.18519,-32.17222],[-58.18509,-32.17296],[-58.18546,-32.17324],[-58.18593,-32.17213],[-58.18537,-32.17241],[-58.18519,-32.17194],[-58.18454,-32.17194],[-58.18398,-32.17111],[-58.18398,-32.17157],[-58.18454,-32.17213]]],[[[-58.18509,-32.16926],[-58.18296,-32.16944],[-58.18361,-32.16954],[-58.18352,-32.17],[-58.1837,-32.17046],[-58.18407,-32.17065],[-58.1837,-32.17102],[-58.18426,-32.17074],[-58.1837,-32.16972],[-58.18537,-32.16972],[-58.18444,-32.16963],[-58.185,-32.16954],[-58.18509,-32.16926]]],[[[-58.18537,-32.16963],[-58.18593,-32.16935],[-58.18593,-32.16926],[-58.18546,-32.16926],[-58.18537,-32.16963]]],[[[-58.19972,-32.17278],[-58.20056,-32.17324],[-58.20037,-32.17287],[-58.19972,-32.17278]]],[[[-58.19935,-32.17222],[-58.19926,-32.17269],[-58.19981,-32.17259],[-58.19981,-32.17185],[-58.19898,-32.17167],[-58.19898,-32.17213],[-58.19935,-32.17222]]],[[[-58.20657,-32.17176],[-58.20741,-32.17213],[-58.20778,-32.17148],[-58.20657,-32.17176]]],[[[-58.21481,-32.17028],[-58.21509,-32.17028],[-58.21574,-32.17037],[-58.21593,-32.17028],[-58.21537,-32.17009],[-58.21481,-32.17028]]],[[[-58.21611,-32.17065],[-58.21639,-32.17148],[-58.21667,-32.17148],[-58.21611,-32.17065]]],[[[-58.21667,-32.17148],[-58.21704,-32.17204],[-58.21796,-32.17204],[-58.21713,-32.17185],[-58.21667,-32.17148]]],[[[-58.21324,-32.17157],[-58.21333,-32.17111],[-58.21389,-32.17139],[-58.21407,-32.1713],[-58.2137,-32.17093],[-58.21324,-32.17102],[-58.21241,-32.17167],[-58.21185,-32.1713],[-58.21222,-32.17176],[-58.21324,-32.17157]]],[[[-58.19815,-32.17157],[-58.19852,-32.17176],[-58.19861,-32.1712],[-58.19815,-32.1712],[-58.19815,-32.17157]]],[[[-58.19778,-32.1713],[-58.1975,-32.1712],[-58.19741,-32.17185],[-58.19769,-32.17185],[-58.19778,-32.1713]]],[[[-58.20435,-32.17167],[-58.20389,-32.1712],[-58.20361,-32.17157],[-58.20435,-32.17167]]],[[[-58.19454,-32.17102],[-58.19435,-32.17065],[-58.19343,-32.17093],[-58.1937,-32.1713],[-58.19454,-32.17102]]],[[[-58.19769,-32.17065],[-58.19741,-32.17019],[-58.19704,-32.17037],[-58.19731,-32.17074],[-58.19769,-32.17065]]],[[[-58.19111,-32.17065],[-58.1912,-32.17009],[-58.19093,-32.16991],[-58.19065,-32.17074],[-58.19111,-32.17065]]],[[[-58.19889,-32.17009],[-58.19954,-32.17019],[-58.19944,-32.16981],[-58.19991,-32.16944],[-58.19907,-32.16907],[-58.19861,-32.16926],[-58.19889,-32.16944],[-58.19889,-32.17009]]],[[[-58.21444,-32.16972],[-58.21481,-32.16889],[-58.21444,-32.16898],[-58.21444,-32.16972]]],[[[-58.2,-32.16907],[-58.20065,-32.16935],[-58.2013,-32.17019],[-58.20139,-32.16907],[-58.20102,-32.16852],[-58.20028,-32.1687],[-58.2,-32.16907]]],[[[-58.20324,-32.16787],[-58.20185,-32.16907],[-58.20269,-32.16917],[-58.20287,-32.1688],[-58.20324,-32.16889],[-58.2037,-32.16824],[-58.20361,-32.16796],[-58.20324,-32.16787]]],[[[-58.18463,-32.16787],[-58.1837,-32.16806],[-58.1838,-32.16852],[-58.18389,-32.16815],[-58.18546,-32.16806],[-58.185,-32.16759],[-58.18444,-32.16759],[-58.18463,-32.16787]]],[[[-58.21157,-32.16648],[-58.2112,-32.16704],[-58.21194,-32.16713],[-58.21204,-32.1675],[-58.21259,-32.16787],[-58.21213,-32.16741],[-58.21222,-32.16704],[-58.21157,-32.16648]]],[[[-58.19454,-32.1662],[-58.19491,-32.16602],[-58.19481,-32.16556],[-58.19454,-32.16593],[-58.19454,-32.1662]]],[[[-58.19991,-32.1663],[-58.20074,-32.16639],[-58.20111,-32.16583],[-58.20037,-32.16546],[-58.20074,-32.16602],[-58.19991,-32.1663]]],[[[-58.20722,-32.1662],[-58.20815,-32.16537],[-58.20815,-32.16426],[-58.20806,-32.16528],[-58.20722,-32.1662]]],[[[-58.20667,-32.16713],[-58.20722,-32.1662],[-58.20685,-32.1662],[-58.20657,-32.16694],[-58.20602,-32.16704],[-58.20667,-32.16713]]],[[[-58.205,-32.16565],[-58.20398,-32.16509],[-58.20454,-32.16593],[-58.20491,-32.16611],[-58.205,-32.16565]]],[[[-58.19519,-32.16546],[-58.195,-32.16481],[-58.19491,-32.16583],[-58.19519,-32.16546]]],[[[-58.20972,-32.16454],[-58.20981,-32.16509],[-58.21,-32.16528],[-58.21046,-32.16528],[-58.20981,-32.16491],[-58.21046,-32.16426],[-58.21009,-32.16417],[-58.20972,-32.16454]]],[[[-58.22491,-32.1613],[-58.22519,-32.1612],[-58.22593,-32.16176],[-58.22685,-32.16157],[-58.22843,-32.15917],[-58.22926,-32.15926],[-58.22981,-32.1587],[-58.22833,-32.15731],[-58.22704,-32.15769],[-58.22602,-32.15843],[-58.22528,-32.15833],[-58.22519,-32.15935],[-58.22444,-32.15954],[-58.22537,-32.15944],[-58.22565,-32.1588],[-58.22722,-32.15787],[-58.22806,-32.15787],[-58.22815,-32.15759],[-58.22843,-32.15833],[-58.2288,-32.15815],[-58.22917,-32.15843],[-58.22917,-32.15907],[-58.22889,-32.15907],[-58.2288,-32.15852],[-58.22731,-32.1587],[-58.22704,-32.15907],[-58.22741,-32.15907],[-58.22741,-32.15944],[-58.22704,-32.15944],[-58.22657,-32.1613],[-58.22537,-32.16111],[-58.22463,-32.16019],[-58.22481,-32.16083],[-58.22454,-32.16102],[-58.2238,-32.16009],[-58.22509,-32.16204],[-58.22602,-32.16222],[-58.22509,-32.16185],[-58.22491,-32.1613]]],[[[-58.22602,-32.16231],[-58.22713,-32.16222],[-58.22731,-32.16185],[-58.22602,-32.16231]]],[[[-58.23185,-32.15954],[-58.23111,-32.15926],[-58.22861,-32.15954],[-58.22833,-32.16],[-58.22833,-32.16056],[-58.22759,-32.16111],[-58.22731,-32.16185],[-58.22833,-32.16093],[-58.22843,-32.16009],[-58.22898,-32.15954],[-58.23102,-32.15954],[-58.23111,-32.16019],[-58.2313,-32.15981],[-58.23241,-32.16009],[-58.23185,-32.15954]]],[[[-58.23148,-32.16083],[-58.23148,-32.16139],[-58.23204,-32.16111],[-58.23241,-32.1613],[-58.2312,-32.16176],[-58.23167,-32.16204],[-58.2312,-32.16231],[-58.23157,-32.16259],[-58.2312,-32.16361],[-58.22889,-32.16444],[-58.22806,-32.16509],[-58.22833,-32.16556],[-58.22731,-32.165],[-58.22574,-32.16657],[-58.22324,-32.16741],[-58.22148,-32.16713],[-58.2213,-32.16676],[-58.21926,-32.16667],[-58.21935,-32.16713],[-58.21861,-32.16694],[-58.21796,-32.1675],[-58.21824,-32.16824],[-58.21787,-32.16889],[-58.21833,-32.16991],[-58.21787,-32.16981],[-58.2175,-32.17037],[-58.21769,-32.17102],[-58.21787,-32.17019],[-58.21889,-32.17019],[-58.21824,-32.16917],[-58.21926,-32.16926],[-58.21907,-32.16852],[-58.22037,-32.16759],[-58.2212,-32.16769],[-58.22306,-32.16907],[-58.2238,-32.1688],[-58.22417,-32.16824],[-58.2263,-32.1688],[-58.22676,-32.16833],[-58.22722,-32.16852],[-58.22759,-32.16806],[-58.22796,-32.16833],[-58.22796,-32.16769],[-58.2288,-32.16759],[-58.22935,-32.16796],[-58.22981,-32.16722],[-58.2313,-32.16769],[-58.23148,-32.16806],[-58.23222,-32.16796],[-58.23315,-32.16722],[-58.23389,-32.16741],[-58.23435,-32.16667],[-58.23389,-32.16648],[-58.23324,-32.16546],[-58.23231,-32.16537],[-58.23222,-32.16509],[-58.23259,-32.165],[-58.2325,-32.16444],[-58.23287,-32.16435],[-58.23278,-32.1637],[-58.23352,-32.16352],[-58.23324,-32.16287],[-58.23407,-32.16148],[-58.23259,-32.16009],[-58.23241,-32.16037],[-58.23185,-32.16028],[-58.23185,-32.16074],[-58.23148,-32.16083]]],[[[-58.21741,-32.16407],[-58.21639,-32.16426],[-58.21778,-32.16426],[-58.21741,-32.16407]]],[[[-58.20278,-32.1625],[-58.20222,-32.16296],[-58.20269,-32.16296],[-58.20269,-32.16324],[-58.20287,-32.16324],[-58.20287,-32.16333],[-58.20306,-32.16333],[-58.20306,-32.16343],[-58.20324,-32.16343],[-58.20278,-32.16306],[-58.20278,-32.1625]]],[[[-58.18815,-32.16213],[-58.18824,-32.16056],[-58.18778,-32.16037],[-58.18769,-32.15954],[-58.18731,-32.15926],[-58.18704,-32.15963],[-58.18741,-32.15972],[-58.18769,-32.16074],[-58.18806,-32.16093],[-58.18759,-32.1625],[-58.18815,-32.16213]]],[[[-58.18778,-32.16556],[-58.1887,-32.16556],[-58.18796,-32.16583],[-58.18806,-32.16602],[-58.18907,-32.16574],[-58.18926,-32.16537],[-58.18907,-32.16491],[-58.18731,-32.16528],[-58.18704,-32.16389],[-58.18759,-32.16352],[-58.18741,-32.16315],[-58.18741,-32.16361],[-58.18704,-32.16361],[-58.18685,-32.16398],[-58.18704,-32.16491],[-58.18648,-32.165],[-58.18639,-32.16574],[-58.18519,-32.16676],[-58.18528,-32.16704],[-58.18639,-32.16731],[-58.18787,-32.16611],[-58.1875,-32.16583],[-58.18778,-32.16556]],[[-58.18648,-32.16593],[-58.18685,-32.16657],[-58.18657,-32.16676],[-58.18574,-32.16657],[-58.18648,-32.16593]]],[[[-58.19981,-32.1625],[-58.19963,-32.16167],[-58.19898,-32.1625],[-58.1988,-32.16139],[-58.19852,-32.16148],[-58.19852,-32.16222],[-58.19796,-32.16231],[-58.19889,-32.16278],[-58.20019,-32.16287],[-58.20028,-32.16324],[-58.20056,-32.16324],[-58.20028,-32.16296],[-58.20046,-32.16259],[-58.19981,-32.1625]]],[[[-58.21037,-32.16102],[-58.20954,-32.16213],[-58.21009,-32.16241],[-58.20954,-32.16269],[-58.20944,-32.16333],[-58.21,-32.16278],[-58.21093,-32.16296],[-58.21093,-32.1625],[-58.21028,-32.16241],[-58.21037,-32.16204],[-58.21111,-32.16204],[-58.21074,-32.1612],[-58.21037,-32.16102]]],[[[-58.21426,-32.1612],[-58.21491,-32.16065],[-58.21426,-32.16065],[-58.2137,-32.16],[-58.21343,-32.16],[-58.21306,-32.16037],[-58.21333,-32.16074],[-58.21296,-32.16102],[-58.21167,-32.16065],[-58.21315,-32.1613],[-58.21167,-32.1613],[-58.21157,-32.16222],[-58.21111,-32.16213],[-58.21111,-32.16259],[-58.21269,-32.16278],[-58.21213,-32.16269],[-58.21185,-32.16213],[-58.21204,-32.16157],[-58.21222,-32.16185],[-58.21389,-32.16194],[-58.21417,-32.16231],[-58.2138,-32.16269],[-58.21454,-32.16324],[-58.21426,-32.16343],[-58.21352,-32.16287],[-58.21315,-32.16315],[-58.2137,-32.16315],[-58.21481,-32.1638],[-58.215,-32.16352],[-58.21481,-32.1625],[-58.21537,-32.16204],[-58.21481,-32.16194],[-58.21454,-32.16213],[-58.21454,-32.16139],[-58.21426,-32.1612]],[[-58.21426,-32.16185],[-58.21333,-32.16148],[-58.2137,-32.1612],[-58.21435,-32.16148],[-58.21426,-32.16185]]],[[[-58.2113,-32.16046],[-58.21167,-32.16065],[-58.21139,-32.16037],[-58.21093,-32.16037],[-58.21093,-32.16074],[-58.2113,-32.16046]]],[[[-58.19509,-32.16093],[-58.19546,-32.16157],[-58.19556,-32.16157],[-58.19546,-32.16111],[-58.19509,-32.16093]]],[[[-58.19574,-32.16417],[-58.19602,-32.1637],[-58.19583,-32.16315],[-58.19556,-32.16389],[-58.19556,-32.16417],[-58.19574,-32.16417]]],[[[-58.20935,-32.1612],[-58.20806,-32.16083],[-58.20824,-32.16157],[-58.20843,-32.16111],[-58.20935,-32.1612]]],[[[-58.20843,-32.16157],[-58.20806,-32.16194],[-58.20796,-32.16213],[-58.20852,-32.16213],[-58.20843,-32.16157]]],[[[-58.18667,-32.16296],[-58.18704,-32.16185],[-58.18694,-32.15991],[-58.18667,-32.16296]]],[[[-58.21491,-32.15963],[-58.21444,-32.15981],[-58.21444,-32.16028],[-58.21491,-32.16009],[-58.21491,-32.15963]]],[[[-58.19259,-32.15769],[-58.19296,-32.15778],[-58.19296,-32.15796],[-58.19306,-32.15796],[-58.19343,-32.15731],[-58.19259,-32.15769]]],[[[-58.19296,-32.15731],[-58.19176,-32.15704],[-58.19204,-32.15741],[-58.19296,-32.15731]]],[[[-58.19157,-32.14074],[-58.19185,-32.14102],[-58.19222,-32.13991],[-58.19176,-32.13963],[-58.19176,-32.13926],[-58.19167,-32.13972],[-58.19204,-32.14009],[-58.19185,-32.14046],[-58.19148,-32.14037],[-58.19093,-32.1412],[-58.19157,-32.14074]]],[[[-58.19065,-32.14231],[-58.1912,-32.14306],[-58.19065,-32.14352],[-58.19056,-32.14241],[-58.19028,-32.14352],[-58.19065,-32.14398],[-58.19046,-32.14454],[-58.19093,-32.14407],[-58.1912,-32.14426],[-58.19157,-32.14426],[-58.19176,-32.14491],[-58.19102,-32.14574],[-58.19231,-32.1463],[-58.19176,-32.14667],[-58.19102,-32.14648],[-58.1912,-32.14685],[-58.19074,-32.14713],[-58.19046,-32.14833],[-58.18963,-32.14796],[-58.18991,-32.14852],[-58.18944,-32.1487],[-58.18991,-32.1487],[-58.19,-32.14917],[-58.18926,-32.14917],[-58.18898,-32.14981],[-58.18926,-32.15019],[-58.18954,-32.14944],[-58.19019,-32.14991],[-58.19009,-32.1487],[-58.19074,-32.14898],[-58.19204,-32.14657],[-58.19241,-32.14713],[-58.1925,-32.14657],[-58.1937,-32.14657],[-58.19352,-32.1463],[-58.19315,-32.14639],[-58.19333,-32.14574],[-58.19407,-32.14574],[-58.19278,-32.145],[-58.19287,-32.14435],[-58.19259,-32.14361],[-58.19296,-32.14315],[-58.19231,-32.14278],[-58.19287,-32.14231],[-58.19259,-32.14213],[-58.1925,-32.1425],[-58.19139,-32.1425],[-58.19083,-32.14213],[-58.19074,-32.14167],[-58.19065,-32.14231]],[[-58.1912,-32.14407],[-58.1912,-32.1437],[-58.19157,-32.1437],[-58.19167,-32.14398],[-58.19222,-32.14417],[-58.19259,-32.14556],[-58.19194,-32.14583],[-58.19148,-32.14565],[-58.19148,-32.14528],[-58.19194,-32.14546],[-58.19194,-32.14481],[-58.19167,-32.14417],[-58.1912,-32.14407]],[[-58.19269,-32.14463],[-58.19157,-32.14352],[-58.19111,-32.14352],[-58.19102,-32.14398],[-58.19065,-32.14361],[-58.19194,-32.14278],[-58.19269,-32.14315],[-58.19222,-32.1437],[-58.19269,-32.14426],[-58.19269,-32.14463]]],[[[-58.19056,-32.14481],[-58.19028,-32.14472],[-58.19037,-32.14426],[-58.19,-32.14407],[-58.19019,-32.14509],[-58.18981,-32.14537],[-58.19019,-32.14574],[-58.18972,-32.14583],[-58.19028,-32.14593],[-58.19028,-32.14491],[-58.19056,-32.14481]]],[[[-58.1887,-32.14093],[-58.18787,-32.14139],[-58.18778,-32.14213],[-58.18815,-32.14139],[-58.18833,-32.14167],[-58.1888,-32.14176],[-58.18907,-32.14046],[-58.18861,-32.14065],[-58.1887,-32.14093]]],[[[-58.18722,-32.14231],[-58.18713,-32.14509],[-58.18722,-32.14398],[-58.18778,-32.1437],[-58.18806,-32.14435],[-58.18778,-32.14463],[-58.18769,-32.14519],[-58.18806,-32.14546],[-58.18833,-32.14509],[-58.18787,-32.145],[-58.18787,-32.14472],[-58.18824,-32.14472],[-58.18824,-32.14407],[-58.18759,-32.14315],[-58.18731,-32.14333],[-58.18731,-32.14296],[-58.18741,-32.14296],[-58.1875,-32.14287],[-58.1875,-32.14269],[-58.18778,-32.14269],[-58.18778,-32.14213],[-58.18759,-32.14259],[-58.18722,-32.14259],[-58.18722,-32.14231]]],[[[-58.18815,-32.14028],[-58.18833,-32.13926],[-58.18815,-32.13917],[-58.18796,-32.13954],[-58.18815,-32.14028]]],[[[-58.18639,-32.13889],[-58.1862,-32.13769],[-58.1863,-32.1388],[-58.18593,-32.13861],[-58.18611,-32.13898],[-58.18639,-32.13889]]],[[[-58.18509,-32.13667],[-58.185,-32.13824],[-58.18509,-32.13824],[-58.18509,-32.13731],[-58.18546,-32.13778],[-58.18528,-32.1375],[-58.18546,-32.13685],[-58.18509,-32.13667]]],[[[-58.18898,-32.13519],[-58.18907,-32.13435],[-58.18861,-32.13537],[-58.18898,-32.13519]]],[[[-58.18917,-32.13593],[-58.18852,-32.13537],[-58.18917,-32.13639],[-58.18917,-32.13593]]],[[[-58.18907,-32.13685],[-58.18907,-32.13713],[-58.18954,-32.13694],[-58.18944,-32.13648],[-58.18944,-32.13685],[-58.18907,-32.13685]]],[[[-58.18991,-32.13852],[-58.19019,-32.1388],[-58.19028,-32.13806],[-58.19019,-32.13843],[-58.18963,-32.13833],[-58.18944,-32.13852],[-58.18935,-32.13991],[-58.18991,-32.13852]]],[[[-58.19315,-32.13491],[-58.19278,-32.13722],[-58.19306,-32.13694],[-58.19315,-32.13491]]],[[[-58.18824,-32.13583],[-58.18815,-32.13648],[-58.18852,-32.13657],[-58.18861,-32.1362],[-58.18824,-32.13583]]],[[[-58.18593,-32.13556],[-58.18648,-32.13593],[-58.18657,-32.13639],[-58.18657,-32.13593],[-58.18694,-32.13565],[-58.1863,-32.13528],[-58.18602,-32.13463],[-58.18611,-32.13361],[-58.18583,-32.1362],[-58.18593,-32.13556]]],[[[-58.18713,-32.13481],[-58.18694,-32.1337],[-58.18694,-32.13481],[-58.18713,-32.13481]]],[[[-58.18843,-32.13176],[-58.18815,-32.13519],[-58.18843,-32.13407],[-58.18843,-32.13176]]],[[[-58.18611,-32.13278],[-58.18528,-32.13185],[-58.18481,-32.13102],[-58.185,-32.13185],[-58.18611,-32.13278]]],[[[-58.19259,-32.1325],[-58.19278,-32.13167],[-58.19259,-32.13157],[-58.19241,-32.13185],[-58.19259,-32.1325]]],[[[-58.18898,-32.13],[-58.18889,-32.12833],[-58.1887,-32.12787],[-58.18843,-32.12806],[-58.1887,-32.13046],[-58.18843,-32.13167],[-58.18889,-32.13204],[-58.18898,-32.13]]],[[[-58.18926,-32.13306],[-58.18889,-32.13407],[-58.18935,-32.13426],[-58.18917,-32.13361],[-58.18972,-32.13287],[-58.1888,-32.13287],[-58.18861,-32.13259],[-58.1887,-32.13306],[-58.18926,-32.13306]]],[[[-58.18593,-32.13083],[-58.18657,-32.13028],[-58.18611,-32.13056],[-58.1862,-32.13009],[-58.18565,-32.13037],[-58.18593,-32.13083]]],[[[-58.18731,-32.13],[-58.18731,-32.13074],[-58.18769,-32.13102],[-58.18769,-32.13],[-58.18667,-32.12954],[-58.18694,-32.13],[-58.18731,-32.13]]],[[[-58.19324,-32.12944],[-58.19278,-32.12981],[-58.19287,-32.13009],[-58.19324,-32.13],[-58.19324,-32.12944]]],[[[-58.18435,-32.12907],[-58.1837,-32.12944],[-58.18463,-32.12944],[-58.18435,-32.12907]]],[[[-58.19204,-32.1288],[-58.1925,-32.12815],[-58.19176,-32.12796],[-58.19176,-32.12852],[-58.19204,-32.1288]]],[[[-58.1912,-32.12731],[-58.19176,-32.12787],[-58.19222,-32.12778],[-58.19222,-32.12759],[-58.19194,-32.12731],[-58.1912,-32.12731]]],[[[-58.1888,-32.12556],[-58.18852,-32.12546],[-58.18852,-32.1262],[-58.18843,-32.12537],[-58.18815,-32.12565],[-58.18852,-32.12713],[-58.1888,-32.12556]]],[[[-58.18824,-32.12491],[-58.18759,-32.12454],[-58.1875,-32.12509],[-58.18769,-32.12528],[-58.18787,-32.12491],[-58.18824,-32.12491]]],[[[-58.19935,-32.12889],[-58.19861,-32.12676],[-58.19787,-32.12657],[-58.19824,-32.12639],[-58.19833,-32.12537],[-58.19759,-32.12519],[-58.19778,-32.12481],[-58.19676,-32.12407],[-58.1963,-32.12241],[-58.19657,-32.12176],[-58.19611,-32.1212],[-58.19639,-32.12065],[-58.19537,-32.12],[-58.19509,-32.11935],[-58.19556,-32.11796],[-58.19546,-32.1163],[-58.19519,-32.1163],[-58.19546,-32.11593],[-58.195,-32.11491],[-58.19537,-32.1138],[-58.195,-32.11259],[-58.19537,-32.11204],[-58.19509,-32.11185],[-58.19519,-32.11065],[-58.19454,-32.10926],[-58.19491,-32.1087],[-58.19491,-32.10787],[-58.19565,-32.10731],[-58.1962,-32.10731],[-58.19648,-32.10769],[-58.19713,-32.1075],[-58.19731,-32.10806],[-58.19769,-32.10778],[-58.19824,-32.10833],[-58.19824,-32.10787],[-58.20009,-32.10704],[-58.19935,-32.10694],[-58.19861,-32.1062],[-58.19787,-32.1062],[-58.19778,-32.10565],[-58.1963,-32.10454],[-58.1962,-32.1037],[-58.19685,-32.10361],[-58.19704,-32.10306],[-58.19741,-32.10315],[-58.19759,-32.10269],[-58.19843,-32.10231],[-58.19824,-32.10204],[-58.19796,-32.10231],[-58.19731,-32.10194],[-58.19639,-32.10204],[-58.1963,-32.10148],[-58.19565,-32.10157],[-58.19583,-32.10111],[-58.19537,-32.10074],[-58.19546,-32.1],[-58.19491,-32.1],[-58.19519,-32.10102],[-58.19481,-32.10093],[-58.19481,-32.10157],[-58.19528,-32.10176],[-58.19546,-32.10139],[-58.19546,-32.10167],[-58.19583,-32.10176],[-58.19574,-32.10213],[-58.19481,-32.10231],[-58.19472,-32.10194],[-58.19361,-32.10139],[-58.19176,-32.10241],[-58.19167,-32.10343],[-58.19204,-32.10519],[-58.19352,-32.10565],[-58.19417,-32.10491],[-58.195,-32.10259],[-58.19648,-32.1025],[-58.19676,-32.10296],[-58.19593,-32.10315],[-58.1963,-32.10324],[-58.19602,-32.10361],[-58.19602,-32.10463],[-58.19731,-32.10537],[-58.19778,-32.10639],[-58.19815,-32.10648],[-58.19759,-32.10694],[-58.19806,-32.10731],[-58.19769,-32.10759],[-58.19593,-32.10694],[-58.19481,-32.10722],[-58.19435,-32.10769],[-58.19417,-32.10935],[-58.19463,-32.10972],[-58.195,-32.11204],[-58.19472,-32.11324],[-58.19509,-32.1138],[-58.19481,-32.11398],[-58.195,-32.11472],[-58.19472,-32.11481],[-58.19472,-32.11546],[-58.19509,-32.11593],[-58.19481,-32.11602],[-58.19509,-32.11657],[-58.19472,-32.11676],[-58.19472,-32.11722],[-58.19509,-32.11796],[-58.19481,-32.11889],[-58.19546,-32.12037],[-58.19472,-32.12046],[-58.195,-32.12093],[-58.19556,-32.12093],[-58.19519,-32.1213],[-58.19574,-32.1212],[-58.19602,-32.12148],[-58.19537,-32.12176],[-58.19537,-32.12222],[-58.19593,-32.12259],[-58.1962,-32.12343],[-58.19657,-32.12343],[-58.1962,-32.1238],[-58.19648,-32.12417],[-58.1963,-32.12519],[-58.19694,-32.12537],[-58.19722,-32.12593],[-58.19704,-32.1263],[-58.1975,-32.12648],[-58.19722,-32.12741],[-58.19759,-32.12741],[-58.1975,-32.12704],[-58.19778,-32.12694],[-58.19778,-32.12769],[-58.1988,-32.12778],[-58.19861,-32.12843],[-58.19907,-32.12843],[-58.19935,-32.12889]],[[-58.19454,-32.10278],[-58.1937,-32.10491],[-58.19324,-32.10519],[-58.19222,-32.10491],[-58.19241,-32.10426],[-58.19204,-32.10398],[-58.19204,-32.10315],[-58.1925,-32.10222],[-58.19389,-32.10167],[-58.19454,-32.10278]]],[[[-58.19935,-32.12889],[-58.19935,-32.12926],[-58.19898,-32.12926],[-58.19852,-32.12991],[-58.19954,-32.12972],[-58.19944,-32.13074],[-58.19981,-32.13083],[-58.19981,-32.12991],[-58.20019,-32.12972],[-58.19935,-32.12889]]],[[[-58.20037,-32.13176],[-58.20093,-32.1313],[-58.20139,-32.1313],[-58.20093,-32.13093],[-58.20157,-32.13074],[-58.20185,-32.13037],[-58.20148,-32.13019],[-58.20083,-32.13065],[-58.20019,-32.12981],[-58.20046,-32.13111],[-58.20009,-32.13083],[-58.19981,-32.13102],[-58.20037,-32.1312],[-58.20037,-32.13176]]],[[[-58.19843,-32.12991],[-58.19759,-32.12954],[-58.1975,-32.13],[-58.19843,-32.12991]]],[[[-58.19389,-32.13463],[-58.19481,-32.13407],[-58.19481,-32.1337],[-58.19519,-32.1338],[-58.19509,-32.13333],[-58.19546,-32.13333],[-58.19546,-32.13278],[-58.19509,-32.13241],[-58.19528,-32.13194],[-58.1963,-32.13185],[-58.1963,-32.13148],[-58.19565,-32.1313],[-58.19454,-32.13204],[-58.19444,-32.1313],[-58.19417,-32.13102],[-58.19463,-32.13028],[-58.19435,-32.12981],[-58.19565,-32.12935],[-58.19667,-32.12954],[-58.19759,-32.12944],[-58.19676,-32.12926],[-58.19509,-32.12935],[-58.195,-32.12889],[-58.19417,-32.12898],[-58.19444,-32.12963],[-58.19407,-32.13],[-58.1937,-32.12972],[-58.19315,-32.13074],[-58.19435,-32.13148],[-58.19444,-32.13222],[-58.195,-32.13204],[-58.19491,-32.13259],[-58.19528,-32.13296],[-58.19481,-32.13306],[-58.19463,-32.13407],[-58.19417,-32.13417],[-58.19389,-32.13343],[-58.19426,-32.13315],[-58.1937,-32.13296],[-58.19343,-32.1338],[-58.19343,-32.13343],[-58.1925,-32.13287],[-58.1925,-32.13361],[-58.19296,-32.13361],[-58.19315,-32.13417],[-58.1937,-32.13407],[-58.19398,-32.13426],[-58.19389,-32.13463]]],[[[-58.195,-32.12093],[-58.19472,-32.12111],[-58.19481,-32.12139],[-58.19509,-32.1213],[-58.195,-32.12093]]],[[[-58.17,-32.22315],[-58.17009,-32.22333],[-58.17065,-32.22324],[-58.17065,-32.22306],[-58.17,-32.22315]]],[[[-58.17546,-32.18972],[-58.17574,-32.18963],[-58.17574,-32.18935],[-58.17537,-32.18935],[-58.17546,-32.18972]]],[[[-58.17407,-32.18944],[-58.17509,-32.18889],[-58.17519,-32.18898],[-58.17639,-32.18889],[-58.1775,-32.18954],[-58.17676,-32.19019],[-58.17731,-32.18991],[-58.17778,-32.19028],[-58.1788,-32.19],[-58.17944,-32.19037],[-58.17972,-32.19111],[-58.18093,-32.19102],[-58.18083,-32.19065],[-58.1813,-32.19065],[-58.18176,-32.1913],[-58.18204,-32.19102],[-58.18204,-32.19009],[-58.1812,-32.19028],[-58.18019,-32.18917],[-58.17981,-32.18935],[-58.1787,-32.1888],[-58.1788,-32.18852],[-58.17926,-32.18852],[-58.1788,-32.18769],[-58.17778,-32.18778],[-58.17611,-32.18704],[-58.17602,-32.18657],[-58.17537,-32.18722],[-58.17481,-32.18704],[-58.17472,-32.18722],[-58.17667,-32.18731],[-58.17574,-32.18778],[-58.17657,-32.18778],[-58.17713,-32.1887],[-58.17787,-32.1887],[-58.17787,-32.18944],[-58.17676,-32.18907],[-58.17685,-32.1887],[-58.17481,-32.1888],[-58.17463,-32.18907],[-58.1737,-32.18917],[-58.17361,-32.18889],[-58.17407,-32.18889],[-58.17407,-32.18843],[-58.1737,-32.18843],[-58.17352,-32.18889],[-58.17343,-32.18852],[-58.17315,-32.18852],[-58.17343,-32.18917],[-58.17407,-32.18944]],[[-58.17787,-32.1887],[-58.17778,-32.18806],[-58.17713,-32.18796],[-58.17722,-32.18769],[-58.17806,-32.18796],[-58.17861,-32.18787],[-58.17833,-32.18861],[-58.17787,-32.1887]],[[-58.17796,-32.18944],[-58.17824,-32.18954],[-58.17843,-32.18907],[-58.1787,-32.18935],[-58.17907,-32.18907],[-58.17972,-32.18954],[-58.18019,-32.18935],[-58.18037,-32.19],[-58.18019,-32.19028],[-58.17963,-32.19019],[-58.17935,-32.18963],[-58.17907,-32.19],[-58.1788,-32.18963],[-58.17787,-32.18991],[-58.17796,-32.18944]],[[-58.17704,-32.18833],[-58.17759,-32.18815],[-58.17778,-32.18852],[-58.17722,-32.18861],[-58.17704,-32.18833]]],[[[-58.17648,-32.17241],[-58.17676,-32.17204],[-58.17648,-32.17148],[-58.17648,-32.17241]]],[[[-58.17389,-32.17574],[-58.17463,-32.17537],[-58.17472,-32.17519],[-58.17407,-32.17537],[-58.17389,-32.17574]]],[[[-58.17704,-32.17093],[-58.17741,-32.1713],[-58.1775,-32.17065],[-58.17704,-32.17093]]],[[[-58.18065,-32.17083],[-58.18037,-32.17019],[-58.18083,-32.17028],[-58.18093,-32.16991],[-58.18009,-32.16981],[-58.18046,-32.16935],[-58.18019,-32.16926],[-58.17981,-32.16972],[-58.17981,-32.17046],[-58.18019,-32.17046],[-58.18065,-32.17111],[-58.1825,-32.17111],[-58.18065,-32.17083]]],[[[-58.18269,-32.17065],[-58.1825,-32.17102],[-58.18296,-32.17111],[-58.18269,-32.17046],[-58.1813,-32.17009],[-58.18176,-32.17056],[-58.18269,-32.17065]]],[[[-58.18296,-32.12639],[-58.18343,-32.12731],[-58.18324,-32.12833],[-58.18343,-32.1275],[-58.1838,-32.12824],[-58.1837,-32.12694],[-58.18333,-32.12667],[-58.18389,-32.12565],[-58.18352,-32.12611],[-58.18296,-32.12611],[-58.18296,-32.12639]]],[[[-58.18176,-32.12657],[-58.18269,-32.12796],[-58.18231,-32.12722],[-58.18213,-32.12611],[-58.18213,-32.12657],[-58.18204,-32.12648],[-58.18176,-32.12657]]],[[[-58.18148,-32.12306],[-58.18241,-32.12333],[-58.18241,-32.12306],[-58.18204,-32.12315],[-58.18157,-32.12278],[-58.18083,-32.12315],[-58.18037,-32.12296],[-58.18037,-32.12333],[-58.18065,-32.1238],[-58.18065,-32.12333],[-58.18111,-32.12343],[-58.1813,-32.12296],[-58.1812,-32.12343],[-58.1813,-32.12407],[-58.18148,-32.12306]]],[[[-58.18176,-32.12463],[-58.18176,-32.12435],[-58.18148,-32.12435],[-58.18176,-32.12481],[-58.18231,-32.12463],[-58.18194,-32.12444],[-58.18241,-32.12398],[-58.18213,-32.1237],[-58.18176,-32.1237],[-58.18194,-32.1238],[-58.18176,-32.12463]]],[[[-58.18241,-32.125],[-58.1825,-32.12407],[-58.18231,-32.12491],[-58.18185,-32.12509],[-58.18185,-32.12546],[-58.18241,-32.125]]],[[[-58.18204,-32.12065],[-58.18269,-32.12074],[-58.18296,-32.12009],[-58.18241,-32.12056],[-58.18204,-32.12065]]],[[[-58.17861,-32.11167],[-58.17889,-32.11194],[-58.1787,-32.11241],[-58.17898,-32.11259],[-58.17898,-32.11324],[-58.17843,-32.11426],[-58.17852,-32.11472],[-58.17815,-32.11454],[-58.17806,-32.11519],[-58.17852,-32.11491],[-58.17861,-32.11537],[-58.17815,-32.11565],[-58.17889,-32.11556],[-58.17861,-32.11667],[-58.1787,-32.11704],[-58.17907,-32.11528],[-58.1788,-32.11528],[-58.1787,-32.11519],[-58.17861,-32.11435],[-58.17917,-32.11315],[-58.17898,-32.11231],[-58.17935,-32.11231],[-58.17954,-32.11194],[-58.17935,-32.11157],[-58.1787,-32.11157],[-58.1787,-32.1112],[-58.17861,-32.11167]]],[[[-58.18019,-32.1038],[-58.18,-32.10333],[-58.17954,-32.10333],[-58.17981,-32.1037],[-58.17954,-32.10389],[-58.18009,-32.10444],[-58.18046,-32.10426],[-58.18083,-32.10454],[-58.18111,-32.10444],[-58.18093,-32.1037],[-58.18083,-32.10398],[-58.18028,-32.10398],[-58.18019,-32.10343],[-58.18019,-32.1038]]],[[[-58.18296,-32.10065],[-58.18278,-32.1],[-58.18278,-32.1013],[-58.18296,-32.10065]]],[[[-58.18074,-32.10056],[-58.18093,-32.10139],[-58.18093,-32.10074],[-58.18157,-32.10056],[-58.18167,-32.1],[-58.18148,-32.10037],[-58.18111,-32.10037],[-58.18102,-32.1],[-58.18074,-32.10056]]],[[[-58.16861,-32.22491],[-58.16889,-32.225],[-58.16889,-32.22454],[-58.1687,-32.22454],[-58.16861,-32.22491]]],[[[-58.1687,-32.22417],[-58.16917,-32.22407],[-58.16963,-32.22343],[-58.1687,-32.2238],[-58.1687,-32.22417]]],[[[-58.16509,-32.21981],[-58.16435,-32.21963],[-58.16481,-32.21944],[-58.16343,-32.21954],[-58.16398,-32.22],[-58.16435,-32.21972],[-58.16481,-32.22028],[-58.16602,-32.21954],[-58.16537,-32.21926],[-58.16491,-32.21944],[-58.16546,-32.21954],[-58.16509,-32.21981]]],[[[-58.1688,-32.18731],[-58.16843,-32.18713],[-58.16833,-32.1875],[-58.16889,-32.18759],[-58.1688,-32.18731]]],[[[-58.16944,-32.18806],[-58.16963,-32.18759],[-58.16889,-32.18759],[-58.16926,-32.18806],[-58.16944,-32.18806]]],[[[-58.16769,-32.18389],[-58.16731,-32.18426],[-58.16778,-32.18444],[-58.16787,-32.18528],[-58.16815,-32.18565],[-58.16769,-32.18389]]],[[[-58.17046,-32.18657],[-58.16963,-32.18657],[-58.16981,-32.18593],[-58.16935,-32.18565],[-58.1687,-32.18602],[-58.16815,-32.18565],[-58.16852,-32.18639],[-58.16935,-32.1863],[-58.16935,-32.18685],[-58.17028,-32.18676],[-58.17056,-32.18704],[-58.17065,-32.18769],[-58.17019,-32.18824],[-58.17213,-32.1875],[-58.17213,-32.18833],[-58.1725,-32.18843],[-58.17222,-32.18824],[-58.17222,-32.18731],[-58.17167,-32.18704],[-58.17093,-32.18704],[-58.17046,-32.18657]]],[[[-58.16852,-32.18343],[-58.16778,-32.18287],[-58.16769,-32.18324],[-58.16833,-32.1837],[-58.16806,-32.18407],[-58.1688,-32.18435],[-58.1688,-32.18315],[-58.16852,-32.18343]]],[[[-58.16972,-32.18194],[-58.16935,-32.18231],[-58.16926,-32.18269],[-58.16963,-32.18259],[-58.16972,-32.18194]]],[[[-58.16491,-32.16843],[-58.16546,-32.16833],[-58.16639,-32.1675],[-58.16556,-32.1675],[-58.16528,-32.16796],[-58.16454,-32.16778],[-58.16398,-32.16815],[-58.16426,-32.1687],[-58.165,-32.1687],[-58.16472,-32.16954],[-58.16509,-32.16935],[-58.16519,-32.1688],[-58.16491,-32.16843]]],[[[-58.16593,-32.16981],[-58.16528,-32.16944],[-58.16472,-32.16991],[-58.16463,-32.16954],[-58.16454,-32.17009],[-58.16546,-32.16991],[-58.16556,-32.17065],[-58.16593,-32.16981]]],[[[-58.1613,-32.17111],[-58.16306,-32.16926],[-58.1637,-32.16935],[-58.1637,-32.16843],[-58.16333,-32.16889],[-58.16287,-32.16889],[-58.1625,-32.16963],[-58.1613,-32.17056],[-58.1613,-32.17111]]],[[[-58.16083,-32.17176],[-58.16111,-32.1725],[-58.1612,-32.17139],[-58.16083,-32.17176]]],[[[-58.16185,-32.17407],[-58.16315,-32.17241],[-58.16343,-32.17296],[-58.16343,-32.17231],[-58.16296,-32.17194],[-58.1638,-32.17139],[-58.1638,-32.17111],[-58.16343,-32.1712],[-58.16269,-32.17037],[-58.16231,-32.17037],[-58.16231,-32.17065],[-58.16241,-32.17111],[-58.16287,-32.17139],[-58.16296,-32.17241],[-58.16259,-32.17259],[-58.1625,-32.17185],[-58.16204,-32.17167],[-58.16185,-32.17241],[-58.16093,-32.17269],[-58.16157,-32.17296],[-58.16157,-32.1738],[-58.16185,-32.17407]]],[[[-58.16676,-32.1637],[-58.16741,-32.16333],[-58.1675,-32.16306],[-58.16593,-32.16315],[-58.16602,-32.1638],[-58.16574,-32.16417],[-58.16602,-32.16407],[-58.1662,-32.16352],[-58.16676,-32.1637]]],[[[-58.16472,-32.16519],[-58.16519,-32.16481],[-58.16435,-32.16481],[-58.16472,-32.16519]]],[[[-58.16981,-32.16148],[-58.17019,-32.16157],[-58.17028,-32.16111],[-58.16944,-32.16046],[-58.16907,-32.16056],[-58.16898,-32.16074],[-58.17,-32.1612],[-58.16954,-32.16139],[-58.16981,-32.16185],[-58.16944,-32.16204],[-58.16935,-32.16259],[-58.16991,-32.16204],[-58.16981,-32.16148]]],[[[-58.16565,-32.16213],[-58.16556,-32.16176],[-58.16593,-32.16167],[-58.16602,-32.16139],[-58.16509,-32.16167],[-58.16528,-32.16065],[-58.16509,-32.16065],[-58.16463,-32.16204],[-58.16426,-32.16231],[-58.16565,-32.16213]]],[[[-58.17,-32.15935],[-58.16889,-32.15907],[-58.16889,-32.1588],[-58.1687,-32.15898],[-58.1688,-32.15926],[-58.17,-32.15935]]],[[[-58.17019,-32.15565],[-58.16954,-32.15593],[-58.16991,-32.15583],[-58.17,-32.15639],[-58.17019,-32.15565]]],[[[-58.1688,-32.15722],[-58.16907,-32.15685],[-58.16898,-32.15685],[-58.16898,-32.15676],[-58.1688,-32.15676],[-58.1687,-32.15667],[-58.16852,-32.15713],[-58.1688,-32.15722]]],[[[-58.1638,-32.15435],[-58.16389,-32.15398],[-58.16333,-32.15398],[-58.16343,-32.15435],[-58.1638,-32.15435]]],[[[-58.1662,-32.15185],[-58.16583,-32.15176],[-58.16657,-32.15111],[-58.1662,-32.15111],[-58.16602,-32.15157],[-58.16537,-32.15167],[-58.16565,-32.15176],[-58.16537,-32.15213],[-58.16611,-32.15204],[-58.16639,-32.15176],[-58.16694,-32.15185],[-58.16704,-32.1512],[-58.1662,-32.15185]]],[[[-58.1688,-32.14926],[-58.16778,-32.14944],[-58.16741,-32.14981],[-58.16787,-32.14954],[-58.16833,-32.14954],[-58.16824,-32.14963],[-58.16833,-32.14981],[-58.1688,-32.14926]]],[[[-58.16472,-32.14741],[-58.16407,-32.14815],[-58.16389,-32.14787],[-58.1637,-32.14852],[-58.16407,-32.14843],[-58.16481,-32.1475],[-58.16509,-32.14759],[-58.16491,-32.14778],[-58.165,-32.14796],[-58.16519,-32.14741],[-58.16472,-32.14741]]],[[[-58.16481,-32.14685],[-58.16472,-32.14722],[-58.165,-32.14731],[-58.16509,-32.14704],[-58.16481,-32.14685]]],[[[-58.1638,-32.14667],[-58.16398,-32.14593],[-58.1637,-32.14537],[-58.1638,-32.14667]]],[[[-58.16389,-32.1437],[-58.16361,-32.14444],[-58.16361,-32.14519],[-58.16389,-32.14435],[-58.16389,-32.1437]]],[[[-58.15861,-32.35],[-58.15935,-32.34963],[-58.15954,-32.35],[-58.15981,-32.34954],[-58.15889,-32.34954],[-58.15861,-32.34972],[-58.15861,-32.35]]],[[[-58.16148,-32.34685],[-58.1612,-32.34657],[-58.16083,-32.34648],[-58.16111,-32.34694],[-58.16148,-32.34685]]],[[[-58.16148,-32.21935],[-58.16111,-32.2188],[-58.16009,-32.21917],[-58.16,-32.21898],[-58.15944,-32.21889],[-58.15917,-32.21815],[-58.15944,-32.21796],[-58.15935,-32.2175],[-58.15991,-32.21704],[-58.1587,-32.21685],[-58.15843,-32.21648],[-58.15759,-32.21667],[-58.15731,-32.2162],[-58.15704,-32.21611],[-58.1575,-32.21676],[-58.15833,-32.21676],[-58.15824,-32.21731],[-58.15759,-32.21713],[-58.15806,-32.21741],[-58.15806,-32.21833],[-58.15833,-32.21824],[-58.15815,-32.21778],[-58.1587,-32.21769],[-58.1587,-32.21713],[-58.15926,-32.21704],[-58.15889,-32.21806],[-58.15926,-32.21917],[-58.1612,-32.21926],[-58.16074,-32.22009],[-58.15926,-32.21981],[-58.15898,-32.22019],[-58.15935,-32.22037],[-58.15963,-32.22009],[-58.15944,-32.22074],[-58.16037,-32.22056],[-58.16019,-32.22102],[-58.15954,-32.2212],[-58.15981,-32.22204],[-58.16185,-32.22157],[-58.16352,-32.22157],[-58.16389,-32.22185],[-58.16435,-32.22148],[-58.16444,-32.22269],[-58.1637,-32.22343],[-58.1638,-32.22389],[-58.16565,-32.22157],[-58.16657,-32.22157],[-58.16667,-32.22213],[-58.16713,-32.22222],[-58.16722,-32.22176],[-58.16769,-32.22148],[-58.1675,-32.22213],[-58.16778,-32.22231],[-58.16787,-32.2237],[-58.16833,-32.2238],[-58.16833,-32.22333],[-58.16889,-32.22343],[-58.16852,-32.22204],[-58.16806,-32.22185],[-58.16843,-32.22148],[-58.16787,-32.22139],[-58.16769,-32.22102],[-58.16713,-32.22139],[-58.16694,-32.2212],[-58.16704,-32.22065],[-58.16815,-32.22046],[-58.16824,-32.22009],[-58.16769,-32.21954],[-58.16722,-32.22009],[-58.16667,-32.22009],[-58.16694,-32.22046],[-58.16657,-32.22102],[-58.16593,-32.22111],[-58.16546,-32.22065],[-58.16519,-32.22065],[-58.16519,-32.22102],[-58.16472,-32.2212],[-58.16519,-32.22176],[-58.16491,-32.22213],[-58.16444,-32.22148],[-58.16463,-32.22111],[-58.16426,-32.22111],[-58.16417,-32.22065],[-58.1637,-32.22037],[-58.16343,-32.22046],[-58.16417,-32.2212],[-58.1638,-32.22157],[-58.16204,-32.2213],[-58.16009,-32.22185],[-58.16,-32.22139],[-58.1613,-32.21981],[-58.16167,-32.21972],[-58.16139,-32.22019],[-58.16194,-32.22046],[-58.16185,-32.21954],[-58.16278,-32.21954],[-58.16269,-32.22],[-58.1625,-32.21972],[-58.16222,-32.22],[-58.1625,-32.22028],[-58.16324,-32.22028],[-58.16287,-32.22019],[-58.16278,-32.21935],[-58.16148,-32.21935]]],[[[-58.16074,-32.20213],[-58.16019,-32.2012],[-58.16028,-32.20185],[-58.16,-32.20194],[-58.15991,-32.20222],[-58.16074,-32.20213]]],[[[-58.15963,-32.20204],[-58.1587,-32.20185],[-58.15861,-32.20213],[-58.1587,-32.20241],[-58.15954,-32.20231],[-58.15963,-32.20269],[-58.15991,-32.20241],[-58.15963,-32.20204]]],[[[-58.15898,-32.20296],[-58.15944,-32.20269],[-58.1587,-32.20269],[-58.15898,-32.20296]]],[[[-58.15926,-32.19185],[-58.15898,-32.19241],[-58.15954,-32.19287],[-58.15963,-32.19259],[-58.15954,-32.19259],[-58.15954,-32.1925],[-58.15926,-32.19241],[-58.15926,-32.19185]]],[[[-58.1613,-32.19],[-58.16157,-32.18981],[-58.16139,-32.18917],[-58.1613,-32.18917],[-58.1613,-32.19]]],[[[-58.1613,-32.19],[-58.16019,-32.19028],[-58.15981,-32.1913],[-58.16019,-32.1912],[-58.16083,-32.19037],[-58.1612,-32.19102],[-58.1613,-32.19]]],[[[-58.16111,-32.19102],[-58.16074,-32.19157],[-58.16074,-32.19176],[-58.16111,-32.19139],[-58.16111,-32.19102]]],[[[-58.15991,-32.17565],[-58.16056,-32.17509],[-58.16009,-32.17491],[-58.15991,-32.17565]]],[[[-58.16065,-32.17491],[-58.16176,-32.17463],[-58.16139,-32.17417],[-58.16102,-32.17426],[-58.16102,-32.17463],[-58.16056,-32.17454],[-58.16065,-32.17491]]],[[[-58.16231,-32.17407],[-58.16241,-32.17454],[-58.16148,-32.17537],[-58.16204,-32.17574],[-58.16269,-32.17556],[-58.16213,-32.17528],[-58.16213,-32.17491],[-58.16315,-32.17454],[-58.16269,-32.17444],[-58.16296,-32.1738],[-58.16231,-32.17407]]],[[[-58.15991,-32.16861],[-58.15843,-32.16963],[-58.15889,-32.16944],[-58.15935,-32.17019],[-58.15991,-32.16944],[-58.15991,-32.16861]]],[[[-58.16222,-32.16602],[-58.16102,-32.1675],[-58.16074,-32.16713],[-58.16037,-32.16722],[-58.16009,-32.16769],[-58.1613,-32.16769],[-58.16204,-32.16676],[-58.16222,-32.16602]]],[[[-58.16028,-32.16213],[-58.16046,-32.16176],[-58.16028,-32.16148],[-58.16009,-32.16176],[-58.16028,-32.16213]]],[[[-58.15907,-32.15926],[-58.15907,-32.15991],[-58.15917,-32.15991],[-58.15935,-32.15917],[-58.15907,-32.15926]]],[[[-58.16102,-32.1575],[-58.16093,-32.15778],[-58.16111,-32.15806],[-58.16102,-32.15694],[-58.16065,-32.15722],[-58.16056,-32.15648],[-58.16056,-32.15731],[-58.16102,-32.1575]]],[[[-58.16296,-32.15778],[-58.16361,-32.15472],[-58.16306,-32.15389],[-58.16296,-32.15778]]],[[[-58.16231,-32.15787],[-58.16231,-32.15722],[-58.16231,-32.15648],[-58.16204,-32.15731],[-58.16231,-32.15787]]],[[[-58.16222,-32.15481],[-58.16167,-32.155],[-58.16167,-32.15519],[-58.16204,-32.15509],[-58.16204,-32.15546],[-58.16231,-32.15565],[-58.16222,-32.15481]]],[[[-58.16065,-32.14537],[-58.16157,-32.14676],[-58.16213,-32.14278],[-58.1613,-32.14296],[-58.16194,-32.14315],[-58.16185,-32.14407],[-58.16111,-32.14426],[-58.16167,-32.14491],[-58.16157,-32.14602],[-58.1612,-32.14611],[-58.16093,-32.14546],[-58.16065,-32.14537]]],[[[-58.15954,-32.14481],[-58.15972,-32.14537],[-58.16065,-32.14537],[-58.15991,-32.14509],[-58.16019,-32.14444],[-58.15954,-32.14481]]],[[[-58.16065,-32.14407],[-58.16102,-32.14398],[-58.16111,-32.14315],[-58.16065,-32.1438],[-58.16065,-32.14407]]],[[[-58.16157,-32.14093],[-58.16194,-32.14074],[-58.16204,-32.14028],[-58.16148,-32.14028],[-58.1612,-32.14065],[-58.16148,-32.1412],[-58.1613,-32.14185],[-58.16176,-32.14139],[-58.16157,-32.14093]]],[[[-58.15991,-32.14222],[-58.16028,-32.14167],[-58.15954,-32.14222],[-58.15991,-32.14222]]],[[[-58.16019,-32.13787],[-58.15981,-32.1375],[-58.15954,-32.1375],[-58.15981,-32.13787],[-58.16019,-32.13787]]],[[[-58.1587,-32.13056],[-58.15852,-32.12907],[-58.15852,-32.12991],[-58.15833,-32.12917],[-58.15833,-32.13046],[-58.15806,-32.13056],[-58.15843,-32.13065],[-58.15833,-32.13139],[-58.1588,-32.13157],[-58.15796,-32.13167],[-58.15806,-32.13213],[-58.15843,-32.13222],[-58.15796,-32.13296],[-58.15833,-32.13287],[-58.15861,-32.13194],[-58.15963,-32.1312],[-58.15944,-32.13102],[-58.15917,-32.1313],[-58.15907,-32.13056],[-58.15843,-32.1312],[-58.1587,-32.13056]]],[[[-58.16102,-32.12852],[-58.16046,-32.12898],[-58.16028,-32.12981],[-58.16102,-32.12907],[-58.16102,-32.12852]]],[[[-58.1588,-32.13296],[-58.15861,-32.13259],[-58.15833,-32.13287],[-58.15833,-32.13333],[-58.15852,-32.13333],[-58.1588,-32.13296]]],[[[-58.15769,-32.13343],[-58.15759,-32.1338],[-58.15778,-32.13361],[-58.15815,-32.1338],[-58.15815,-32.13343],[-58.15769,-32.13343]]],[[[-58.16111,-32.12806],[-58.16176,-32.12667],[-58.1613,-32.12667],[-58.16083,-32.12731],[-58.16111,-32.12806]]],[[[-58.15815,-32.34935],[-58.15843,-32.34963],[-58.15861,-32.34898],[-58.15843,-32.34898],[-58.15815,-32.34935]]],[[[-58.15769,-32.34981],[-58.15759,-32.34944],[-58.15787,-32.34898],[-58.1575,-32.34935],[-58.15713,-32.34926],[-58.1575,-32.34954],[-58.1575,-32.35],[-58.15806,-32.34972],[-58.15769,-32.34981]]],[[[-58.15769,-32.21926],[-58.15704,-32.21935],[-58.15713,-32.22037],[-58.15713,-32.21972],[-58.15769,-32.21954],[-58.15769,-32.21926]]],[[[-58.15731,-32.22102],[-58.15685,-32.2213],[-58.15741,-32.2212],[-58.15769,-32.22028],[-58.15722,-32.22037],[-58.15731,-32.22102]]],[[[-58.15843,-32.21954],[-58.15769,-32.21981],[-58.15769,-32.22028],[-58.15889,-32.22019],[-58.15843,-32.21954]]],[[[-58.15667,-32.20407],[-58.15667,-32.2038],[-58.1563,-32.2037],[-58.15648,-32.20407],[-58.15583,-32.20481],[-58.15583,-32.20602],[-58.15593,-32.20556],[-58.1563,-32.20593],[-58.1563,-32.2062],[-58.15593,-32.20611],[-58.15611,-32.2063],[-58.15648,-32.2063],[-58.1562,-32.20481],[-58.15769,-32.20389],[-58.15704,-32.2038],[-58.15731,-32.20361],[-58.15676,-32.20343],[-58.15713,-32.20407],[-58.15667,-32.20407]]],[[[-58.15454,-32.20139],[-58.15454,-32.20093],[-58.15417,-32.20074],[-58.15417,-32.20093],[-58.15454,-32.20139]]],[[[-58.15815,-32.20093],[-58.15787,-32.20213],[-58.15824,-32.20111],[-58.1587,-32.20083],[-58.1588,-32.20083],[-58.1588,-32.20102],[-58.15889,-32.20102],[-58.1588,-32.20065],[-58.15815,-32.20093]]],[[[-58.15815,-32.19454],[-58.15852,-32.19417],[-58.15806,-32.19398],[-58.15898,-32.1938],[-58.1588,-32.19352],[-58.1575,-32.1937],[-58.15815,-32.19454]]],[[[-58.15593,-32.17657],[-58.15657,-32.1762],[-58.15676,-32.17546],[-58.15713,-32.17537],[-58.15593,-32.17528],[-58.15593,-32.1762],[-58.15537,-32.17667],[-58.15565,-32.17676],[-58.15574,-32.17648],[-58.15574,-32.17713],[-58.15528,-32.1775],[-58.15528,-32.17806],[-58.15583,-32.17722],[-58.15593,-32.17657]]],[[[-58.1575,-32.17759],[-58.15722,-32.17676],[-58.15676,-32.17667],[-58.15676,-32.17713],[-58.15731,-32.17759],[-58.15704,-32.17796],[-58.15769,-32.17815],[-58.15731,-32.17796],[-58.1575,-32.17759]]],[[[-58.15694,-32.17306],[-58.15694,-32.17185],[-58.15667,-32.17185],[-58.1562,-32.1725],[-58.15657,-32.1713],[-58.15556,-32.17204],[-58.15611,-32.17204],[-58.15565,-32.17296],[-58.15593,-32.17324],[-58.15685,-32.17194],[-58.15667,-32.1738],[-58.15676,-32.17454],[-58.15713,-32.17444],[-58.1575,-32.17343],[-58.15694,-32.17306]]],[[[-58.15778,-32.17306],[-58.15769,-32.17194],[-58.15759,-32.17306],[-58.15778,-32.17306]]],[[[-58.15676,-32.16769],[-58.1563,-32.16759],[-58.15593,-32.16824],[-58.15657,-32.16824],[-58.15648,-32.16787],[-58.15713,-32.16778],[-58.15694,-32.16759],[-58.15713,-32.16731],[-58.15731,-32.16731],[-58.15731,-32.16704],[-58.15676,-32.16769]]],[[[-58.15889,-32.1637],[-58.1587,-32.16398],[-58.15907,-32.16435],[-58.15907,-32.16389],[-58.15889,-32.1637]]],[[[-58.1588,-32.15944],[-58.15889,-32.15917],[-58.15861,-32.15917],[-58.1588,-32.15935],[-58.15852,-32.15963],[-58.15833,-32.15935],[-58.15833,-32.15972],[-58.15852,-32.15981],[-58.1588,-32.15944]]],[[[-58.15981,-32.15389],[-58.16009,-32.15407],[-58.15954,-32.15454],[-58.15963,-32.15491],[-58.16028,-32.15407],[-58.15981,-32.15389]]],[[[-58.15769,-32.15796],[-58.15722,-32.1587],[-58.15722,-32.15907],[-58.15759,-32.15861],[-58.15769,-32.15796]]],[[[-58.15667,-32.15685],[-58.15454,-32.15722],[-58.15472,-32.15694],[-58.15463,-32.15676],[-58.15444,-32.15694],[-58.15454,-32.15769],[-58.15472,-32.15731],[-58.15574,-32.15741],[-58.15648,-32.15694],[-58.15667,-32.15713],[-58.15667,-32.15685]]],[[[-58.15833,-32.15546],[-58.1587,-32.15417],[-58.15917,-32.1537],[-58.15843,-32.15398],[-58.15852,-32.15435],[-58.15787,-32.15546],[-58.15806,-32.15528],[-58.15833,-32.15546]]],[[[-58.15574,-32.1563],[-58.15528,-32.15648],[-58.15685,-32.15648],[-58.15574,-32.1563]]],[[[-58.15593,-32.1538],[-58.1563,-32.1538],[-58.15602,-32.15333],[-58.15593,-32.15333],[-58.15593,-32.1538]]],[[[-58.15991,-32.14713],[-58.16065,-32.1462],[-58.16019,-32.14574],[-58.15981,-32.14574],[-58.15944,-32.14639],[-58.15843,-32.14704],[-58.15907,-32.14704],[-58.15954,-32.14824],[-58.15824,-32.14907],[-58.15741,-32.14907],[-58.15713,-32.14954],[-58.1562,-32.14944],[-58.1562,-32.15009],[-58.15556,-32.15009],[-58.15537,-32.14981],[-58.15509,-32.15037],[-58.15528,-32.15083],[-58.15398,-32.15204],[-58.15417,-32.15269],[-58.1537,-32.15287],[-58.15454,-32.15269],[-58.15454,-32.15194],[-58.15574,-32.15185],[-58.15574,-32.1512],[-58.15565,-32.1513],[-58.15519,-32.1512],[-58.15593,-32.15037],[-58.15657,-32.15065],[-58.15704,-32.15019],[-58.15694,-32.14981],[-58.15741,-32.14981],[-58.15722,-32.15],[-58.15741,-32.15028],[-58.15796,-32.14972],[-58.15852,-32.14972],[-58.15843,-32.14898],[-58.16019,-32.14824],[-58.16093,-32.14731],[-58.1613,-32.14731],[-58.1613,-32.14815],[-58.16148,-32.14806],[-58.16148,-32.14694],[-58.16074,-32.14731],[-58.16019,-32.14741],[-58.15991,-32.14713]],[[-58.1575,-32.14972],[-58.15759,-32.14917],[-58.15806,-32.14926],[-58.15796,-32.14972],[-58.1575,-32.14972]]],[[[-58.15907,-32.15056],[-58.15898,-32.15009],[-58.15963,-32.15],[-58.1588,-32.15],[-58.15852,-32.15056],[-58.15852,-32.15102],[-58.15917,-32.15102],[-58.15861,-32.15074],[-58.15907,-32.15056]]],[[[-58.16102,-32.15009],[-58.16065,-32.14991],[-58.16046,-32.15046],[-58.15972,-32.15037],[-58.16,-32.15074],[-58.15954,-32.15093],[-58.16,-32.15093],[-58.15981,-32.1513],[-58.16046,-32.1512],[-58.16046,-32.15185],[-58.15981,-32.15157],[-58.15954,-32.15194],[-58.16056,-32.15194],[-58.16056,-32.15102],[-58.16019,-32.15065],[-58.16046,-32.15065],[-58.16074,-32.15019],[-58.16139,-32.15028],[-58.16148,-32.15037],[-58.1613,-32.15056],[-58.16139,-32.15074],[-58.16157,-32.15056],[-58.16157,-32.14981],[-58.16102,-32.15009]]],[[[-58.15556,-32.15528],[-58.15565,-32.15611],[-58.1562,-32.15611],[-58.15676,-32.15537],[-58.15741,-32.15528],[-58.15741,-32.15481],[-58.1563,-32.15574],[-58.15565,-32.15546],[-58.15593,-32.155],[-58.15583,-32.15481],[-58.15556,-32.15528]]],[[[-58.15759,-32.15259],[-58.15676,-32.15352],[-58.15667,-32.1538],[-58.15731,-32.15333],[-58.15759,-32.15259]]],[[[-58.15796,-32.15204],[-58.15741,-32.15222],[-58.15778,-32.15259],[-58.15796,-32.15204]]],[[[-58.15315,-32.15269],[-58.15278,-32.15315],[-58.1537,-32.15269],[-58.15315,-32.15269]]],[[[-58.15204,-32.15556],[-58.15176,-32.15546],[-58.15213,-32.15519],[-58.15204,-32.15454],[-58.15296,-32.15435],[-58.15287,-32.15333],[-58.15259,-32.15407],[-58.15204,-32.15426],[-58.15167,-32.15509],[-58.15167,-32.15556],[-58.15194,-32.15602],[-58.15148,-32.15593],[-58.1512,-32.15639],[-58.15204,-32.15611],[-58.15204,-32.15556]]],[[[-58.15769,-32.14815],[-58.15796,-32.14796],[-58.15824,-32.14824],[-58.15833,-32.14787],[-58.15787,-32.14787],[-58.15778,-32.14731],[-58.15759,-32.14713],[-58.15741,-32.14769],[-58.15769,-32.14815]]],[[[-58.15769,-32.14639],[-58.15787,-32.1463],[-58.15796,-32.14546],[-58.15778,-32.14565],[-58.15769,-32.14639]]],[[[-58.15565,-32.14898],[-58.15722,-32.1475],[-58.15722,-32.14704],[-58.15769,-32.14704],[-58.15769,-32.14639],[-58.1575,-32.14685],[-58.15713,-32.14685],[-58.15713,-32.14741],[-58.15657,-32.14731],[-58.1562,-32.14778],[-58.15565,-32.14898]]],[[[-58.15704,-32.14722],[-58.15741,-32.14546],[-58.15667,-32.14731],[-58.15704,-32.14722]]],[[[-58.15833,-32.14343],[-58.15787,-32.14426],[-58.1588,-32.14315],[-58.15833,-32.14343]]],[[[-58.15583,-32.14176],[-58.15537,-32.14296],[-58.1563,-32.14213],[-58.15593,-32.14222],[-58.15583,-32.14176]]],[[[-58.15565,-32.13944],[-58.15537,-32.13861],[-58.15509,-32.13852],[-58.15528,-32.1387],[-58.15509,-32.13917],[-58.15565,-32.13944]]],[[[-58.15611,-32.13722],[-58.1563,-32.13685],[-58.1563,-32.13648],[-58.15602,-32.13676],[-58.15611,-32.13722]]],[[[-58.1575,-32.13269],[-58.15731,-32.13157],[-58.15796,-32.13148],[-58.15731,-32.13139],[-58.15704,-32.13176],[-58.15713,-32.13296],[-58.1575,-32.13269]]],[[[-58.15694,-32.13269],[-58.15648,-32.13306],[-58.15713,-32.13306],[-58.15694,-32.13269]]],[[[-58.15852,-32.12676],[-58.15815,-32.12704],[-58.15833,-32.12796],[-58.15806,-32.12824],[-58.15843,-32.12815],[-58.15852,-32.12676]]],[[[-58.15769,-32.12796],[-58.15759,-32.12833],[-58.15778,-32.1288],[-58.15796,-32.12833],[-58.15769,-32.12796]]],[[[-58.15852,-32.12833],[-58.15898,-32.12824],[-58.15907,-32.12759],[-58.15852,-32.12787],[-58.15852,-32.12833]]],[[[-58.15574,-32.10787],[-58.15611,-32.10935],[-58.15593,-32.10778],[-58.15639,-32.10787],[-58.15648,-32.10861],[-58.15667,-32.1087],[-58.15657,-32.10787],[-58.15602,-32.10769],[-58.15639,-32.1075],[-58.15639,-32.10722],[-58.1562,-32.10704],[-58.15593,-32.10704],[-58.15574,-32.10787]]],[[[-58.15815,-32.10046],[-58.15861,-32.10037],[-58.15907,-32.10065],[-58.15935,-32.10019],[-58.15815,-32.10019],[-58.15787,-32.1013],[-58.15833,-32.10074],[-58.15815,-32.10046]]],[[[-58.1587,-32.10194],[-58.15741,-32.10259],[-58.15694,-32.10231],[-58.15685,-32.10269],[-58.1575,-32.10324],[-58.15657,-32.10343],[-58.15676,-32.10389],[-58.15731,-32.10389],[-58.15685,-32.10481],[-58.15648,-32.10417],[-58.15583,-32.10426],[-58.15593,-32.10472],[-58.15639,-32.10481],[-58.15611,-32.105],[-58.1562,-32.10667],[-58.15657,-32.10657],[-58.15639,-32.10565],[-58.15722,-32.10472],[-58.1575,-32.10361],[-58.15796,-32.10361],[-58.15796,-32.10417],[-58.15824,-32.10417],[-58.1588,-32.10315],[-58.15907,-32.10231],[-58.1587,-32.10194]],[[-58.1588,-32.10213],[-58.15852,-32.10333],[-58.15815,-32.10333],[-58.15833,-32.10287],[-58.15759,-32.10259],[-58.1588,-32.10213]]],[[[-58.15722,-32.10472],[-58.15667,-32.10583],[-58.1575,-32.10481],[-58.15778,-32.10481],[-58.15778,-32.10472],[-58.15796,-32.10472],[-58.15796,-32.10463],[-58.15722,-32.10472]]],[[[-58.15148,-32.34704],[-58.15204,-32.34769],[-58.15204,-32.34722],[-58.15148,-32.34704]]],[[[-58.15278,-32.34824],[-58.15296,-32.34796],[-58.1525,-32.34787],[-58.1525,-32.34806],[-58.15278,-32.34824]]],[[[-58.15361,-32.34843],[-58.15324,-32.34815],[-58.15287,-32.34843],[-58.15361,-32.34843]]],[[[-58.15333,-32.34852],[-58.15407,-32.34889],[-58.15426,-32.34796],[-58.15398,-32.34796],[-58.15407,-32.34852],[-58.15333,-32.34852]]],[[[-58.15546,-32.34769],[-58.15417,-32.34759],[-58.15426,-32.34796],[-58.15491,-32.34787],[-58.15519,-32.34815],[-58.15546,-32.34769]]],[[[-58.14463,-32.33463],[-58.14472,-32.33556],[-58.14491,-32.335],[-58.14463,-32.33463]]],[[[-58.14481,-32.33574],[-58.14537,-32.33639],[-58.14602,-32.33657],[-58.14694,-32.33769],[-58.14769,-32.33769],[-58.14778,-32.33796],[-58.14722,-32.33833],[-58.14769,-32.33824],[-58.14741,-32.33861],[-58.14824,-32.3388],[-58.14806,-32.33843],[-58.14852,-32.33824],[-58.14861,-32.33852],[-58.14907,-32.33787],[-58.14907,-32.33833],[-58.1487,-32.33861],[-58.14898,-32.3387],[-58.1487,-32.33935],[-58.14907,-32.33926],[-58.14907,-32.33972],[-58.14944,-32.33981],[-58.14991,-32.33898],[-58.15037,-32.33898],[-58.15056,-32.33972],[-58.14991,-32.33963],[-58.14981,-32.34019],[-58.15037,-32.34065],[-58.1512,-32.34074],[-58.14991,-32.34102],[-58.15083,-32.3413],[-58.15093,-32.34102],[-58.1513,-32.3412],[-58.15194,-32.34083],[-58.15287,-32.34167],[-58.15287,-32.34093],[-58.15231,-32.34102],[-58.15204,-32.34074],[-58.15204,-32.34],[-58.15269,-32.34],[-58.15287,-32.34056],[-58.15324,-32.34046],[-58.15333,-32.33981],[-58.15278,-32.33935],[-58.15315,-32.33917],[-58.15324,-32.33843],[-58.1525,-32.33833],[-58.15222,-32.33898],[-58.1525,-32.33935],[-58.15194,-32.33917],[-58.15176,-32.33815],[-58.15083,-32.33778],[-58.15093,-32.3375],[-58.1513,-32.33778],[-58.15157,-32.33704],[-58.15074,-32.33694],[-58.15065,-32.33741],[-58.15028,-32.33741],[-58.15028,-32.33667],[-58.15074,-32.33648],[-58.14778,-32.33556],[-58.14769,-32.33713],[-58.14796,-32.33722],[-58.14833,-32.33676],[-58.14861,-32.33685],[-58.14861,-32.33769],[-58.14806,-32.33815],[-58.14787,-32.33759],[-58.14694,-32.3375],[-58.14704,-32.3362],[-58.14657,-32.33583],[-58.14667,-32.33694],[-58.14611,-32.33667],[-58.14602,-32.33602],[-58.14556,-32.33611],[-58.14593,-32.33565],[-58.14546,-32.33593],[-58.145,-32.33556],[-58.14481,-32.33574]],[[-58.14963,-32.33787],[-58.14917,-32.33769],[-58.1487,-32.33787],[-58.1487,-32.33722],[-58.14972,-32.3375],[-58.14963,-32.33787]],[[-58.15157,-32.33935],[-58.15111,-32.33907],[-58.1512,-32.33861],[-58.15176,-32.3388],[-58.15157,-32.33935]],[[-58.15056,-32.34056],[-58.15,-32.33981],[-58.1512,-32.34046],[-58.15056,-32.34056]]],[[[-58.15546,-32.3425],[-58.15426,-32.34204],[-58.15407,-32.34148],[-58.15333,-32.34157],[-58.1537,-32.34093],[-58.15306,-32.3412],[-58.15315,-32.34157],[-58.15287,-32.34176],[-58.15398,-32.34176],[-58.15398,-32.34259],[-58.15426,-32.34259],[-58.15398,-32.34278],[-58.15472,-32.34259],[-58.15472,-32.34296],[-58.15509,-32.34324],[-58.15583,-32.34324],[-58.15574,-32.34278],[-58.15611,-32.34241],[-58.15546,-32.3425]]],[[[-58.15741,-32.34333],[-58.15648,-32.3437],[-58.15704,-32.34361],[-58.15704,-32.34407],[-58.15824,-32.34463],[-58.15824,-32.34426],[-58.15759,-32.34407],[-58.15741,-32.34333]]],[[[-58.15454,-32.32185],[-58.15509,-32.32148],[-58.15417,-32.3212],[-58.15454,-32.32185]]],[[[-58.15296,-32.21796],[-58.15204,-32.21731],[-58.15176,-32.21769],[-58.15296,-32.21796]]],[[[-58.15648,-32.21759],[-58.15574,-32.21667],[-58.15509,-32.21685],[-58.15472,-32.21593],[-58.15444,-32.2163],[-58.1537,-32.21639],[-58.15454,-32.21648],[-58.15407,-32.21676],[-58.1537,-32.21657],[-58.15398,-32.21694],[-58.15472,-32.21713],[-58.15574,-32.21685],[-58.15648,-32.21759]]],[[[-58.15241,-32.21556],[-58.1525,-32.21704],[-58.15269,-32.21704],[-58.15296,-32.21694],[-58.15269,-32.21685],[-58.15278,-32.21574],[-58.15241,-32.21556]]],[[[-58.15435,-32.21583],[-58.15398,-32.21574],[-58.15343,-32.21593],[-58.15315,-32.2162],[-58.15324,-32.21657],[-58.15343,-32.21611],[-58.15435,-32.21583]]],[[[-58.15574,-32.21509],[-58.15435,-32.21435],[-58.15565,-32.21546],[-58.15574,-32.21509]]],[[[-58.15435,-32.21278],[-58.15417,-32.2113],[-58.15417,-32.21269],[-58.1537,-32.21333],[-58.15435,-32.21278]]],[[[-58.15481,-32.21019],[-58.15491,-32.20954],[-58.15472,-32.21028],[-58.15574,-32.21093],[-58.15546,-32.21037],[-58.15481,-32.21019]]],[[[-58.15389,-32.20926],[-58.15352,-32.20926],[-58.15315,-32.20963],[-58.1538,-32.20972],[-58.15389,-32.20926]]],[[[-58.15556,-32.19583],[-58.15509,-32.1962],[-58.15481,-32.19648],[-58.15565,-32.1963],[-58.15556,-32.19583]]],[[[-58.15407,-32.19843],[-58.15435,-32.19722],[-58.15389,-32.19759],[-58.15398,-32.19824],[-58.15361,-32.19843],[-58.15407,-32.19843]]],[[[-58.15269,-32.17981],[-58.15204,-32.18111],[-58.15241,-32.18111],[-58.1525,-32.18056],[-58.15306,-32.18056],[-58.15269,-32.18046],[-58.15269,-32.17981]]],[[[-58.15343,-32.17722],[-58.1538,-32.1775],[-58.15389,-32.17722],[-58.1538,-32.17676],[-58.15343,-32.17722]]],[[[-58.15287,-32.17787],[-58.15333,-32.17778],[-58.15343,-32.17806],[-58.15361,-32.1775],[-58.15315,-32.17741],[-58.15287,-32.17787]]],[[[-58.15259,-32.17843],[-58.15324,-32.17824],[-58.15278,-32.17787],[-58.15259,-32.17843]]],[[[-58.15426,-32.17556],[-58.15417,-32.17611],[-58.1538,-32.17574],[-58.15352,-32.17593],[-58.15398,-32.17648],[-58.15519,-32.17481],[-58.15481,-32.17472],[-58.15426,-32.17556]]],[[[-58.15407,-32.17546],[-58.15417,-32.17463],[-58.15398,-32.17472],[-58.1538,-32.17444],[-58.15398,-32.17491],[-58.1537,-32.175],[-58.1537,-32.17556],[-58.15407,-32.17546]]],[[[-58.15296,-32.17102],[-58.1525,-32.17167],[-58.1525,-32.17194],[-58.15306,-32.17139],[-58.15296,-32.17102]]],[[[-58.15213,-32.17157],[-58.15185,-32.17231],[-58.15204,-32.17269],[-58.1525,-32.17222],[-58.15213,-32.17157]]],[[[-58.15556,-32.16139],[-58.15593,-32.1612],[-58.15602,-32.16037],[-58.15574,-32.1613],[-58.15537,-32.16037],[-58.155,-32.16111],[-58.155,-32.16194],[-58.15519,-32.16111],[-58.15556,-32.16139]]],[[[-58.155,-32.16194],[-58.15481,-32.16269],[-58.15481,-32.16306],[-58.15509,-32.16315],[-58.15491,-32.16343],[-58.155,-32.16398],[-58.15417,-32.16444],[-58.15472,-32.16472],[-58.15398,-32.16537],[-58.15444,-32.16565],[-58.15435,-32.16602],[-58.15463,-32.16574],[-58.15454,-32.16509],[-58.15556,-32.16407],[-58.15556,-32.16306],[-58.15537,-32.16324],[-58.15491,-32.16296],[-58.155,-32.16194]]],[[[-58.15352,-32.16685],[-58.15417,-32.1662],[-58.15352,-32.16676],[-58.15287,-32.16648],[-58.15231,-32.16704],[-58.15352,-32.16685]]],[[[-58.15204,-32.16787],[-58.15167,-32.16759],[-58.15231,-32.16741],[-58.15231,-32.16704],[-58.15148,-32.16759],[-58.15185,-32.16806],[-58.15259,-32.16815],[-58.15241,-32.16963],[-58.15167,-32.17028],[-58.15176,-32.17065],[-58.15204,-32.17028],[-58.15222,-32.17046],[-58.15204,-32.17093],[-58.15204,-32.17139],[-58.15222,-32.17148],[-58.15213,-32.17111],[-58.15241,-32.17102],[-58.15269,-32.17028],[-58.15259,-32.16917],[-58.15278,-32.16778],[-58.15204,-32.16787]]],[[[-58.15148,-32.1725],[-58.15176,-32.17222],[-58.15176,-32.17176],[-58.15167,-32.17176],[-58.15148,-32.1725]]],[[[-58.15074,-32.17546],[-58.15139,-32.17407],[-58.15148,-32.1725],[-58.15111,-32.17343],[-58.1512,-32.17407],[-58.14981,-32.17611],[-58.15046,-32.17639],[-58.15019,-32.17593],[-58.15074,-32.17546]]],[[[-58.14926,-32.17722],[-58.15,-32.17713],[-58.15009,-32.17769],[-58.15028,-32.17667],[-58.15019,-32.17639],[-58.14972,-32.17657],[-58.14981,-32.17611],[-58.14926,-32.17694],[-58.14926,-32.17722]]],[[[-58.15333,-32.16435],[-58.15361,-32.16389],[-58.15324,-32.1638],[-58.15259,-32.16398],[-58.1525,-32.16444],[-58.15204,-32.16454],[-58.15278,-32.16463],[-58.15287,-32.16398],[-58.15343,-32.16398],[-58.15333,-32.16435]]],[[[-58.15139,-32.16361],[-58.15074,-32.16546],[-58.1513,-32.16556],[-58.1512,-32.16481],[-58.15157,-32.16435],[-58.15148,-32.16389],[-58.15269,-32.16352],[-58.15296,-32.16315],[-58.1525,-32.16287],[-58.15241,-32.16352],[-58.15139,-32.16361]]],[[[-58.14926,-32.1637],[-58.14889,-32.16287],[-58.14898,-32.16167],[-58.14972,-32.16213],[-58.15056,-32.16231],[-58.15028,-32.1637],[-58.15056,-32.16426],[-58.15139,-32.16361],[-58.1513,-32.16259],[-58.15102,-32.16222],[-58.14981,-32.16204],[-58.14954,-32.16157],[-58.1488,-32.16148],[-58.1488,-32.16306],[-58.14917,-32.1637],[-58.14889,-32.1638],[-58.14898,-32.16417],[-58.14926,-32.1637]]],[[[-58.15426,-32.16657],[-58.15398,-32.16704],[-58.15435,-32.16676],[-58.15472,-32.16741],[-58.15491,-32.16648],[-58.15426,-32.16657]]],[[[-58.15315,-32.16481],[-58.15315,-32.16537],[-58.15259,-32.16556],[-58.15241,-32.16602],[-58.15324,-32.16574],[-58.15324,-32.16537],[-58.1537,-32.16519],[-58.15315,-32.16481]]],[[[-58.15463,-32.15954],[-58.15519,-32.15907],[-58.15398,-32.15917],[-58.1538,-32.15963],[-58.15398,-32.15935],[-58.15463,-32.15954]]],[[[-58.15398,-32.15981],[-58.15407,-32.16019],[-58.1538,-32.16037],[-58.1538,-32.16083],[-58.15426,-32.16009],[-58.15426,-32.15972],[-58.15398,-32.15981]]],[[[-58.15509,-32.15324],[-58.15546,-32.15306],[-58.15546,-32.15287],[-58.15509,-32.15287],[-58.15509,-32.15324]]],[[[-58.15296,-32.14769],[-58.1525,-32.1475],[-58.15241,-32.14796],[-58.15194,-32.14815],[-58.15176,-32.14898],[-58.15213,-32.14861],[-58.15231,-32.14907],[-58.15269,-32.14778],[-58.15296,-32.14769]]],[[[-58.15352,-32.14102],[-58.15315,-32.14111],[-58.15259,-32.14259],[-58.15352,-32.1425],[-58.15352,-32.14102]]],[[[-58.15185,-32.14611],[-58.15296,-32.14407],[-58.15269,-32.14389],[-58.15278,-32.14343],[-58.15324,-32.14324],[-58.15259,-32.14324],[-58.15259,-32.14259],[-58.15231,-32.14361],[-58.1525,-32.14444],[-58.15176,-32.14528],[-58.15185,-32.14611]]],[[[-58.15185,-32.14611],[-58.15093,-32.14648],[-58.15083,-32.14685],[-58.15009,-32.14676],[-58.14963,-32.1475],[-58.15009,-32.14713],[-58.1513,-32.14694],[-58.1513,-32.14741],[-58.15074,-32.14759],[-58.15139,-32.14769],[-58.15157,-32.1475],[-58.15148,-32.14722],[-58.15157,-32.14722],[-58.15167,-32.14685],[-58.15213,-32.14713],[-58.15231,-32.14648],[-58.15269,-32.14648],[-58.15241,-32.1463],[-58.15185,-32.14667],[-58.15185,-32.14611]]],[[[-58.15009,-32.14778],[-58.15083,-32.14796],[-58.1512,-32.14769],[-58.15056,-32.14759],[-58.15009,-32.14778]]],[[[-58.15185,-32.14111],[-58.15056,-32.14167],[-58.15037,-32.14259],[-58.15074,-32.14185],[-58.1513,-32.14176],[-58.15157,-32.1413],[-58.15222,-32.14148],[-58.15204,-32.14213],[-58.15241,-32.14194],[-58.15241,-32.14148],[-58.15185,-32.14111]]],[[[-58.15343,-32.13889],[-58.15315,-32.1388],[-58.15343,-32.13972],[-58.15343,-32.13889]]],[[[-58.155,-32.13343],[-58.15454,-32.13361],[-58.15509,-32.1338],[-58.15546,-32.13324],[-58.15509,-32.13287],[-58.155,-32.13343]]],[[[-58.15093,-32.12481],[-58.1513,-32.12463],[-58.1513,-32.1237],[-58.15167,-32.12352],[-58.15204,-32.12241],[-58.15157,-32.12157],[-58.15176,-32.12139],[-58.15176,-32.12046],[-58.15222,-32.12046],[-58.15287,-32.11907],[-58.15417,-32.11824],[-58.1538,-32.11759],[-58.15435,-32.11741],[-58.15444,-32.11704],[-58.15398,-32.11583],[-58.1537,-32.11602],[-58.15417,-32.11648],[-58.15407,-32.11741],[-58.15361,-32.11741],[-58.15333,-32.11787],[-58.1538,-32.11824],[-58.15306,-32.11843],[-58.15269,-32.11935],[-58.15222,-32.11954],[-58.15213,-32.12019],[-58.15148,-32.12037],[-58.15167,-32.12296],[-58.15111,-32.12398],[-58.15065,-32.12398],[-58.15037,-32.12435],[-58.15056,-32.125],[-58.14981,-32.12537],[-58.14926,-32.12713],[-58.14963,-32.12713],[-58.14972,-32.1263],[-58.15019,-32.12639],[-58.15046,-32.12611],[-58.15028,-32.12565],[-58.15065,-32.12574],[-58.15093,-32.12481]]],[[[-58.1525,-32.12111],[-58.15269,-32.12194],[-58.15352,-32.12102],[-58.15352,-32.12074],[-58.15278,-32.12037],[-58.1525,-32.12111]]],[[[-58.15037,-32.11065],[-58.15037,-32.11093],[-58.15111,-32.1112],[-58.1512,-32.11176],[-58.15269,-32.11167],[-58.15204,-32.11157],[-58.15185,-32.1112],[-58.15213,-32.11111],[-58.15194,-32.11111],[-58.15194,-32.11102],[-58.15176,-32.11102],[-58.15194,-32.11083],[-58.15222,-32.11083],[-58.15231,-32.11102],[-58.1525,-32.11102],[-58.15241,-32.11065],[-58.1513,-32.11037],[-58.15037,-32.11065]],[[-58.1512,-32.11111],[-58.15093,-32.11093],[-58.15167,-32.11065],[-58.15157,-32.11157],[-58.1512,-32.11157],[-58.1512,-32.11111]]],[[[-58.15,-32.34565],[-58.14954,-32.34611],[-58.14991,-32.3463],[-58.15019,-32.34611],[-58.15,-32.34565]]],[[[-58.14843,-32.32194],[-58.14796,-32.32148],[-58.14769,-32.32185],[-58.14694,-32.32176],[-58.14593,-32.32259],[-58.14611,-32.32296],[-58.1438,-32.32278],[-58.14537,-32.32315],[-58.14546,-32.32352],[-58.145,-32.32324],[-58.14454,-32.32324],[-58.14509,-32.32361],[-58.14556,-32.32361],[-58.14565,-32.32306],[-58.14704,-32.32296],[-58.14713,-32.3238],[-58.14657,-32.32361],[-58.14676,-32.32407],[-58.1462,-32.32398],[-58.14583,-32.32454],[-58.14491,-32.32426],[-58.14352,-32.32444],[-58.14352,-32.32398],[-58.14259,-32.32343],[-58.1425,-32.32407],[-58.14269,-32.3238],[-58.14315,-32.32463],[-58.14407,-32.32463],[-58.14435,-32.32509],[-58.14426,-32.32583],[-58.14398,-32.32602],[-58.1437,-32.32574],[-58.14398,-32.32667],[-58.14417,-32.32657],[-58.14417,-32.3263],[-58.14426,-32.3263],[-58.14426,-32.32611],[-58.14435,-32.32611],[-58.14444,-32.32583],[-58.14472,-32.32583],[-58.14509,-32.32657],[-58.14593,-32.32593],[-58.14481,-32.32593],[-58.14472,-32.32556],[-58.14509,-32.32519],[-58.14593,-32.32528],[-58.14537,-32.32472],[-58.14713,-32.32435],[-58.14704,-32.32398],[-58.1475,-32.32352],[-58.14713,-32.32287],[-58.14731,-32.32259],[-58.14796,-32.32269],[-58.14787,-32.32222],[-58.14722,-32.32204],[-58.14843,-32.32194]]],[[[-58.14926,-32.32463],[-58.14787,-32.32398],[-58.14769,-32.32463],[-58.14639,-32.32481],[-58.14676,-32.32574],[-58.14593,-32.32583],[-58.1463,-32.32602],[-58.14778,-32.32574],[-58.14815,-32.32472],[-58.14944,-32.32491],[-58.15028,-32.32463],[-58.15222,-32.32546],[-58.15269,-32.32509],[-58.15389,-32.32556],[-58.155,-32.32546],[-58.15537,-32.325],[-58.1562,-32.32565],[-58.15639,-32.32528],[-58.15787,-32.32519],[-58.15787,-32.32481],[-58.15676,-32.32435],[-58.1562,-32.32444],[-58.15574,-32.32389],[-58.155,-32.32389],[-58.15454,-32.32417],[-58.15528,-32.32454],[-58.15509,-32.32481],[-58.15407,-32.32454],[-58.15426,-32.32491],[-58.1538,-32.325],[-58.1537,-32.32454],[-58.15315,-32.32426],[-58.15398,-32.32333],[-58.15472,-32.32352],[-58.15546,-32.32296],[-58.15593,-32.32361],[-58.15657,-32.32352],[-58.15704,-32.32398],[-58.1575,-32.3237],[-58.15667,-32.32287],[-58.1562,-32.32306],[-58.15546,-32.3225],[-58.15398,-32.32259],[-58.15398,-32.32231],[-58.15269,-32.32157],[-58.15222,-32.32176],[-58.1525,-32.32269],[-58.15074,-32.32278],[-58.15102,-32.32204],[-58.15056,-32.32204],[-58.15028,-32.32222],[-58.15056,-32.32231],[-58.15046,-32.32296],[-58.14981,-32.32269],[-58.15019,-32.32231],[-58.14963,-32.32259],[-58.14907,-32.32231],[-58.14926,-32.32296],[-58.14861,-32.32315],[-58.14889,-32.32352],[-58.14991,-32.32398],[-58.14972,-32.32361],[-58.14917,-32.32352],[-58.14954,-32.32269],[-58.15,-32.32287],[-58.14991,-32.32343],[-58.15111,-32.32343],[-58.1513,-32.32306],[-58.1512,-32.32352],[-58.15167,-32.3237],[-58.15139,-32.32444],[-58.15028,-32.32426],[-58.14926,-32.32463]],[[-58.15324,-32.32278],[-58.15407,-32.32324],[-58.15306,-32.32333],[-58.15315,-32.32287],[-58.15269,-32.32204],[-58.15324,-32.32194],[-58.15324,-32.32278]],[[-58.15185,-32.32361],[-58.15148,-32.32315],[-58.15259,-32.32287],[-58.15222,-32.32306],[-58.15185,-32.32361]],[[-58.15259,-32.32481],[-58.15176,-32.32426],[-58.15213,-32.3238],[-58.15287,-32.3238],[-58.15259,-32.32481]],[[-58.15454,-32.32519],[-58.15306,-32.32519],[-58.15287,-32.32454],[-58.15333,-32.32454],[-58.15361,-32.32509],[-58.15454,-32.32519]]],[[[-58.14269,-32.3225],[-58.14324,-32.32296],[-58.1438,-32.32278],[-58.14324,-32.32213],[-58.14259,-32.32194],[-58.14269,-32.3225]]],[[[-58.14713,-32.24324],[-58.1475,-32.24324],[-58.14722,-32.24315],[-58.14722,-32.24269],[-58.14787,-32.24333],[-58.14806,-32.24296],[-58.1475,-32.24231],[-58.14667,-32.24231],[-58.14713,-32.24324]]],[[[-58.1513,-32.20898],[-58.1513,-32.20944],[-58.15167,-32.20991],[-58.15176,-32.20954],[-58.1513,-32.20898]]],[[[-58.15139,-32.2112],[-58.15111,-32.21019],[-58.15157,-32.20991],[-58.15111,-32.20991],[-58.15093,-32.21185],[-58.15019,-32.21222],[-58.15046,-32.2125],[-58.15,-32.21231],[-58.15,-32.21269],[-58.15056,-32.21269],[-58.15056,-32.21278],[-58.15074,-32.21278],[-58.15102,-32.21148],[-58.15139,-32.2112]]],[[[-58.14963,-32.20769],[-58.1487,-32.20759],[-58.14852,-32.20787],[-58.14796,-32.20769],[-58.14769,-32.20787],[-58.14852,-32.20815],[-58.14954,-32.20778],[-58.15009,-32.20852],[-58.15046,-32.20833],[-58.14963,-32.20769]]],[[[-58.14657,-32.20843],[-58.1463,-32.20889],[-58.14491,-32.20991],[-58.14565,-32.20963],[-58.14769,-32.20787],[-58.14657,-32.20843]]],[[[-58.14833,-32.18463],[-58.14713,-32.18528],[-58.14796,-32.18546],[-58.14787,-32.18509],[-58.14824,-32.185],[-58.14833,-32.18463]]],[[[-58.15102,-32.18324],[-58.15037,-32.18306],[-58.15028,-32.1838],[-58.15074,-32.18333],[-58.15102,-32.18324]]],[[[-58.14861,-32.18074],[-58.1488,-32.18028],[-58.14815,-32.18037],[-58.14787,-32.1825],[-58.14769,-32.18278],[-58.14704,-32.18278],[-58.14704,-32.18315],[-58.14741,-32.18324],[-58.14676,-32.18444],[-58.14741,-32.18407],[-58.14722,-32.1837],[-58.14759,-32.18287],[-58.14824,-32.18296],[-58.14852,-32.18269],[-58.14796,-32.1825],[-58.14796,-32.18213],[-58.14824,-32.18213],[-58.14815,-32.18065],[-58.14861,-32.18074]]],[[[-58.14667,-32.18426],[-58.14639,-32.18389],[-58.1463,-32.18324],[-58.14565,-32.18343],[-58.14565,-32.18417],[-58.14602,-32.18426],[-58.14583,-32.18444],[-58.14583,-32.185],[-58.1462,-32.18426],[-58.14667,-32.18426]]],[[[-58.14889,-32.17889],[-58.1487,-32.17981],[-58.1488,-32.18019],[-58.14898,-32.17898],[-58.14963,-32.17861],[-58.14944,-32.17861],[-58.14926,-32.17843],[-58.14889,-32.17889]]],[[[-58.14944,-32.17259],[-58.14907,-32.1712],[-58.1487,-32.17102],[-58.14917,-32.17259],[-58.1488,-32.17287],[-58.14889,-32.17407],[-58.14861,-32.17398],[-58.14861,-32.17463],[-58.14898,-32.17481],[-58.1487,-32.17556],[-58.14963,-32.17407],[-58.14981,-32.17296],[-58.14954,-32.17287],[-58.14991,-32.17287],[-58.15009,-32.17231],[-58.14944,-32.17259]],[[-58.14907,-32.17361],[-58.14926,-32.17287],[-58.14972,-32.17315],[-58.14963,-32.17352],[-58.14907,-32.17361]]],[[[-58.1487,-32.16676],[-58.14843,-32.16713],[-58.14917,-32.1675],[-58.1487,-32.16676]]],[[[-58.15037,-32.16444],[-58.14935,-32.16519],[-58.14991,-32.16565],[-58.15065,-32.16546],[-58.15037,-32.165],[-58.15093,-32.16481],[-58.15037,-32.16444]]],[[[-58.14796,-32.16111],[-58.14741,-32.1612],[-58.14741,-32.16167],[-58.14778,-32.1612],[-58.14778,-32.16204],[-58.14796,-32.16213],[-58.14796,-32.16111]]],[[[-58.15056,-32.15981],[-58.15028,-32.15926],[-58.15019,-32.15926],[-58.15019,-32.15972],[-58.15056,-32.15981]]],[[[-58.15157,-32.16083],[-58.15157,-32.16028],[-58.15111,-32.15991],[-58.15056,-32.15981],[-58.15148,-32.16037],[-58.1513,-32.16065],[-58.15074,-32.16028],[-58.15019,-32.16028],[-58.15157,-32.16083]]],[[[-58.14991,-32.16009],[-58.14935,-32.15954],[-58.14917,-32.15954],[-58.14926,-32.15991],[-58.14991,-32.16009]]],[[[-58.1487,-32.15704],[-58.14917,-32.15704],[-58.14907,-32.15713],[-58.14917,-32.15796],[-58.14935,-32.15667],[-58.1487,-32.15704]]],[[[-58.14963,-32.1538],[-58.14917,-32.15435],[-58.14954,-32.15463],[-58.14963,-32.1538]]],[[[-58.14852,-32.15324],[-58.14787,-32.15296],[-58.14778,-32.15259],[-58.14778,-32.15306],[-58.14815,-32.15315],[-58.14778,-32.15343],[-58.14778,-32.15398],[-58.14852,-32.15324]]],[[[-58.15111,-32.15028],[-58.15111,-32.14972],[-58.15065,-32.15056],[-58.15111,-32.15028]]],[[[-58.14954,-32.15204],[-58.15046,-32.1512],[-58.14981,-32.15102],[-58.14972,-32.15185],[-58.14926,-32.15167],[-58.14917,-32.15093],[-58.14991,-32.15037],[-58.14991,-32.14972],[-58.1487,-32.15083],[-58.14917,-32.1512],[-58.14917,-32.15204],[-58.14861,-32.15204],[-58.14843,-32.15167],[-58.14787,-32.1525],[-58.14852,-32.15213],[-58.1487,-32.1525],[-58.14833,-32.15269],[-58.14907,-32.15306],[-58.14963,-32.15241],[-58.14954,-32.15204]]],[[[-58.15046,-32.14583],[-58.15019,-32.14398],[-58.15028,-32.14519],[-58.14991,-32.14519],[-58.15009,-32.145],[-58.15009,-32.14454],[-58.14991,-32.145],[-58.14944,-32.14491],[-58.15,-32.14556],[-58.14963,-32.14593],[-58.15046,-32.14583]]],[[[-58.14935,-32.14648],[-58.14889,-32.14694],[-58.14889,-32.14713],[-58.14926,-32.14694],[-58.14935,-32.14648]]],[[[-58.15028,-32.14287],[-58.14981,-32.14315],[-58.14991,-32.1437],[-58.15028,-32.14324],[-58.15028,-32.14287]]],[[[-58.14731,-32.13083],[-58.14769,-32.13102],[-58.14796,-32.13074],[-58.1475,-32.13065],[-58.14731,-32.13083]]],[[[-58.14796,-32.11444],[-58.14759,-32.11463],[-58.14796,-32.11509],[-58.14796,-32.11444]]],[[[-58.14824,-32.11037],[-58.14926,-32.11065],[-58.14991,-32.11046],[-58.15093,-32.10935],[-58.15167,-32.10944],[-58.15194,-32.1087],[-58.15157,-32.10935],[-58.15037,-32.10926],[-58.15019,-32.10963],[-58.14991,-32.10935],[-58.14926,-32.10954],[-58.14981,-32.10981],[-58.14944,-32.11019],[-58.14843,-32.10991],[-58.14796,-32.11046],[-58.14759,-32.11046],[-58.14769,-32.11009],[-58.14694,-32.11],[-58.14667,-32.11037],[-58.14667,-32.11102],[-58.14639,-32.1113],[-58.14694,-32.1112],[-58.14713,-32.11074],[-58.14796,-32.11083],[-58.14824,-32.11037]]],[[[-58.14852,-32.34565],[-58.1462,-32.34574],[-58.14731,-32.34593],[-58.14704,-32.34685],[-58.14824,-32.34667],[-58.14806,-32.34704],[-58.14824,-32.34741],[-58.14944,-32.34722],[-58.14917,-32.3463],[-58.1487,-32.3462],[-58.14852,-32.34565]],[[-58.14833,-32.34704],[-58.1487,-32.34639],[-58.14907,-32.34639],[-58.14926,-32.34713],[-58.14833,-32.34704]]],[[[-58.1462,-32.34694],[-58.14639,-32.34741],[-58.14694,-32.34704],[-58.14694,-32.34694],[-58.1462,-32.34694]]],[[[-58.14222,-32.34417],[-58.1425,-32.34407],[-58.14231,-32.3437],[-58.14176,-32.34398],[-58.14222,-32.34417]]],[[[-58.14315,-32.34519],[-58.14389,-32.34574],[-58.14389,-32.34537],[-58.14333,-32.34528],[-58.14259,-32.34435],[-58.14315,-32.34519]]],[[[-58.14361,-32.34102],[-58.14343,-32.34157],[-58.14398,-32.34157],[-58.1438,-32.3412],[-58.14407,-32.34093],[-58.14361,-32.34102]]],[[[-58.14315,-32.33509],[-58.14333,-32.33481],[-58.14287,-32.33435],[-58.14269,-32.335],[-58.14315,-32.33509]]],[[[-58.14417,-32.33259],[-58.14407,-32.33333],[-58.14444,-32.33398],[-58.14435,-32.33417],[-58.14435,-32.33435],[-58.14444,-32.33435],[-58.14463,-32.3338],[-58.14519,-32.3337],[-58.14491,-32.33352],[-58.14519,-32.33306],[-58.14472,-32.33269],[-58.14417,-32.33259]],[[-58.14463,-32.3337],[-58.14426,-32.33361],[-58.14426,-32.33269],[-58.14481,-32.33287],[-58.14463,-32.3337]]],[[[-58.1437,-32.33204],[-58.1437,-32.33269],[-58.1438,-32.33269],[-58.14398,-32.33231],[-58.1437,-32.33204]]],[[[-58.14583,-32.3287],[-58.14528,-32.32898],[-58.14565,-32.32917],[-58.14528,-32.32991],[-58.14574,-32.33],[-58.14583,-32.33046],[-58.14546,-32.33083],[-58.14583,-32.3313],[-58.14593,-32.33065],[-58.14583,-32.3287]]],[[[-58.15046,-32.24204],[-58.15046,-32.23954],[-58.15,-32.23843],[-58.14926,-32.2387],[-58.14935,-32.23963],[-58.14898,-32.23981],[-58.1487,-32.23944],[-58.14806,-32.24046],[-58.14769,-32.24009],[-58.14685,-32.24028],[-58.14694,-32.24074],[-58.1475,-32.24028],[-58.14731,-32.24111],[-58.14796,-32.24065],[-58.14815,-32.24093],[-58.14898,-32.24093],[-58.1487,-32.2413],[-58.14907,-32.2413],[-58.14944,-32.24102],[-58.14917,-32.24083],[-58.14935,-32.24037],[-58.1487,-32.24037],[-58.14852,-32.24009],[-58.14944,-32.23981],[-58.14972,-32.23917],[-58.14981,-32.24019],[-58.15028,-32.24037],[-58.15028,-32.24204],[-58.15074,-32.24231],[-58.15083,-32.24278],[-58.15093,-32.24231],[-58.15046,-32.24204]]],[[[-58.14935,-32.24417],[-58.14944,-32.24463],[-58.14944,-32.24417],[-58.15046,-32.24306],[-58.14889,-32.24417],[-58.14852,-32.24361],[-58.14778,-32.24361],[-58.1475,-32.24417],[-58.14657,-32.2438],[-58.14481,-32.24389],[-58.14481,-32.24343],[-58.14435,-32.24324],[-58.14407,-32.2437],[-58.14426,-32.24444],[-58.14352,-32.24537],[-58.14361,-32.2463],[-58.14324,-32.24657],[-58.14324,-32.24704],[-58.14361,-32.2475],[-58.14333,-32.24796],[-58.14361,-32.24824],[-58.14352,-32.24898],[-58.14278,-32.24917],[-58.14315,-32.24991],[-58.1437,-32.24972],[-58.14352,-32.24991],[-58.14361,-32.25019],[-58.145,-32.24852],[-58.14481,-32.24824],[-58.14407,-32.24898],[-58.14361,-32.2488],[-58.14417,-32.24759],[-58.14333,-32.24676],[-58.14398,-32.2463],[-58.1437,-32.24537],[-58.14417,-32.24528],[-58.14435,-32.24454],[-58.14509,-32.24407],[-58.14593,-32.24407],[-58.1462,-32.24426],[-58.1462,-32.24491],[-58.1475,-32.24509],[-58.1475,-32.24546],[-58.1462,-32.24685],[-58.14685,-32.24667],[-58.14796,-32.24574],[-58.14806,-32.24528],[-58.14852,-32.24519],[-58.14815,-32.24509],[-58.14833,-32.24472],[-58.14796,-32.24463],[-58.14815,-32.24417],[-58.14787,-32.2437],[-58.1487,-32.24426],[-58.14852,-32.24463],[-58.14907,-32.24417],[-58.14935,-32.24417]]],[[[-58.14213,-32.2513],[-58.14176,-32.25148],[-58.14157,-32.25083],[-58.14065,-32.25056],[-58.13981,-32.25185],[-58.14111,-32.2513],[-58.14167,-32.25157],[-58.14241,-32.25139],[-58.14231,-32.25065],[-58.14269,-32.24991],[-58.14176,-32.24991],[-58.14185,-32.25046],[-58.14148,-32.25046],[-58.1412,-32.24991],[-58.14139,-32.24898],[-58.14306,-32.24852],[-58.14269,-32.24824],[-58.14231,-32.24843],[-58.14231,-32.24806],[-58.14306,-32.24778],[-58.14315,-32.24722],[-58.14306,-32.24676],[-58.1425,-32.24657],[-58.14213,-32.24602],[-58.14204,-32.24537],[-58.14222,-32.24694],[-58.14176,-32.24676],[-58.14204,-32.24861],[-58.14046,-32.24898],[-58.14046,-32.24972],[-58.14065,-32.25009],[-58.1413,-32.25019],[-58.14148,-32.25065],[-58.14194,-32.25065],[-58.14213,-32.2513]]],[[[-58.1463,-32.24028],[-58.14639,-32.24083],[-58.14685,-32.24083],[-58.14676,-32.24028],[-58.14583,-32.24009],[-58.1463,-32.24028]]],[[[-58.14315,-32.23954],[-58.14352,-32.23898],[-58.14296,-32.23898],[-58.14315,-32.23954]]],[[[-58.14157,-32.23787],[-58.14259,-32.23852],[-58.14324,-32.23815],[-58.14157,-32.23787]]],[[[-58.14491,-32.23981],[-58.145,-32.24009],[-58.14574,-32.24009],[-58.14491,-32.23981]]],[[[-58.14324,-32.21],[-58.14407,-32.21046],[-58.14472,-32.20991],[-58.14352,-32.20954],[-58.14343,-32.20926],[-58.14315,-32.20944],[-58.14324,-32.21]]],[[[-58.14333,-32.18954],[-58.14278,-32.19009],[-58.14278,-32.19019],[-58.14343,-32.18972],[-58.14333,-32.18954]]],[[[-58.14454,-32.18796],[-58.14435,-32.18583],[-58.14361,-32.18611],[-58.14324,-32.18713],[-58.14407,-32.18667],[-58.14454,-32.18796]]],[[[-58.14352,-32.18333],[-58.14278,-32.18287],[-58.14407,-32.18259],[-58.14435,-32.18204],[-58.14519,-32.18185],[-58.14472,-32.18157],[-58.14481,-32.18111],[-58.14426,-32.18148],[-58.14426,-32.18176],[-58.14472,-32.18185],[-58.14398,-32.18176],[-58.14389,-32.18231],[-58.14259,-32.18287],[-58.14278,-32.18352],[-58.14241,-32.1837],[-58.1425,-32.18398],[-58.14306,-32.18361],[-58.14343,-32.18398],[-58.14352,-32.18333]]],[[[-58.14426,-32.17843],[-58.14417,-32.17769],[-58.14407,-32.17843],[-58.1438,-32.17861],[-58.14306,-32.17954],[-58.14306,-32.17991],[-58.14435,-32.17898],[-58.14472,-32.17824],[-58.14463,-32.17806],[-58.14426,-32.17843]]],[[[-58.14454,-32.17704],[-58.14463,-32.17676],[-58.14463,-32.17602],[-58.14444,-32.17667],[-58.14454,-32.17704]]],[[[-58.14611,-32.17583],[-58.14602,-32.17398],[-58.14593,-32.17602],[-58.14611,-32.17583]]],[[[-58.14546,-32.1763],[-58.14574,-32.17472],[-58.14519,-32.17463],[-58.14546,-32.17426],[-58.14509,-32.1738],[-58.14509,-32.17519],[-58.14537,-32.17537],[-58.14546,-32.175],[-58.14509,-32.17731],[-58.14556,-32.17713],[-58.14537,-32.17639],[-58.14574,-32.17676],[-58.14546,-32.1763]]],[[[-58.14639,-32.17185],[-58.14657,-32.17481],[-58.14676,-32.17417],[-58.14713,-32.17398],[-58.14667,-32.1737],[-58.14639,-32.17185]]],[[[-58.14639,-32.16954],[-58.14648,-32.17056],[-58.14657,-32.16917],[-58.14639,-32.16954]]],[[[-58.14509,-32.16806],[-58.14463,-32.16889],[-58.14481,-32.16963],[-58.14426,-32.16981],[-58.14444,-32.17019],[-58.14389,-32.17],[-58.14389,-32.17028],[-58.14407,-32.17009],[-58.14444,-32.17037],[-58.14472,-32.1712],[-58.14574,-32.17231],[-58.14574,-32.17065],[-58.14546,-32.17009],[-58.14509,-32.17028],[-58.145,-32.1688],[-58.14528,-32.16861],[-58.14602,-32.16898],[-58.1462,-32.16833],[-58.14657,-32.16861],[-58.14657,-32.16796],[-58.1462,-32.16778],[-58.14593,-32.16852],[-58.14556,-32.16796],[-58.14546,-32.16667],[-58.14481,-32.16657],[-58.14454,-32.16787],[-58.14509,-32.16806]],[[-58.14481,-32.16676],[-58.14546,-32.16694],[-58.14546,-32.16759],[-58.14528,-32.16731],[-58.14481,-32.16759],[-58.14481,-32.16676]]],[[[-58.14565,-32.16435],[-58.14602,-32.16398],[-58.14565,-32.16361],[-58.14565,-32.16435]]],[[[-58.14713,-32.16537],[-58.1462,-32.16426],[-58.1462,-32.16463],[-58.14657,-32.16472],[-58.14685,-32.16537],[-58.14713,-32.16537]]],[[[-58.14611,-32.16509],[-58.14583,-32.16546],[-58.1463,-32.16574],[-58.1462,-32.16546],[-58.1463,-32.16509],[-58.14593,-32.16463],[-58.14611,-32.16509]]],[[[-58.14769,-32.16731],[-58.14741,-32.16648],[-58.14676,-32.1662],[-58.14676,-32.16676],[-58.14722,-32.16676],[-58.14704,-32.16704],[-58.14731,-32.16741],[-58.14769,-32.16731]]],[[[-58.14769,-32.15593],[-58.14713,-32.15509],[-58.14676,-32.15528],[-58.14676,-32.15583],[-58.14713,-32.15546],[-58.14722,-32.15593],[-58.14769,-32.15593]]],[[[-58.14667,-32.15731],[-58.14648,-32.15667],[-58.14676,-32.15583],[-58.14648,-32.15593],[-58.14602,-32.15769],[-58.14667,-32.15731]]],[[[-58.14556,-32.1563],[-58.14574,-32.15556],[-58.14528,-32.15556],[-58.14556,-32.15583],[-58.14556,-32.1563]]],[[[-58.14333,-32.1338],[-58.14435,-32.13287],[-58.14352,-32.13315],[-58.14333,-32.1338]]],[[[-58.14685,-32.13324],[-58.14657,-32.13278],[-58.14639,-32.13343],[-58.14685,-32.13324]]],[[[-58.14491,-32.13241],[-58.14509,-32.13176],[-58.14519,-32.13185],[-58.14574,-32.13176],[-58.14556,-32.13148],[-58.14509,-32.13157],[-58.14491,-32.13176],[-58.14491,-32.13241]]],[[[-58.14657,-32.125],[-58.14667,-32.12444],[-58.14648,-32.12435],[-58.1462,-32.12463],[-58.14657,-32.125]]],[[[-58.14528,-32.12222],[-58.14537,-32.12185],[-58.14583,-32.12176],[-58.14574,-32.12167],[-58.14491,-32.12176],[-58.14491,-32.12296],[-58.14593,-32.12324],[-58.1463,-32.12306],[-58.14648,-32.12417],[-58.1475,-32.12361],[-58.14741,-32.12324],[-58.14667,-32.12278],[-58.14667,-32.12176],[-58.14593,-32.12194],[-58.14657,-32.12194],[-58.14657,-32.12222],[-58.1462,-32.1225],[-58.14593,-32.12213],[-58.14574,-32.12278],[-58.14528,-32.12222]],[[-58.14741,-32.12343],[-58.14676,-32.12389],[-58.14639,-32.12352],[-58.14648,-32.12269],[-58.14657,-32.12306],[-58.14741,-32.12343]]],[[[-58.14667,-32.12111],[-58.14722,-32.12083],[-58.14713,-32.12056],[-58.14667,-32.12083],[-58.14667,-32.12111]]],[[[-58.14398,-32.12167],[-58.14426,-32.12093],[-58.14472,-32.1213],[-58.14407,-32.11981],[-58.14343,-32.12009],[-58.14259,-32.11963],[-58.14269,-32.12046],[-58.14287,-32.12056],[-58.14287,-32.12],[-58.14324,-32.12009],[-58.14306,-32.12056],[-58.14361,-32.12093],[-58.14343,-32.12139],[-58.14306,-32.12083],[-58.14315,-32.1213],[-58.14361,-32.12176],[-58.14398,-32.12167]]],[[[-58.14315,-32.11472],[-58.14259,-32.11426],[-58.1425,-32.11444],[-58.14259,-32.11537],[-58.14315,-32.11519],[-58.14315,-32.11472]]],[[[-58.14324,-32.11491],[-58.1438,-32.11491],[-58.1438,-32.11463],[-58.14324,-32.11454],[-58.14324,-32.11491]]],[[[-58.14602,-32.11435],[-58.14602,-32.11407],[-58.14565,-32.11389],[-58.14556,-32.11407],[-58.14602,-32.11435]]],[[[-58.14278,-32.11389],[-58.14278,-32.11417],[-58.14324,-32.11417],[-58.1438,-32.1137],[-58.14315,-32.11361],[-58.14278,-32.11389]]],[[[-58.14037,-32.34148],[-58.13907,-32.34083],[-58.13907,-32.34037],[-58.1388,-32.34037],[-58.13907,-32.3413],[-58.13991,-32.34176],[-58.13981,-32.34213],[-58.14009,-32.34176],[-58.14056,-32.34194],[-58.14037,-32.34148]]],[[[-58.14074,-32.34241],[-58.14083,-32.34296],[-58.14102,-32.34306],[-58.14093,-32.34287],[-58.14102,-32.34222],[-58.14065,-32.34194],[-58.14056,-32.34222],[-58.14009,-32.34222],[-58.14074,-32.34241]]],[[[-58.14333,-32.33065],[-58.1425,-32.33102],[-58.1425,-32.33111],[-58.14306,-32.33111],[-58.14333,-32.33065]]],[[[-58.14185,-32.3312],[-58.14176,-32.33167],[-58.14222,-32.33157],[-58.1425,-32.33111],[-58.14185,-32.33111],[-58.14102,-32.33056],[-58.14148,-32.3312],[-58.14185,-32.3312]]],[[[-58.14194,-32.32972],[-58.14093,-32.32991],[-58.14241,-32.33019],[-58.14194,-32.32972]]],[[[-58.14176,-32.3287],[-58.14139,-32.32917],[-58.14148,-32.32954],[-58.14167,-32.32926],[-58.14213,-32.32954],[-58.1425,-32.32907],[-58.14296,-32.32907],[-58.14315,-32.32944],[-58.14306,-32.32898],[-58.14222,-32.3288],[-58.14213,-32.32824],[-58.14176,-32.32852],[-58.14167,-32.32787],[-58.14111,-32.32769],[-58.1412,-32.32722],[-58.14093,-32.32704],[-58.14093,-32.32778],[-58.14139,-32.32787],[-58.14176,-32.3287]]],[[[-58.14259,-32.32546],[-58.14306,-32.32593],[-58.14296,-32.32528],[-58.14259,-32.32546]]],[[[-58.14296,-32.32648],[-58.14306,-32.32593],[-58.14259,-32.32639],[-58.14296,-32.32648]]],[[[-58.1425,-32.32565],[-58.14222,-32.32583],[-58.14241,-32.3263],[-58.1425,-32.3263],[-58.1425,-32.32565]]],[[[-58.1412,-32.32602],[-58.14148,-32.32537],[-58.14102,-32.32537],[-58.14065,-32.32583],[-58.1412,-32.32602]]],[[[-58.14102,-32.24324],[-58.1412,-32.24185],[-58.14065,-32.24204],[-58.14056,-32.24333],[-58.14009,-32.2437],[-58.14065,-32.24481],[-58.14019,-32.245],[-58.14028,-32.2463],[-58.14056,-32.24657],[-58.14139,-32.2463],[-58.1413,-32.24593],[-58.14111,-32.24639],[-58.14056,-32.2463],[-58.14065,-32.24574],[-58.14111,-32.24583],[-58.14065,-32.24519],[-58.14074,-32.24426],[-58.14056,-32.24389],[-58.14083,-32.2438],[-58.14065,-32.24315],[-58.1413,-32.2437],[-58.14102,-32.24324]]],[[[-58.14157,-32.24417],[-58.14204,-32.24528],[-58.14222,-32.24454],[-58.1413,-32.2437],[-58.1412,-32.24426],[-58.14157,-32.24417]]],[[[-58.14204,-32.24333],[-58.14269,-32.24241],[-58.14259,-32.24222],[-58.14204,-32.24259],[-58.14204,-32.24333]]],[[[-58.13843,-32.24074],[-58.13843,-32.24111],[-58.1388,-32.2412],[-58.13889,-32.24093],[-58.13843,-32.24074]]],[[[-58.13898,-32.23648],[-58.13861,-32.23667],[-58.13815,-32.23713],[-58.13861,-32.23704],[-58.13898,-32.23648]]],[[[-58.1387,-32.23731],[-58.13935,-32.23722],[-58.13935,-32.23667],[-58.13917,-32.23694],[-58.13843,-32.23713],[-58.1387,-32.23731]]],[[[-58.14241,-32.21028],[-58.14176,-32.21102],[-58.14213,-32.21102],[-58.14269,-32.21167],[-58.14194,-32.21148],[-58.14185,-32.21185],[-58.14296,-32.21213],[-58.14278,-32.21139],[-58.14222,-32.21083],[-58.14324,-32.21037],[-58.14241,-32.21028]]],[[[-58.14093,-32.21407],[-58.14176,-32.21296],[-58.14176,-32.21167],[-58.14148,-32.21148],[-58.14157,-32.21306],[-58.14111,-32.21315],[-58.14102,-32.2137],[-58.14028,-32.21389],[-58.14093,-32.21407]]],[[[-58.13954,-32.19593],[-58.13944,-32.19546],[-58.13917,-32.1962],[-58.13954,-32.19593]]],[[[-58.14083,-32.19389],[-58.14157,-32.19213],[-58.14167,-32.19139],[-58.1412,-32.19176],[-58.14139,-32.19213],[-58.14102,-32.19259],[-58.14102,-32.19333],[-58.14,-32.19398],[-58.14009,-32.19463],[-58.14083,-32.19389]]],[[[-58.13907,-32.19296],[-58.13963,-32.19269],[-58.13963,-32.19222],[-58.13907,-32.19296]]],[[[-58.14046,-32.19102],[-58.13981,-32.19148],[-58.13972,-32.19213],[-58.14046,-32.1913],[-58.14046,-32.19102]]],[[[-58.13852,-32.18935],[-58.13815,-32.18889],[-58.13796,-32.18935],[-58.13852,-32.18935]]],[[[-58.14241,-32.18833],[-58.14269,-32.18796],[-58.14259,-32.18796],[-58.1425,-32.18778],[-58.14222,-32.18778],[-58.14185,-32.18824],[-58.14222,-32.18806],[-58.14241,-32.18833]]],[[[-58.14185,-32.18759],[-58.14315,-32.18611],[-58.14315,-32.18565],[-58.14361,-32.18556],[-58.14407,-32.18481],[-58.14231,-32.18528],[-58.1413,-32.18694],[-58.14185,-32.18657],[-58.14204,-32.18583],[-58.14296,-32.18565],[-58.14185,-32.18759]]],[[[-58.14046,-32.1887],[-58.13981,-32.19],[-58.14046,-32.18972],[-58.14019,-32.18963],[-58.14046,-32.1887]]],[[[-58.14241,-32.18269],[-58.14352,-32.18148],[-58.14333,-32.18157],[-58.14296,-32.18148],[-58.14204,-32.1825],[-58.14241,-32.18231],[-58.14231,-32.18269],[-58.14241,-32.18269]]],[[[-58.14204,-32.18306],[-58.14194,-32.18259],[-58.14157,-32.18296],[-58.14028,-32.18324],[-58.14065,-32.18343],[-58.14056,-32.1837],[-58.14019,-32.18417],[-58.13981,-32.18398],[-58.13954,-32.18426],[-58.14009,-32.18454],[-58.13981,-32.18472],[-58.13991,-32.18528],[-58.14204,-32.18306]]],[[[-58.13963,-32.18611],[-58.13972,-32.18574],[-58.13954,-32.18565],[-58.13972,-32.18565],[-58.13991,-32.18528],[-58.13926,-32.18574],[-58.1387,-32.18574],[-58.13889,-32.18602],[-58.13935,-32.18583],[-58.13944,-32.18639],[-58.13954,-32.18583],[-58.13963,-32.18611]]],[[[-58.13852,-32.1863],[-58.13759,-32.18657],[-58.13759,-32.18667],[-58.13796,-32.18685],[-58.13852,-32.1863]]],[[[-58.13713,-32.18787],[-58.13713,-32.18731],[-58.13769,-32.18694],[-58.13731,-32.18676],[-58.13648,-32.18704],[-58.13639,-32.1862],[-58.13593,-32.18731],[-58.13611,-32.18796],[-58.13657,-32.18722],[-58.13694,-32.18741],[-58.13648,-32.1887],[-58.13713,-32.18787]]],[[[-58.13667,-32.18602],[-58.13787,-32.18509],[-58.13704,-32.18537],[-58.13667,-32.18602]]],[[[-58.13991,-32.18296],[-58.13981,-32.18259],[-58.14019,-32.18241],[-58.13981,-32.18241],[-58.13954,-32.18287],[-58.13991,-32.18296]]],[[[-58.14065,-32.18157],[-58.1413,-32.18102],[-58.1413,-32.18046],[-58.14065,-32.1812],[-58.14065,-32.18157]]],[[[-58.14037,-32.1788],[-58.14046,-32.17796],[-58.13972,-32.1787],[-58.13981,-32.17898],[-58.14037,-32.1788]]],[[[-58.14361,-32.17741],[-58.14426,-32.17583],[-58.14426,-32.17528],[-58.14463,-32.17593],[-58.14435,-32.175],[-58.14352,-32.17667],[-58.14315,-32.17556],[-58.14315,-32.17713],[-58.14287,-32.17731],[-58.14278,-32.17824],[-58.14361,-32.17741]]],[[[-58.14278,-32.17824],[-58.14241,-32.17843],[-58.14241,-32.17898],[-58.14278,-32.17824]]],[[[-58.14148,-32.18028],[-58.14241,-32.17898],[-58.14213,-32.17926],[-58.14167,-32.17917],[-58.14185,-32.1787],[-58.14148,-32.17806],[-58.14167,-32.1787],[-58.14148,-32.18028]]],[[[-58.14,-32.18019],[-58.14046,-32.18019],[-58.14083,-32.17926],[-58.14037,-32.17954],[-58.14037,-32.17991],[-58.13963,-32.18028],[-58.13926,-32.18009],[-58.13981,-32.18102],[-58.14,-32.18102],[-58.14,-32.18019]]],[[[-58.13861,-32.18139],[-58.13926,-32.18019],[-58.1388,-32.18056],[-58.13861,-32.1812],[-58.13824,-32.1813],[-58.13806,-32.18102],[-58.13806,-32.18139],[-58.13861,-32.18139]]],[[[-58.14102,-32.17704],[-58.14056,-32.17759],[-58.14065,-32.17787],[-58.14102,-32.1775],[-58.14102,-32.17704]]],[[[-58.1412,-32.17694],[-58.14222,-32.17657],[-58.14194,-32.1762],[-58.14269,-32.17546],[-58.14269,-32.175],[-58.14148,-32.17574],[-58.14111,-32.17648],[-58.1412,-32.17694]]],[[[-58.13963,-32.13685],[-58.13926,-32.13648],[-58.14028,-32.13583],[-58.13944,-32.13593],[-58.13898,-32.13565],[-58.13898,-32.13602],[-58.13935,-32.13611],[-58.13907,-32.13704],[-58.14,-32.13694],[-58.13981,-32.13722],[-58.14009,-32.13741],[-58.14074,-32.13731],[-58.14028,-32.13722],[-58.14037,-32.13676],[-58.14074,-32.13685],[-58.14028,-32.13648],[-58.13963,-32.13685]]],[[[-58.14204,-32.13259],[-58.14278,-32.13278],[-58.14241,-32.13241],[-58.14204,-32.13259]]],[[[-58.13704,-32.13222],[-58.13722,-32.13148],[-58.13676,-32.1313],[-58.13713,-32.13324],[-58.13759,-32.13389],[-58.13796,-32.13389],[-58.13741,-32.13259],[-58.13806,-32.13213],[-58.13731,-32.13241],[-58.13704,-32.13222]]],[[[-58.13843,-32.13231],[-58.13833,-32.13259],[-58.13889,-32.13296],[-58.13954,-32.13296],[-58.13843,-32.13231]]],[[[-58.14093,-32.13306],[-58.1413,-32.13278],[-58.13954,-32.13278],[-58.14046,-32.13287],[-58.14093,-32.13306]]],[[[-58.13741,-32.11917],[-58.13815,-32.12093],[-58.13815,-32.12046],[-58.13852,-32.12028],[-58.13806,-32.12],[-58.13806,-32.11935],[-58.13796,-32.11972],[-58.13759,-32.11935],[-58.13759,-32.11926],[-58.13787,-32.11926],[-58.13787,-32.11917],[-58.13741,-32.11917]]],[[[-58.13917,-32.1212],[-58.1387,-32.12074],[-58.1388,-32.12037],[-58.13852,-32.12037],[-58.13889,-32.1213],[-58.13824,-32.12111],[-58.13815,-32.1213],[-58.13907,-32.12148],[-58.13917,-32.1212]]],[[[-58.14259,-32.11676],[-58.14315,-32.11648],[-58.14306,-32.11583],[-58.14278,-32.11556],[-58.14176,-32.11556],[-58.14167,-32.11593],[-58.14194,-32.1162],[-58.14176,-32.11685],[-58.14231,-32.11593],[-58.14259,-32.1163],[-58.14296,-32.11611],[-58.14278,-32.11657],[-58.14222,-32.11676],[-58.14259,-32.11741],[-58.14213,-32.1175],[-58.14204,-32.11796],[-58.14278,-32.11741],[-58.14259,-32.11676]]],[[[-58.14056,-32.10981],[-58.14074,-32.11019],[-58.14093,-32.11019],[-58.14093,-32.11028],[-58.14111,-32.11046],[-58.1412,-32.11046],[-58.14102,-32.11009],[-58.14056,-32.10981]]],[[[-58.1338,-32.33306],[-58.13463,-32.33324],[-58.135,-32.33296],[-58.13426,-32.33287],[-58.1338,-32.33306]]],[[[-58.13389,-32.32676],[-58.13435,-32.32722],[-58.13491,-32.32722],[-58.13491,-32.32731],[-58.13519,-32.32731],[-58.13389,-32.32676]]],[[[-58.13685,-32.32843],[-58.13657,-32.32843],[-58.13611,-32.32787],[-58.1362,-32.32852],[-58.13685,-32.32907],[-58.13704,-32.32907],[-58.13704,-32.32917],[-58.13722,-32.32917],[-58.13667,-32.3288],[-58.13685,-32.32843]]],[[[-58.13852,-32.32926],[-58.13806,-32.32907],[-58.13741,-32.32935],[-58.13769,-32.32954],[-58.13833,-32.32926],[-58.13843,-32.32963],[-58.1388,-32.32963],[-58.13889,-32.33],[-58.13907,-32.33009],[-58.13935,-32.33009],[-58.13852,-32.32926]]],[[[-58.13444,-32.28722],[-58.13491,-32.28769],[-58.13491,-32.28704],[-58.13444,-32.28722]]],[[[-58.13556,-32.23546],[-58.13454,-32.23481],[-58.13481,-32.23546],[-58.13528,-32.23565],[-58.13528,-32.23667],[-58.13583,-32.23667],[-58.13574,-32.2362],[-58.13537,-32.23611],[-58.13556,-32.23546]]],[[[-58.13685,-32.23713],[-58.13583,-32.23667],[-58.1362,-32.23713],[-58.13685,-32.23713]]],[[[-58.13667,-32.23296],[-58.13648,-32.23231],[-58.1362,-32.23222],[-58.1362,-32.23287],[-58.13667,-32.23296]]],[[[-58.13481,-32.19537],[-58.1337,-32.19528],[-58.1337,-32.19556],[-58.13463,-32.19556],[-58.13454,-32.19657],[-58.13491,-32.19583],[-58.135,-32.19685],[-58.135,-32.19565],[-58.13481,-32.19537]]],[[[-58.13481,-32.19769],[-58.13491,-32.19694],[-58.13472,-32.19694],[-58.13481,-32.19741],[-58.13426,-32.19741],[-58.13454,-32.19824],[-58.13481,-32.19769]]],[[[-58.13343,-32.19398],[-58.1337,-32.19519],[-58.13361,-32.19454],[-58.13407,-32.1938],[-58.13389,-32.19324],[-58.13352,-32.1937],[-58.1338,-32.19417],[-58.13343,-32.19398]]],[[[-58.13472,-32.19343],[-58.135,-32.19352],[-58.13537,-32.19324],[-58.135,-32.19269],[-58.13509,-32.19324],[-58.13472,-32.19343]]],[[[-58.1363,-32.1912],[-58.13639,-32.19083],[-58.13639,-32.19028],[-58.13611,-32.19093],[-58.1363,-32.1912]]],[[[-58.1363,-32.1913],[-58.13583,-32.19139],[-58.13583,-32.19176],[-58.13611,-32.19222],[-58.13593,-32.19148],[-58.1363,-32.1913]]],[[[-58.13565,-32.19231],[-58.13509,-32.19167],[-58.135,-32.19241],[-58.13546,-32.19231],[-58.13602,-32.19269],[-58.13602,-32.19222],[-58.13565,-32.19231]]],[[[-58.13519,-32.19148],[-58.13509,-32.19083],[-58.13454,-32.19037],[-58.13454,-32.19065],[-58.13519,-32.19148]]],[[[-58.13472,-32.18907],[-58.13472,-32.19009],[-58.13491,-32.18861],[-58.13454,-32.1888],[-58.13435,-32.18833],[-58.13426,-32.18926],[-58.13472,-32.18907]]],[[[-58.13454,-32.18806],[-58.135,-32.18806],[-58.13528,-32.18769],[-58.13528,-32.1863],[-58.13519,-32.1875],[-58.13454,-32.18806]]],[[[-58.13537,-32.18361],[-58.13565,-32.18407],[-58.13528,-32.18426],[-58.13519,-32.18472],[-58.13602,-32.18407],[-58.13602,-32.1837],[-58.13537,-32.18361]]],[[[-58.13565,-32.18528],[-58.13583,-32.18491],[-58.13583,-32.18435],[-58.13556,-32.185],[-58.13565,-32.18528]]],[[[-58.13491,-32.18444],[-58.1337,-32.18565],[-58.13343,-32.18648],[-58.13398,-32.18556],[-58.13444,-32.18546],[-58.13454,-32.185],[-58.13519,-32.18481],[-58.13491,-32.18444]]],[[[-58.13722,-32.18296],[-58.13667,-32.18398],[-58.13676,-32.18426],[-58.13778,-32.18417],[-58.13685,-32.18398],[-58.13769,-32.18333],[-58.13833,-32.18333],[-58.13769,-32.18296],[-58.13796,-32.18269],[-58.13759,-32.1825],[-58.13778,-32.1812],[-58.13731,-32.18204],[-58.13759,-32.18306],[-58.13722,-32.18296]]],[[[-58.13481,-32.1687],[-58.13398,-32.16926],[-58.13398,-32.16944],[-58.13463,-32.16917],[-58.13481,-32.1687]]],[[[-58.13519,-32.16556],[-58.135,-32.16602],[-58.13528,-32.16639],[-58.13528,-32.16593],[-58.13519,-32.16556]]],[[[-58.13491,-32.16352],[-58.13602,-32.16222],[-58.13593,-32.16185],[-58.13491,-32.16352]]],[[[-58.13398,-32.15917],[-58.13454,-32.15861],[-58.13389,-32.15861],[-58.13398,-32.15917]]],[[[-58.13574,-32.14574],[-58.13481,-32.14528],[-58.13491,-32.1463],[-58.13574,-32.14574]]],[[[-58.13389,-32.14704],[-58.13417,-32.14713],[-58.13444,-32.14685],[-58.13417,-32.14676],[-58.13389,-32.14704]]],[[[-58.13361,-32.14704],[-58.13306,-32.14778],[-58.13241,-32.14787],[-58.13222,-32.1488],[-58.1325,-32.1488],[-58.13352,-32.14778],[-58.13324,-32.14769],[-58.13343,-32.14741],[-58.13389,-32.1475],[-58.13407,-32.14713],[-58.13361,-32.14704]]],[[[-58.13861,-32.12806],[-58.1388,-32.12787],[-58.13907,-32.12824],[-58.1388,-32.12759],[-58.13824,-32.12796],[-58.13796,-32.12778],[-58.13769,-32.12694],[-58.13815,-32.12648],[-58.13769,-32.1262],[-58.13648,-32.12639],[-58.1362,-32.12676],[-58.13648,-32.12704],[-58.13694,-32.12676],[-58.13685,-32.12769],[-58.13713,-32.12769],[-58.13787,-32.12917],[-58.13833,-32.12833],[-58.13861,-32.12843],[-58.13861,-32.1288],[-58.13917,-32.12917],[-58.13898,-32.13019],[-58.13991,-32.13093],[-58.14009,-32.13037],[-58.13981,-32.12963],[-58.13944,-32.12935],[-58.13963,-32.12898],[-58.13926,-32.12843],[-58.13898,-32.1288],[-58.13861,-32.12806]],[[-58.13815,-32.12824],[-58.13787,-32.12852],[-58.13731,-32.12806],[-58.13731,-32.12704],[-58.13815,-32.12824]]],[[[-58.13759,-32.12454],[-58.13824,-32.12204],[-58.13778,-32.12176],[-58.13796,-32.12213],[-58.13759,-32.12213],[-58.13741,-32.12278],[-58.13704,-32.12296],[-58.13713,-32.12343],[-58.13759,-32.12343],[-58.13741,-32.1238],[-58.13759,-32.12454]]],[[[-58.13685,-32.12417],[-58.13657,-32.12444],[-58.13676,-32.12546],[-58.13704,-32.12556],[-58.13806,-32.12546],[-58.13778,-32.12454],[-58.13769,-32.125],[-58.13676,-32.12472],[-58.13676,-32.12444],[-58.13731,-32.12435],[-58.13731,-32.12398],[-58.13685,-32.1238],[-58.13704,-32.12333],[-58.13676,-32.12361],[-58.13685,-32.12417]]],[[[-58.13602,-32.12213],[-58.1362,-32.12167],[-58.13657,-32.12204],[-58.13676,-32.12148],[-58.13565,-32.12083],[-58.13537,-32.12157],[-58.13528,-32.12083],[-58.13565,-32.12065],[-58.13546,-32.12],[-58.13463,-32.11963],[-58.13491,-32.11935],[-58.13481,-32.11898],[-58.13426,-32.11944],[-58.13426,-32.11981],[-58.13444,-32.12028],[-58.13454,-32.11981],[-58.13491,-32.12009],[-58.13454,-32.12046],[-58.135,-32.12074],[-58.135,-32.12185],[-58.13509,-32.12157],[-58.13537,-32.12194],[-58.13565,-32.12157],[-58.13593,-32.12167],[-58.13574,-32.12333],[-58.1363,-32.12241],[-58.13602,-32.12213]]],[[[-58.13713,-32.11889],[-58.13685,-32.11843],[-58.13722,-32.11815],[-58.13556,-32.11676],[-58.13565,-32.1163],[-58.13491,-32.11676],[-58.13324,-32.1163],[-58.13444,-32.11685],[-58.13491,-32.11741],[-58.13519,-32.11741],[-58.13528,-32.11704],[-58.13602,-32.11722],[-58.13639,-32.11759],[-58.1362,-32.11806],[-58.13657,-32.11815],[-58.13648,-32.11861],[-58.13713,-32.11889]]],[[[-58.13333,-32.11509],[-58.1338,-32.11602],[-58.13306,-32.11583],[-58.13278,-32.11602],[-58.13315,-32.1163],[-58.13389,-32.11611],[-58.13435,-32.11565],[-58.13546,-32.11574],[-58.135,-32.11546],[-58.13407,-32.11556],[-58.13398,-32.11509],[-58.13333,-32.11509]]],[[[-58.13667,-32.11574],[-58.13704,-32.11537],[-58.13648,-32.11509],[-58.1362,-32.11602],[-58.13667,-32.11574]]],[[[-58.13167,-32.34954],[-58.13176,-32.35],[-58.13231,-32.35],[-58.13222,-32.34963],[-58.13185,-32.34963],[-58.13194,-32.34926],[-58.1312,-32.34935],[-58.13111,-32.35],[-58.1312,-32.34954],[-58.13167,-32.34954]]],[[[-58.13269,-32.34898],[-58.13222,-32.34926],[-58.13231,-32.34954],[-58.13269,-32.34954],[-58.13269,-32.34898]]],[[[-58.1325,-32.33231],[-58.13083,-32.33222],[-58.13074,-32.33241],[-58.13148,-32.33278],[-58.13241,-32.33269],[-58.13213,-32.33231],[-58.1325,-32.33231]]],[[[-58.13065,-32.33241],[-58.13037,-32.33204],[-58.13019,-32.33213],[-58.12926,-32.33204],[-58.13065,-32.33241]]],[[[-58.13074,-32.28685],[-58.13074,-32.28648],[-58.13111,-32.2863],[-58.13083,-32.28593],[-58.13037,-32.28611],[-58.13046,-32.28685],[-58.13074,-32.28685]]],[[[-58.1313,-32.28444],[-58.1312,-32.28491],[-58.13157,-32.285],[-58.13167,-32.28454],[-58.1313,-32.28444]]],[[[-58.13213,-32.24],[-58.1312,-32.24],[-58.13019,-32.23926],[-58.12935,-32.23907],[-58.1288,-32.23963],[-58.12759,-32.23972],[-58.12769,-32.23926],[-58.12731,-32.23926],[-58.1262,-32.23944],[-58.12583,-32.23981],[-58.12639,-32.24185],[-58.12713,-32.24231],[-58.12787,-32.24176],[-58.12778,-32.24213],[-58.12852,-32.24222],[-58.1288,-32.24306],[-58.12843,-32.24389],[-58.12722,-32.24398],[-58.12731,-32.24472],[-58.12787,-32.24537],[-58.12759,-32.24611],[-58.12704,-32.24583],[-58.12648,-32.2463],[-58.1262,-32.24574],[-58.12639,-32.24509],[-58.12593,-32.24565],[-58.12602,-32.24639],[-58.12657,-32.24657],[-58.12704,-32.24769],[-58.1275,-32.24741],[-58.12741,-32.24704],[-58.12778,-32.24694],[-58.12815,-32.24593],[-58.12852,-32.24583],[-58.12833,-32.24481],[-58.12861,-32.24454],[-58.12815,-32.24435],[-58.12778,-32.24463],[-58.12769,-32.24426],[-58.12889,-32.24407],[-58.12898,-32.24315],[-58.12935,-32.24324],[-58.12944,-32.24287],[-58.12917,-32.24194],[-58.1287,-32.24185],[-58.12852,-32.24139],[-58.12769,-32.2412],[-58.12676,-32.24157],[-58.1263,-32.24065],[-58.12722,-32.24056],[-58.12704,-32.24093],[-58.12713,-32.2412],[-58.12759,-32.24074],[-58.12806,-32.24074],[-58.12759,-32.24065],[-58.1275,-32.24028],[-58.12824,-32.24056],[-58.12926,-32.23981],[-58.12944,-32.24046],[-58.13,-32.24046],[-58.13009,-32.24],[-58.13056,-32.24009],[-58.13028,-32.24046],[-58.13213,-32.24046],[-58.13213,-32.24083],[-58.13148,-32.24074],[-58.13148,-32.24102],[-58.13231,-32.24185],[-58.13463,-32.24231],[-58.13593,-32.24315],[-58.13657,-32.24287],[-58.13676,-32.24352],[-58.13741,-32.24352],[-58.1375,-32.24306],[-58.13778,-32.24306],[-58.13796,-32.2437],[-58.13759,-32.2438],[-58.13963,-32.24463],[-58.13926,-32.24361],[-58.14009,-32.24222],[-58.14,-32.24176],[-58.13917,-32.24176],[-58.13944,-32.24269],[-58.13898,-32.24287],[-58.1388,-32.24361],[-58.13815,-32.24352],[-58.13796,-32.24287],[-58.13741,-32.24278],[-58.13667,-32.24167],[-58.1362,-32.24231],[-58.13509,-32.24204],[-58.13509,-32.24167],[-58.13491,-32.24157],[-58.13463,-32.24185],[-58.13296,-32.24157],[-58.1325,-32.24093],[-58.13269,-32.24037],[-58.13213,-32.24]]],[[[-58.1237,-32.24731],[-58.12481,-32.24491],[-58.12528,-32.24472],[-58.12593,-32.24509],[-58.1263,-32.24491],[-58.12546,-32.24435],[-58.12472,-32.24481],[-58.12398,-32.2462],[-58.1237,-32.24731]]],[[[-58.12333,-32.24954],[-58.1237,-32.24769],[-58.12352,-32.24759],[-58.12343,-32.24815],[-58.12333,-32.24759],[-58.12287,-32.24722],[-58.1225,-32.24759],[-58.12296,-32.24787],[-58.12287,-32.24861],[-58.12324,-32.2488],[-58.12324,-32.24926],[-58.12287,-32.24954],[-58.12333,-32.24954]]],[[[-58.13426,-32.23259],[-58.13269,-32.23361],[-58.13065,-32.23426],[-58.13157,-32.23444],[-58.13435,-32.23259],[-58.135,-32.23269],[-58.13519,-32.23231],[-58.13426,-32.23259]]],[[[-58.13444,-32.23315],[-58.13389,-32.2337],[-58.13398,-32.23398],[-58.13472,-32.23343],[-58.13509,-32.23343],[-58.13509,-32.23315],[-58.13444,-32.23315]]],[[[-58.1362,-32.23324],[-58.13537,-32.23287],[-58.13509,-32.23315],[-58.1362,-32.23324]]],[[[-58.13028,-32.23398],[-58.13019,-32.23343],[-58.13,-32.23343],[-58.12991,-32.2338],[-58.13028,-32.23398]]],[[[-58.13148,-32.22176],[-58.13102,-32.22398],[-58.13074,-32.22389],[-58.13083,-32.22426],[-58.13037,-32.22435],[-58.13083,-32.22481],[-58.12981,-32.22537],[-58.13009,-32.22565],[-58.12981,-32.22639],[-58.13009,-32.22648],[-58.13037,-32.22602],[-58.13028,-32.22528],[-58.13056,-32.225],[-58.13111,-32.22519],[-58.13111,-32.22481],[-58.13167,-32.22472],[-58.13093,-32.22472],[-58.13093,-32.22426],[-58.1313,-32.22407],[-58.1312,-32.22343],[-58.13157,-32.22315],[-58.13148,-32.22176]]],[[[-58.13037,-32.22694],[-58.13065,-32.22639],[-58.13102,-32.22657],[-58.1313,-32.2263],[-58.13083,-32.22639],[-58.13093,-32.22611],[-58.13046,-32.22593],[-58.13065,-32.2263],[-58.13019,-32.22657],[-58.13046,-32.22667],[-58.13037,-32.22694]]],[[[-58.13796,-32.19926],[-58.13759,-32.19907],[-58.13796,-32.19861],[-58.13787,-32.19843],[-58.1375,-32.19889],[-58.13741,-32.20019],[-58.13704,-32.20028],[-58.13694,-32.2],[-58.1362,-32.20019],[-58.13685,-32.20074],[-58.1362,-32.20083],[-58.13602,-32.2013],[-58.13546,-32.20093],[-58.13509,-32.2013],[-58.13528,-32.20185],[-58.13556,-32.20139],[-58.13602,-32.20148],[-58.13648,-32.20093],[-58.13741,-32.20065],[-58.13769,-32.20037],[-58.13759,-32.19954],[-58.13796,-32.19926]]],[[[-58.12639,-32.20639],[-58.12574,-32.20713],[-58.12685,-32.20685],[-58.12704,-32.2062],[-58.12722,-32.20657],[-58.12769,-32.20639],[-58.12713,-32.20611],[-58.1275,-32.20519],[-58.12806,-32.20509],[-58.12833,-32.20463],[-58.12806,-32.20426],[-58.12833,-32.20426],[-58.12907,-32.20361],[-58.12917,-32.20269],[-58.12991,-32.20241],[-58.12898,-32.2025],[-58.1288,-32.20296],[-58.12824,-32.20296],[-58.1287,-32.20259],[-58.12778,-32.20278],[-58.1275,-32.20343],[-58.12769,-32.2038],[-58.12694,-32.20426],[-58.12704,-32.20472],[-58.12741,-32.20463],[-58.12741,-32.20509],[-58.12704,-32.20491],[-58.1262,-32.20546],[-58.12639,-32.20639]],[[-58.12824,-32.20407],[-58.12769,-32.20407],[-58.12796,-32.20389],[-58.12787,-32.20287],[-58.12806,-32.20324],[-58.12889,-32.20315],[-58.12889,-32.20352],[-58.12843,-32.20361],[-58.12824,-32.20407]]],[[[-58.12602,-32.20639],[-58.1262,-32.20565],[-58.12583,-32.20611],[-58.12546,-32.20574],[-58.12528,-32.20583],[-58.12565,-32.20657],[-58.12602,-32.20639]]],[[[-58.12463,-32.2063],[-58.12454,-32.20676],[-58.12481,-32.20676],[-58.12519,-32.20611],[-58.12463,-32.2063]]],[[[-58.13213,-32.20037],[-58.13157,-32.20056],[-58.13148,-32.20019],[-58.1312,-32.20037],[-58.13176,-32.20111],[-58.13176,-32.20185],[-58.13213,-32.20194],[-58.13185,-32.2013],[-58.13213,-32.20111],[-58.13213,-32.20037]]],[[[-58.13185,-32.1962],[-58.13148,-32.19593],[-58.1312,-32.19648],[-58.13148,-32.19648],[-58.13167,-32.19704],[-58.13185,-32.1962]]],[[[-58.13102,-32.19787],[-58.13074,-32.1975],[-58.13056,-32.19833],[-58.13102,-32.19815],[-58.13102,-32.1987],[-58.13065,-32.19898],[-58.13074,-32.19972],[-58.13111,-32.1988],[-58.13102,-32.19787]]],[[[-58.13194,-32.19648],[-58.13204,-32.19741],[-58.13241,-32.19741],[-58.13287,-32.19824],[-58.13324,-32.19824],[-58.13278,-32.19704],[-58.13269,-32.19731],[-58.13231,-32.19722],[-58.13204,-32.19676],[-58.13241,-32.19667],[-58.13194,-32.19648]]],[[[-58.13287,-32.1938],[-58.13259,-32.19389],[-58.13296,-32.19398],[-58.13269,-32.19435],[-58.13269,-32.195],[-58.13315,-32.19417],[-58.13287,-32.1938]]],[[[-58.13231,-32.19556],[-58.13269,-32.19556],[-58.13269,-32.195],[-58.13222,-32.19454],[-58.13231,-32.19556]]],[[[-58.13111,-32.18954],[-58.13074,-32.19],[-58.13074,-32.19056],[-58.13102,-32.18981],[-58.13157,-32.19],[-58.13111,-32.18954]]],[[[-58.13093,-32.19167],[-58.13083,-32.19111],[-58.13019,-32.19093],[-58.1313,-32.1925],[-58.13139,-32.19194],[-58.13093,-32.19167]]],[[[-58.12824,-32.19481],[-58.12806,-32.19426],[-58.12889,-32.19352],[-58.12843,-32.19315],[-58.12963,-32.1925],[-58.12972,-32.1913],[-58.13019,-32.19093],[-58.12991,-32.19056],[-58.12954,-32.19056],[-58.12954,-32.19222],[-58.12833,-32.19296],[-58.12861,-32.19352],[-58.12806,-32.1937],[-58.12815,-32.19407],[-58.12787,-32.19417],[-58.12806,-32.19491],[-58.12769,-32.19509],[-58.12787,-32.19537],[-58.12852,-32.19509],[-58.12898,-32.19519],[-58.12824,-32.19481]]],[[[-58.13194,-32.19074],[-58.13213,-32.19241],[-58.13241,-32.19278],[-58.1325,-32.19222],[-58.13287,-32.19204],[-58.13213,-32.19176],[-58.13213,-32.19139],[-58.13269,-32.19111],[-58.13204,-32.1912],[-58.13194,-32.19074]]],[[[-58.13278,-32.19167],[-58.13306,-32.19157],[-58.13324,-32.19111],[-58.13296,-32.19139],[-58.13269,-32.1912],[-58.13278,-32.19167]]],[[[-58.13352,-32.18917],[-58.13324,-32.18759],[-58.13352,-32.18741],[-58.13343,-32.18657],[-58.13269,-32.18833],[-58.13241,-32.18796],[-58.13176,-32.18787],[-58.13213,-32.1888],[-58.13278,-32.18935],[-58.13352,-32.18917]]],[[[-58.13241,-32.16954],[-58.13185,-32.16926],[-58.13148,-32.16991],[-58.13148,-32.16944],[-58.1312,-32.16926],[-58.13139,-32.17],[-58.13167,-32.17009],[-58.13157,-32.17056],[-58.13176,-32.17019],[-58.13194,-32.17028],[-58.13259,-32.17019],[-58.13231,-32.17009],[-58.13241,-32.16954]],[[-58.13176,-32.16954],[-58.13222,-32.16954],[-58.13213,-32.17019],[-58.13185,-32.17],[-58.13176,-32.16954]]],[[[-58.13222,-32.16713],[-58.13269,-32.16685],[-58.13287,-32.16722],[-58.13259,-32.16796],[-58.13361,-32.16833],[-58.13352,-32.16759],[-58.13287,-32.16759],[-58.13296,-32.16685],[-58.13287,-32.16676],[-58.13231,-32.16685],[-58.13185,-32.1663],[-58.13222,-32.16713]]],[[[-58.13222,-32.15741],[-58.13241,-32.15676],[-58.13204,-32.15667],[-58.13167,-32.15722],[-58.13222,-32.15741]]],[[[-58.1325,-32.15611],[-58.13306,-32.15602],[-58.13343,-32.15472],[-58.13315,-32.15463],[-58.13269,-32.15509],[-58.1325,-32.15611]],[[-58.13287,-32.155],[-58.13324,-32.15481],[-58.13296,-32.15574],[-58.13269,-32.15574],[-58.13287,-32.155]]],[[[-58.13028,-32.15481],[-58.13139,-32.15509],[-58.1312,-32.15546],[-58.13185,-32.15574],[-58.13176,-32.15537],[-58.13213,-32.15528],[-58.1325,-32.15426],[-58.13204,-32.1538],[-58.1312,-32.15435],[-58.13111,-32.15361],[-58.13065,-32.15361],[-58.13102,-32.1537],[-58.13102,-32.15444],[-58.13148,-32.15426],[-58.13213,-32.15435],[-58.1312,-32.15491],[-58.13102,-32.15454],[-58.13037,-32.15463],[-58.13046,-32.15435],[-58.13037,-32.15417],[-58.13009,-32.15509],[-58.12972,-32.15528],[-58.12898,-32.15667],[-58.12926,-32.15685],[-58.12972,-32.1563],[-58.13028,-32.15546],[-58.13028,-32.15481]]],[[[-58.13065,-32.13713],[-58.13009,-32.13657],[-58.13,-32.13685],[-58.13028,-32.13741],[-58.13056,-32.1375],[-58.13065,-32.13713]]],[[[-58.13296,-32.13444],[-58.13324,-32.13537],[-58.13287,-32.13519],[-58.13287,-32.13574],[-58.13324,-32.13546],[-58.13333,-32.13611],[-58.13333,-32.135],[-58.13296,-32.13444]]],[[[-58.1325,-32.13148],[-58.13241,-32.13296],[-58.13269,-32.13315],[-58.13296,-32.13287],[-58.13259,-32.13296],[-58.1325,-32.13269],[-58.13259,-32.1312],[-58.13185,-32.13019],[-58.13194,-32.13093],[-58.1325,-32.13148]]],[[[-58.13009,-32.11296],[-58.12954,-32.11315],[-58.12981,-32.11398],[-58.13037,-32.1138],[-58.13009,-32.11296]]],[[[-58.13213,-32.1025],[-58.13093,-32.10278],[-58.13102,-32.10352],[-58.13009,-32.10389],[-58.12981,-32.10333],[-58.12907,-32.10324],[-58.12917,-32.10287],[-58.1288,-32.10269],[-58.12917,-32.10176],[-58.12806,-32.10167],[-58.12796,-32.10213],[-58.12769,-32.10213],[-58.12787,-32.10296],[-58.12639,-32.10296],[-58.12648,-32.10222],[-58.12685,-32.10241],[-58.12722,-32.10213],[-58.12694,-32.10148],[-58.12731,-32.1012],[-58.12685,-32.10102],[-58.12694,-32.10056],[-58.12778,-32.1],[-58.1237,-32.1],[-58.1237,-32.10037],[-58.12259,-32.10074],[-58.12324,-32.10148],[-58.1238,-32.10102],[-58.1238,-32.10037],[-58.12407,-32.10019],[-58.12454,-32.10065],[-58.12444,-32.1013],[-58.12352,-32.10167],[-58.12352,-32.10213],[-58.12296,-32.10176],[-58.12231,-32.10204],[-58.1225,-32.10287],[-58.12315,-32.10287],[-58.12324,-32.10324],[-58.12296,-32.10361],[-58.12204,-32.10352],[-58.12176,-32.10315],[-58.12222,-32.10287],[-58.12157,-32.10269],[-58.12157,-32.10204],[-58.1212,-32.10269],[-58.12083,-32.10213],[-58.12111,-32.10167],[-58.11991,-32.10157],[-58.11991,-32.10093],[-58.12046,-32.10028],[-58.11963,-32.1],[-58.11944,-32.10037],[-58.11972,-32.10065],[-58.11963,-32.10157],[-58.12,-32.10194],[-58.11981,-32.10241],[-58.12074,-32.10269],[-58.12111,-32.10333],[-58.12065,-32.10435],[-58.12139,-32.10519],[-58.12111,-32.10583],[-58.12139,-32.1063],[-58.1213,-32.10593],[-58.12176,-32.10556],[-58.12259,-32.10583],[-58.12324,-32.10556],[-58.12343,-32.1063],[-58.12389,-32.1063],[-58.12324,-32.10537],[-58.12167,-32.10546],[-58.12222,-32.10519],[-58.12185,-32.105],[-58.12222,-32.10435],[-58.12269,-32.10417],[-58.12259,-32.10463],[-58.12296,-32.10481],[-58.1237,-32.10407],[-58.12361,-32.10361],[-58.12444,-32.1037],[-58.12444,-32.10444],[-58.125,-32.10481],[-58.12481,-32.10593],[-58.12556,-32.10565],[-58.12537,-32.10444],[-58.12565,-32.10398],[-58.12722,-32.10426],[-58.1275,-32.1037],[-58.12796,-32.10407],[-58.12815,-32.10352],[-58.12889,-32.1037],[-58.12815,-32.10426],[-58.1287,-32.10472],[-58.12907,-32.10463],[-58.12898,-32.10398],[-58.12917,-32.10435],[-58.12963,-32.10435],[-58.12935,-32.10481],[-58.12963,-32.10593],[-58.12991,-32.10593],[-58.12963,-32.10574],[-58.12981,-32.105],[-58.13019,-32.10519],[-58.13056,-32.10463],[-58.13176,-32.105],[-58.13185,-32.10565],[-58.13194,-32.105],[-58.13102,-32.10444],[-58.13139,-32.10435],[-58.13148,-32.10361],[-58.13213,-32.10361],[-58.13213,-32.10315],[-58.13269,-32.10306],[-58.13324,-32.10315],[-58.13306,-32.10454],[-58.13343,-32.10444],[-58.13343,-32.10407],[-58.13417,-32.10417],[-58.13435,-32.10389],[-58.13407,-32.10472],[-58.13343,-32.10472],[-58.13426,-32.10546],[-58.13398,-32.10546],[-58.1338,-32.10602],[-58.13306,-32.10639],[-58.13315,-32.10667],[-58.1338,-32.10657],[-58.13426,-32.10713],[-58.13481,-32.10685],[-58.13574,-32.10713],[-58.13565,-32.10676],[-58.1362,-32.10667],[-58.1362,-32.10657],[-58.13565,-32.10657],[-58.13546,-32.10694],[-58.13509,-32.10676],[-58.13426,-32.10694],[-58.13361,-32.1062],[-58.13398,-32.1062],[-58.13398,-32.10565],[-58.13407,-32.10593],[-58.13491,-32.10574],[-58.13565,-32.10602],[-58.13676,-32.10574],[-58.13704,-32.10611],[-58.13778,-32.10574],[-58.13759,-32.10537],[-58.13796,-32.10481],[-58.13639,-32.10491],[-58.1363,-32.10463],[-58.13537,-32.10463],[-58.13509,-32.10435],[-58.13528,-32.1037],[-58.13444,-32.10352],[-58.13463,-32.10278],[-58.13361,-32.10213],[-58.13389,-32.10185],[-58.13463,-32.10194],[-58.135,-32.10241],[-58.13556,-32.10148],[-58.13481,-32.10157],[-58.13463,-32.10111],[-58.13343,-32.10111],[-58.13324,-32.10046],[-58.13204,-32.10065],[-58.13222,-32.10111],[-58.13269,-32.10083],[-58.13315,-32.10148],[-58.13306,-32.1025],[-58.13241,-32.10296],[-58.13213,-32.1025]],[[-58.1375,-32.10574],[-58.13639,-32.10537],[-58.13694,-32.10509],[-58.1375,-32.10574]],[[-58.12519,-32.10185],[-58.12472,-32.10213],[-58.12426,-32.10194],[-58.12454,-32.10111],[-58.12491,-32.10102],[-58.12481,-32.10037],[-58.12519,-32.10056],[-58.12528,-32.10028],[-58.12583,-32.10028],[-58.12556,-32.10102],[-58.125,-32.1012],[-58.12519,-32.10185]],[[-58.12407,-32.10296],[-58.1237,-32.1025],[-58.12352,-32.10296],[-58.12306,-32.10269],[-58.12361,-32.1025],[-58.1237,-32.10176],[-58.12398,-32.10222],[-58.12435,-32.10222],[-58.12407,-32.10296]],[[-58.12546,-32.10269],[-58.12481,-32.10333],[-58.12417,-32.10352],[-58.12481,-32.1025],[-58.12528,-32.10241],[-58.12546,-32.10269]],[[-58.1337,-32.10352],[-58.13352,-32.10296],[-58.13426,-32.10278],[-58.13435,-32.10306],[-58.1337,-32.10352]],[[-58.12509,-32.10463],[-58.12463,-32.10435],[-58.12481,-32.10352],[-58.12546,-32.1037],[-58.12509,-32.10463]],[[-58.13102,-32.10426],[-58.13037,-32.10435],[-58.13037,-32.10398],[-58.13102,-32.10389],[-58.13102,-32.10426]]],[[[-58.13806,-32.10852],[-58.13852,-32.10769],[-58.13833,-32.10722],[-58.13806,-32.10731],[-58.13806,-32.10787],[-58.13676,-32.1075],[-58.13713,-32.10676],[-58.1362,-32.10759],[-58.13796,-32.10815],[-58.13787,-32.10852],[-58.13731,-32.10861],[-58.13741,-32.10935],[-58.13713,-32.10954],[-58.13731,-32.10991],[-58.13759,-32.10972],[-58.13731,-32.10972],[-58.13759,-32.10954],[-58.1375,-32.1087],[-58.13806,-32.10852]]],[[[-58.13861,-32.1088],[-58.13815,-32.10907],[-58.13843,-32.10935],[-58.13759,-32.10963],[-58.13852,-32.10954],[-58.1387,-32.10917],[-58.13907,-32.10935],[-58.13861,-32.1088]]],[[[-58.13991,-32.10917],[-58.13907,-32.10935],[-58.13907,-32.10944],[-58.13954,-32.10944],[-58.13991,-32.10917]]],[[[-58.12639,-32.10648],[-58.12556,-32.10565],[-58.12574,-32.1063],[-58.125,-32.1063],[-58.12491,-32.10602],[-58.12417,-32.1062],[-58.12426,-32.10685],[-58.12574,-32.10685],[-58.12574,-32.10657],[-58.12519,-32.10648],[-58.12593,-32.1063],[-58.12639,-32.10648]]],[[[-58.12676,-32.10741],[-58.12648,-32.10722],[-58.12657,-32.1075],[-58.12694,-32.10769],[-58.12694,-32.10694],[-58.12676,-32.10741]]],[[[-58.13167,-32.10426],[-58.13241,-32.10463],[-58.13278,-32.10417],[-58.13167,-32.10426]]],[[[-58.12472,-32.34796],[-58.12417,-32.34759],[-58.12509,-32.34731],[-58.12472,-32.34713],[-58.12481,-32.34676],[-58.12444,-32.34676],[-58.12444,-32.34741],[-58.12398,-32.34759],[-58.12426,-32.34806],[-58.12481,-32.34815],[-58.12481,-32.34852],[-58.12537,-32.34796],[-58.12565,-32.34824],[-58.12546,-32.34769],[-58.12472,-32.34796]]],[[[-58.12639,-32.34843],[-58.12741,-32.35],[-58.12759,-32.34981],[-58.12704,-32.3488],[-58.1275,-32.34917],[-58.12787,-32.34917],[-58.12769,-32.35],[-58.12824,-32.35],[-58.12796,-32.34898],[-58.12694,-32.3487],[-58.12685,-32.34833],[-58.12574,-32.34833],[-58.12639,-32.34843]]],[[[-58.1275,-32.3287],[-58.12759,-32.32889],[-58.12843,-32.32889],[-58.12806,-32.3287],[-58.1275,-32.3287]]],[[[-58.13,-32.32398],[-58.13037,-32.32454],[-58.13074,-32.32444],[-58.13037,-32.32435],[-58.13046,-32.32398],[-58.13,-32.32398]]],[[[-58.12731,-32.28241],[-58.12537,-32.28213],[-58.12537,-32.28259],[-58.12639,-32.28259],[-58.12667,-32.28296],[-58.12731,-32.28278],[-58.12731,-32.28241]]],[[[-58.12991,-32.27602],[-58.12898,-32.27685],[-58.12991,-32.27657],[-58.12991,-32.27602]]],[[[-58.12602,-32.24324],[-58.12639,-32.24296],[-58.12593,-32.24269],[-58.12602,-32.24324]]],[[[-58.1287,-32.24111],[-58.12843,-32.24074],[-58.12806,-32.24102],[-58.1287,-32.24111]]],[[[-58.12926,-32.23731],[-58.12917,-32.2375],[-58.12833,-32.2375],[-58.12824,-32.23769],[-58.12778,-32.23741],[-58.12796,-32.23824],[-58.12731,-32.23843],[-58.12917,-32.23824],[-58.12917,-32.23769],[-58.12972,-32.23769],[-58.12981,-32.23843],[-58.13019,-32.23833],[-58.13009,-32.23824],[-58.13019,-32.23778],[-58.12926,-32.23731]]],[[[-58.12565,-32.23713],[-58.12593,-32.23704],[-58.12593,-32.23694],[-58.12528,-32.23676],[-58.12565,-32.23713]]],[[[-58.12602,-32.23704],[-58.12574,-32.23713],[-58.1262,-32.2375],[-58.12602,-32.23787],[-58.12657,-32.23787],[-58.12602,-32.23704]]],[[[-58.12657,-32.23574],[-58.12713,-32.2363],[-58.12722,-32.23593],[-58.12778,-32.23593],[-58.12778,-32.23565],[-58.12657,-32.23574]]],[[[-58.1288,-32.23398],[-58.12898,-32.23343],[-58.12843,-32.23324],[-58.12843,-32.2338],[-58.1288,-32.23398]]],[[[-58.12769,-32.235],[-58.12778,-32.23426],[-58.12759,-32.23463],[-58.12731,-32.23463],[-58.12731,-32.23491],[-58.12769,-32.235]]],[[[-58.12843,-32.22898],[-58.12852,-32.22963],[-58.12824,-32.22991],[-58.12843,-32.22991],[-58.12861,-32.22972],[-58.12861,-32.22926],[-58.12843,-32.22898]]],[[[-58.12731,-32.2012],[-58.12704,-32.20148],[-58.12704,-32.20176],[-58.12741,-32.20167],[-58.12731,-32.2012]]],[[[-58.12926,-32.19935],[-58.12861,-32.19981],[-58.12852,-32.20028],[-58.12833,-32.19981],[-58.12796,-32.20074],[-58.12861,-32.20093],[-58.12926,-32.19935]]],[[[-58.12657,-32.20056],[-58.12611,-32.19889],[-58.12565,-32.19898],[-58.12528,-32.20065],[-58.12593,-32.2],[-58.12611,-32.20028],[-58.12574,-32.20056],[-58.12657,-32.20056]]],[[[-58.12657,-32.20046],[-58.12713,-32.20019],[-58.12713,-32.20009],[-58.12657,-32.20009],[-58.12657,-32.20046]]],[[[-58.12917,-32.18352],[-58.12843,-32.18361],[-58.12852,-32.18435],[-58.12889,-32.18389],[-58.12935,-32.18435],[-58.12963,-32.1837],[-58.12917,-32.18352]]],[[[-58.12769,-32.17722],[-58.12676,-32.17778],[-58.12667,-32.17694],[-58.12722,-32.17639],[-58.12722,-32.17611],[-58.12685,-32.17602],[-58.12694,-32.17537],[-58.12657,-32.17509],[-58.12713,-32.17491],[-58.12722,-32.17435],[-58.12648,-32.17481],[-58.12667,-32.17611],[-58.12713,-32.1762],[-58.12648,-32.17694],[-58.12648,-32.17796],[-58.12713,-32.17824],[-58.12713,-32.17778],[-58.12787,-32.17722],[-58.12806,-32.17676],[-58.12796,-32.17648],[-58.12769,-32.17722]]],[[[-58.12815,-32.17454],[-58.12796,-32.17481],[-58.12796,-32.17546],[-58.12824,-32.17472],[-58.12815,-32.17454]]],[[[-58.12898,-32.1725],[-58.1287,-32.1725],[-58.12889,-32.17333],[-58.12898,-32.17333],[-58.12898,-32.1725]]],[[[-58.12657,-32.16889],[-58.12694,-32.16898],[-58.12722,-32.17028],[-58.12741,-32.17037],[-58.12704,-32.1687],[-58.12657,-32.16889]]],[[[-58.12639,-32.16222],[-58.12676,-32.16269],[-58.12704,-32.16269],[-58.12685,-32.16231],[-58.12639,-32.16222]]],[[[-58.12704,-32.16269],[-58.12759,-32.16324],[-58.12759,-32.16287],[-58.12704,-32.16269]]],[[[-58.12843,-32.15741],[-58.12796,-32.15694],[-58.12769,-32.15704],[-58.12796,-32.15741],[-58.12704,-32.15787],[-58.12694,-32.15806],[-58.12704,-32.15843],[-58.12769,-32.15778],[-58.12833,-32.15778],[-58.12843,-32.15741]]],[[[-58.135,-32.15315],[-58.1363,-32.1513],[-58.1362,-32.15065],[-58.13657,-32.15074],[-58.13676,-32.15009],[-58.13713,-32.14991],[-58.13713,-32.14926],[-58.13741,-32.14917],[-58.13722,-32.14861],[-58.13824,-32.1488],[-58.13833,-32.14843],[-58.13796,-32.14824],[-58.13815,-32.14769],[-58.13667,-32.14787],[-58.13657,-32.14852],[-58.13565,-32.14935],[-58.13574,-32.14954],[-58.13667,-32.1487],[-58.13639,-32.15019],[-58.13565,-32.1512],[-58.13491,-32.15046],[-58.13491,-32.15102],[-58.13528,-32.1513],[-58.13444,-32.15139],[-58.13398,-32.15241],[-58.13454,-32.15148],[-58.13528,-32.15148],[-58.13519,-32.15269],[-58.13491,-32.15296],[-58.135,-32.15315]]],[[[-58.13556,-32.15796],[-58.13491,-32.15694],[-58.13426,-32.15676],[-58.13611,-32.15685],[-58.1362,-32.15639],[-58.13574,-32.15611],[-58.13602,-32.15481],[-58.13528,-32.15491],[-58.13528,-32.15435],[-58.13444,-32.15435],[-58.13481,-32.1538],[-58.13491,-32.15343],[-58.13481,-32.15315],[-58.1337,-32.15676],[-58.13398,-32.1575],[-58.13463,-32.15787],[-58.13472,-32.15935],[-58.13556,-32.15796]],[[-58.13444,-32.15639],[-58.13398,-32.15611],[-58.13426,-32.15556],[-58.13472,-32.1562],[-58.13444,-32.15639]]],[[[-58.13361,-32.16083],[-58.13472,-32.15963],[-58.13472,-32.15935],[-58.13426,-32.15963],[-58.13361,-32.16083]]],[[[-58.13231,-32.16185],[-58.13306,-32.1612],[-58.13111,-32.16213],[-58.13194,-32.16241],[-58.13222,-32.16231],[-58.13185,-32.16213],[-58.13204,-32.16185],[-58.13278,-32.16213],[-58.13361,-32.16194],[-58.13306,-32.16185],[-58.13361,-32.16148],[-58.13231,-32.16185]]],[[[-58.12778,-32.15167],[-58.12861,-32.15241],[-58.12898,-32.15194],[-58.12963,-32.15185],[-58.13028,-32.15269],[-58.13074,-32.15194],[-58.13102,-32.15343],[-58.13222,-32.15324],[-58.1325,-32.15241],[-58.13222,-32.15204],[-58.13278,-32.15194],[-58.13296,-32.15361],[-58.1338,-32.15278],[-58.13315,-32.15296],[-58.13333,-32.15259],[-58.13296,-32.15231],[-58.13389,-32.15204],[-58.13296,-32.15148],[-58.13231,-32.15176],[-58.13213,-32.1512],[-58.13352,-32.15139],[-58.1338,-32.15093],[-58.13426,-32.15083],[-58.13444,-32.14981],[-58.13491,-32.14981],[-58.13509,-32.14907],[-58.13583,-32.1488],[-58.13509,-32.14852],[-58.13565,-32.14815],[-58.13454,-32.14778],[-58.13435,-32.14824],[-58.13398,-32.14824],[-58.13296,-32.14917],[-58.13231,-32.15046],[-58.13111,-32.15148],[-58.13102,-32.15204],[-58.13074,-32.15185],[-58.13083,-32.1512],[-58.13185,-32.14889],[-58.13056,-32.15037],[-58.13019,-32.1512],[-58.12991,-32.1512],[-58.13046,-32.15148],[-58.13019,-32.15204],[-58.12972,-32.1513],[-58.12907,-32.15111],[-58.12731,-32.15111],[-58.12648,-32.15167],[-58.12778,-32.15167]],[[-58.13102,-32.15009],[-58.13102,-32.15056],[-58.13065,-32.15148],[-58.13046,-32.15093],[-58.13102,-32.15009]],[[-58.13519,-32.1487],[-58.13435,-32.14907],[-58.1337,-32.1487],[-58.13398,-32.14843],[-58.13519,-32.1487]],[[-58.1337,-32.15083],[-58.13352,-32.15111],[-58.1325,-32.15093],[-58.13333,-32.14917],[-58.1338,-32.14917],[-58.13417,-32.14981],[-58.13407,-32.15074],[-58.1337,-32.15083]],[[-58.13176,-32.15241],[-58.13194,-32.15287],[-58.13167,-32.15296],[-58.1313,-32.15231],[-58.13176,-32.15176],[-58.13213,-32.15176],[-58.13213,-32.15222],[-58.13176,-32.15241]]],[[[-58.12454,-32.15491],[-58.12509,-32.15343],[-58.12583,-32.15306],[-58.12574,-32.15231],[-58.12648,-32.15176],[-58.12565,-32.15204],[-58.12546,-32.15278],[-58.12481,-32.15333],[-58.12481,-32.15407],[-58.12407,-32.15509],[-58.12444,-32.15602],[-58.12426,-32.15509],[-58.12454,-32.15491]]],[[[-58.13037,-32.16259],[-58.13148,-32.16241],[-58.13019,-32.1625],[-58.12972,-32.16278],[-58.12954,-32.16259],[-58.12991,-32.16231],[-58.12926,-32.16222],[-58.12926,-32.16194],[-58.12972,-32.16185],[-58.12972,-32.16093],[-58.12759,-32.16102],[-58.12731,-32.16074],[-58.12769,-32.16065],[-58.12769,-32.15981],[-58.12806,-32.15963],[-58.12806,-32.15926],[-58.12713,-32.1588],[-58.12593,-32.1588],[-58.12657,-32.15824],[-58.12657,-32.1575],[-58.12481,-32.15676],[-58.12481,-32.15713],[-58.12546,-32.15704],[-58.12639,-32.15787],[-58.12574,-32.15843],[-58.12546,-32.15824],[-58.12546,-32.15759],[-58.12509,-32.15769],[-58.12417,-32.15704],[-58.12352,-32.15426],[-58.12343,-32.15519],[-58.1238,-32.15556],[-58.12407,-32.15694],[-58.12343,-32.15704],[-58.12315,-32.15667],[-58.12306,-32.15759],[-58.12213,-32.15806],[-58.12296,-32.15824],[-58.12315,-32.15731],[-58.1237,-32.15722],[-58.1238,-32.15778],[-58.12343,-32.15806],[-58.1237,-32.15907],[-58.12454,-32.15935],[-58.12639,-32.16102],[-58.12722,-32.16083],[-58.12759,-32.1613],[-58.12889,-32.16111],[-58.12907,-32.16241],[-58.12833,-32.16269],[-58.1288,-32.16296],[-58.12935,-32.16259],[-58.12907,-32.1638],[-58.13009,-32.16463],[-58.13074,-32.16463],[-58.1312,-32.16574],[-58.13185,-32.16574],[-58.13194,-32.1662],[-58.13204,-32.16556],[-58.13157,-32.16537],[-58.13213,-32.16537],[-58.13185,-32.16509],[-58.13278,-32.16426],[-58.13194,-32.16352],[-58.1325,-32.16287],[-58.13185,-32.16287],[-58.13176,-32.16352],[-58.13222,-32.16417],[-58.1312,-32.16491],[-58.13093,-32.16454],[-58.13028,-32.16435],[-58.13009,-32.1638],[-58.13074,-32.16315],[-58.12981,-32.16324],[-58.13037,-32.16259]],[[-58.12407,-32.15731],[-58.12472,-32.15759],[-58.12481,-32.15824],[-58.1238,-32.15796],[-58.12407,-32.15731]],[[-58.12426,-32.1588],[-58.1237,-32.1588],[-58.12398,-32.15824],[-58.12426,-32.15824],[-58.12426,-32.1588]],[[-58.12481,-32.15861],[-58.12546,-32.15917],[-58.12546,-32.16],[-58.12444,-32.15907],[-58.12481,-32.15861]],[[-58.12657,-32.15954],[-58.12676,-32.15926],[-58.12639,-32.15898],[-58.12713,-32.15898],[-58.12685,-32.15926],[-58.12713,-32.15944],[-58.12713,-32.16046],[-58.12704,-32.16019],[-58.12648,-32.16019],[-58.12648,-32.15972],[-58.12593,-32.15991],[-58.12528,-32.1587],[-58.12574,-32.15861],[-58.12593,-32.15926],[-58.12657,-32.15954]],[[-58.12963,-32.16407],[-58.12926,-32.16343],[-58.12963,-32.16306],[-58.12981,-32.1638],[-58.12963,-32.16407]]],[[[-58.13074,-32.16306],[-58.13139,-32.16315],[-58.13176,-32.16287],[-58.13074,-32.16306]]],[[[-58.12028,-32.15583],[-58.11981,-32.15435],[-58.11991,-32.1537],[-58.11954,-32.15352],[-58.12009,-32.15194],[-58.12065,-32.15398],[-58.12167,-32.15463],[-58.12148,-32.1525],[-58.12241,-32.15269],[-58.12278,-32.15204],[-58.12315,-32.15204],[-58.12315,-32.15139],[-58.12361,-32.15102],[-58.12407,-32.15111],[-58.12296,-32.15231],[-58.12296,-32.15352],[-58.12324,-32.15361],[-58.12352,-32.15324],[-58.12315,-32.15343],[-58.12315,-32.15306],[-58.12352,-32.15306],[-58.12352,-32.15259],[-58.12398,-32.15222],[-58.12417,-32.1525],[-58.12435,-32.15194],[-58.12407,-32.15167],[-58.12472,-32.15111],[-58.12565,-32.1513],[-58.12593,-32.15083],[-58.12648,-32.15074],[-58.1263,-32.15028],[-58.12685,-32.15019],[-58.12694,-32.14954],[-58.1262,-32.14972],[-58.12565,-32.14944],[-58.12565,-32.15019],[-58.12528,-32.15019],[-58.12472,-32.15],[-58.12491,-32.14954],[-58.12463,-32.14926],[-58.12426,-32.14926],[-58.12444,-32.14991],[-58.12417,-32.15019],[-58.12343,-32.15],[-58.12296,-32.15185],[-58.12241,-32.15185],[-58.12269,-32.15148],[-58.12231,-32.15148],[-58.12213,-32.15222],[-58.12176,-32.15213],[-58.12194,-32.15111],[-58.12176,-32.15056],[-58.12102,-32.15176],[-58.12102,-32.15287],[-58.12046,-32.15269],[-58.12037,-32.15148],[-58.1212,-32.15093],[-58.12093,-32.15074],[-58.12019,-32.1512],[-58.11954,-32.15204],[-58.11963,-32.15306],[-58.11926,-32.15315],[-58.11926,-32.1537],[-58.11861,-32.15417],[-58.11861,-32.15454],[-58.11898,-32.15574],[-58.11944,-32.1563],[-58.11954,-32.15593],[-58.11991,-32.15611],[-58.11981,-32.15667],[-58.12037,-32.15694],[-58.12028,-32.15583]],[[-58.12148,-32.15426],[-58.12065,-32.15361],[-58.12065,-32.15324],[-58.1213,-32.15324],[-58.12148,-32.15426]],[[-58.11907,-32.15407],[-58.11981,-32.15454],[-58.11991,-32.15583],[-58.11889,-32.15463],[-58.11907,-32.15407]]],[[[-58.12954,-32.15537],[-58.12963,-32.15491],[-58.12935,-32.15546],[-58.12907,-32.155],[-58.12898,-32.15593],[-58.12954,-32.15537]]],[[[-58.13019,-32.13648],[-58.13019,-32.13556],[-58.13083,-32.13472],[-58.13074,-32.13389],[-58.13037,-32.13306],[-58.12981,-32.13296],[-58.12963,-32.13231],[-58.12898,-32.13222],[-58.12907,-32.13111],[-58.1287,-32.13093],[-58.12926,-32.13056],[-58.1288,-32.13056],[-58.12843,-32.13093],[-58.12852,-32.13241],[-58.12815,-32.13259],[-58.12806,-32.13306],[-58.12824,-32.13324],[-58.12861,-32.13269],[-58.12944,-32.1325],[-58.12963,-32.13296],[-58.13019,-32.13315],[-58.13056,-32.1337],[-58.13065,-32.13463],[-58.12954,-32.13565],[-58.13019,-32.13648]]],[[[-58.12935,-32.13537],[-58.12907,-32.13454],[-58.12815,-32.13463],[-58.12889,-32.13472],[-58.12907,-32.13528],[-58.12935,-32.13537]]],[[[-58.12731,-32.13509],[-58.12639,-32.13565],[-58.12639,-32.13583],[-58.12667,-32.13602],[-58.12731,-32.13509]]],[[[-58.12611,-32.13611],[-58.12546,-32.13685],[-58.12657,-32.13602],[-58.12611,-32.13611]]],[[[-58.12667,-32.10815],[-58.12685,-32.1088],[-58.12704,-32.10852],[-58.12741,-32.10861],[-58.12694,-32.10806],[-58.12667,-32.10815]]],[[[-58.12389,-32.34731],[-58.12426,-32.34704],[-58.12361,-32.34694],[-58.12315,-32.34741],[-58.12389,-32.34731]]],[[[-58.125,-32.33111],[-58.12463,-32.33093],[-58.12398,-32.33102],[-58.12463,-32.3312],[-58.125,-32.33111]]],[[[-58.12296,-32.33009],[-58.12306,-32.33037],[-58.1237,-32.33093],[-58.1237,-32.33065],[-58.12296,-32.33009]]],[[[-58.12528,-32.32787],[-58.12537,-32.32824],[-58.12602,-32.32815],[-58.12528,-32.32787]]],[[[-58.1212,-32.32352],[-58.12176,-32.32398],[-58.12167,-32.32463],[-58.12176,-32.32481],[-58.12185,-32.32481],[-58.12185,-32.32491],[-58.12194,-32.32491],[-58.12213,-32.32333],[-58.1213,-32.32296],[-58.1212,-32.32352]]],[[[-58.12296,-32.32593],[-58.12259,-32.32583],[-58.12278,-32.32602],[-58.12241,-32.3262],[-58.1225,-32.32685],[-58.12278,-32.32667],[-58.12259,-32.3262],[-58.12296,-32.32593]]],[[[-58.12287,-32.32704],[-58.1238,-32.32731],[-58.12407,-32.32741],[-58.1238,-32.32713],[-58.12287,-32.32704]]],[[[-58.12157,-32.31278],[-58.12148,-32.31426],[-58.12185,-32.31407],[-58.12194,-32.31481],[-58.12194,-32.31398],[-58.12213,-32.31389],[-58.12222,-32.31407],[-58.12241,-32.31407],[-58.12241,-32.31389],[-58.12213,-32.31343],[-58.12167,-32.31333],[-58.12157,-32.31278]]],[[[-58.12269,-32.31426],[-58.12241,-32.31426],[-58.12269,-32.31454],[-58.12287,-32.31398],[-58.12306,-32.31417],[-58.12324,-32.31417],[-58.12324,-32.31398],[-58.12278,-32.3137],[-58.12269,-32.31426]]],[[[-58.1237,-32.31528],[-58.12315,-32.315],[-58.12306,-32.31556],[-58.1237,-32.31611],[-58.12426,-32.31769],[-58.12519,-32.31843],[-58.125,-32.31861],[-58.12509,-32.31898],[-58.1263,-32.31944],[-58.12657,-32.31991],[-58.12648,-32.32074],[-58.12713,-32.32065],[-58.12731,-32.32019],[-58.12759,-32.32046],[-58.12769,-32.31981],[-58.12676,-32.31963],[-58.12685,-32.31926],[-58.12583,-32.31796],[-58.12611,-32.31731],[-58.12556,-32.31731],[-58.12565,-32.31796],[-58.12491,-32.31759],[-58.12574,-32.31861],[-58.12444,-32.3175],[-58.12491,-32.31704],[-58.12426,-32.31704],[-58.12389,-32.31648],[-58.12435,-32.31667],[-58.12472,-32.3162],[-58.12426,-32.31648],[-58.12407,-32.31611],[-58.12435,-32.31611],[-58.12435,-32.31602],[-58.12407,-32.31593],[-58.12389,-32.315],[-58.1237,-32.31528]]],[[[-58.12741,-32.3212],[-58.12741,-32.32046],[-58.12713,-32.3213],[-58.12741,-32.3212]]],[[[-58.12157,-32.31556],[-58.12213,-32.31574],[-58.12194,-32.31491],[-58.12185,-32.31556],[-58.12148,-32.31519],[-58.12157,-32.31556]]],[[[-58.12889,-32.28287],[-58.12787,-32.28287],[-58.12815,-32.28315],[-58.1288,-32.28296],[-58.12843,-32.28352],[-58.12898,-32.2838],[-58.12833,-32.28398],[-58.12861,-32.28426],[-58.12852,-32.28481],[-58.12787,-32.28463],[-58.12741,-32.28509],[-58.12722,-32.28417],[-58.12769,-32.28361],[-58.1275,-32.28333],[-58.12667,-32.28343],[-58.12657,-32.28306],[-58.1262,-32.28306],[-58.12565,-32.28352],[-58.12565,-32.28296],[-58.12509,-32.28278],[-58.12472,-32.28315],[-58.12491,-32.28352],[-58.12454,-32.28352],[-58.12435,-32.28296],[-58.12343,-32.28352],[-58.12296,-32.28435],[-58.12361,-32.28463],[-58.12259,-32.28519],[-58.12213,-32.28593],[-58.1225,-32.2863],[-58.12204,-32.28639],[-58.12194,-32.28722],[-58.12148,-32.28657],[-58.12157,-32.2862],[-58.12019,-32.2863],[-58.12083,-32.28648],[-58.12028,-32.28657],[-58.12074,-32.28685],[-58.12157,-32.28676],[-58.12167,-32.28713],[-58.12083,-32.28778],[-58.12139,-32.28787],[-58.12157,-32.2875],[-58.12176,-32.28824],[-58.12139,-32.28833],[-58.1213,-32.2887],[-58.12065,-32.28861],[-58.12009,-32.28787],[-58.11898,-32.28917],[-58.11898,-32.28963],[-58.11843,-32.29],[-58.11963,-32.29019],[-58.11944,-32.28917],[-58.12028,-32.28898],[-58.12046,-32.28935],[-58.12083,-32.28935],[-58.12065,-32.28898],[-58.12102,-32.2888],[-58.12139,-32.28907],[-58.12148,-32.28843],[-58.12269,-32.28833],[-58.12324,-32.28796],[-58.12333,-32.28759],[-58.12269,-32.2875],[-58.12269,-32.28722],[-58.12352,-32.28713],[-58.12343,-32.2863],[-58.12361,-32.28648],[-58.12426,-32.2863],[-58.12417,-32.28611],[-58.12343,-32.2862],[-58.12333,-32.28593],[-58.1237,-32.28537],[-58.12435,-32.28565],[-58.12444,-32.28528],[-58.12426,-32.285],[-58.12463,-32.28509],[-58.12444,-32.28472],[-58.12472,-32.28463],[-58.12426,-32.28472],[-58.12389,-32.28426],[-58.12444,-32.28417],[-58.12454,-32.2837],[-58.12454,-32.28444],[-58.12611,-32.28481],[-58.12593,-32.28519],[-58.1263,-32.28537],[-58.1262,-32.28593],[-58.12657,-32.28574],[-58.12657,-32.28537],[-58.12704,-32.28583],[-58.1275,-32.28556],[-58.12824,-32.28556],[-58.1287,-32.28593],[-58.12954,-32.28583],[-58.12954,-32.28713],[-58.13009,-32.28722],[-58.12991,-32.28769],[-58.13028,-32.28787],[-58.13065,-32.28889],[-58.13111,-32.28907],[-58.13093,-32.28806],[-58.13037,-32.28787],[-58.13028,-32.28722],[-58.12972,-32.28685],[-58.12981,-32.28583],[-58.12824,-32.28519],[-58.12907,-32.28472],[-58.12898,-32.28343],[-58.12935,-32.28343],[-58.12907,-32.28324],[-58.12935,-32.28306],[-58.12889,-32.28287]],[[-58.12639,-32.28417],[-58.12713,-32.28398],[-58.12713,-32.28481],[-58.12667,-32.28491],[-58.12657,-32.28444],[-58.1262,-32.28454],[-58.12639,-32.28417]]],[[[-58.11852,-32.28806],[-58.11861,-32.28852],[-58.11787,-32.28972],[-58.11833,-32.28972],[-58.11833,-32.28917],[-58.11889,-32.2888],[-58.11889,-32.28815],[-58.11852,-32.28806]]],[[[-58.11935,-32.28667],[-58.11944,-32.28685],[-58.12028,-32.28676],[-58.12028,-32.28667],[-58.11935,-32.28667]]],[[[-58.11954,-32.28787],[-58.11907,-32.28769],[-58.11898,-32.28685],[-58.11889,-32.28769],[-58.11907,-32.28787],[-58.11954,-32.28787]]],[[[-58.12176,-32.28574],[-58.1213,-32.285],[-58.12083,-32.285],[-58.12065,-32.28556],[-58.12093,-32.28602],[-58.12176,-32.28574]]],[[[-58.12537,-32.2862],[-58.12528,-32.28667],[-58.12574,-32.28657],[-58.12574,-32.28648],[-58.12537,-32.2862]]],[[[-58.12519,-32.28602],[-58.12537,-32.28546],[-58.12583,-32.28546],[-58.12546,-32.285],[-58.12491,-32.28537],[-58.12519,-32.28602]]],[[[-58.12213,-32.28324],[-58.12231,-32.28287],[-58.12204,-32.28269],[-58.12176,-32.28296],[-58.12213,-32.28324]]],[[[-58.1238,-32.28278],[-58.12324,-32.28296],[-58.1238,-32.28315],[-58.1238,-32.28278]]],[[[-58.12491,-32.27843],[-58.12463,-32.27815],[-58.12444,-32.27815],[-58.12454,-32.27861],[-58.12491,-32.27843]]],[[[-58.1187,-32.2713],[-58.11907,-32.2713],[-58.1188,-32.27093],[-58.11898,-32.27037],[-58.11935,-32.27028],[-58.11898,-32.26917],[-58.11972,-32.26907],[-58.11991,-32.26935],[-58.11954,-32.26861],[-58.12,-32.26852],[-58.12,-32.26787],[-58.11944,-32.26741],[-58.11972,-32.26676],[-58.11926,-32.26685],[-58.11917,-32.26639],[-58.11991,-32.2663],[-58.11954,-32.26593],[-58.12028,-32.26509],[-58.11972,-32.26509],[-58.11963,-32.26454],[-58.1188,-32.26454],[-58.11861,-32.26426],[-58.11815,-32.26454],[-58.11861,-32.26509],[-58.11833,-32.26583],[-58.11861,-32.26667],[-58.11926,-32.26704],[-58.1187,-32.26796],[-58.11889,-32.26861],[-58.11935,-32.26852],[-58.11935,-32.26898],[-58.11787,-32.2687],[-58.1175,-32.27009],[-58.11824,-32.26981],[-58.1188,-32.27046],[-58.11852,-32.27111],[-58.11824,-32.27074],[-58.11731,-32.27111],[-58.11722,-32.2713],[-58.11731,-32.27231],[-58.11843,-32.27213],[-58.1187,-32.2713]],[[-58.1175,-32.27213],[-58.11787,-32.2713],[-58.11833,-32.27148],[-58.11806,-32.27213],[-58.1175,-32.27213]]],[[[-58.11898,-32.27333],[-58.11852,-32.27306],[-58.11815,-32.27324],[-58.11833,-32.27259],[-58.11778,-32.27278],[-58.11769,-32.27241],[-58.11731,-32.27241],[-58.11759,-32.27269],[-58.11704,-32.27287],[-58.11759,-32.27333],[-58.11759,-32.27398],[-58.11796,-32.27444],[-58.11889,-32.27444],[-58.11778,-32.27602],[-58.11843,-32.27611],[-58.11843,-32.27565],[-58.11889,-32.27574],[-58.11889,-32.27528],[-58.11963,-32.27546],[-58.11972,-32.275],[-58.12019,-32.27481],[-58.12037,-32.27519],[-58.11972,-32.27574],[-58.12074,-32.27565],[-58.12093,-32.2763],[-58.1213,-32.27602],[-58.12167,-32.27648],[-58.12111,-32.27648],[-58.12111,-32.27694],[-58.12083,-32.27694],[-58.12046,-32.27731],[-58.12046,-32.27796],[-58.12019,-32.27796],[-58.12019,-32.27722],[-58.11991,-32.27769],[-58.11926,-32.27787],[-58.11926,-32.2787],[-58.11889,-32.27907],[-58.11917,-32.27917],[-58.11935,-32.2788],[-58.11972,-32.2788],[-58.11954,-32.27843],[-58.12046,-32.27824],[-58.12065,-32.27759],[-58.1213,-32.2775],[-58.12148,-32.27713],[-58.12185,-32.27731],[-58.12222,-32.27694],[-58.12194,-32.27685],[-58.12213,-32.27667],[-58.12222,-32.27602],[-58.12139,-32.27583],[-58.12065,-32.27491],[-58.12065,-32.27435],[-58.12074,-32.27481],[-58.12157,-32.27481],[-58.12176,-32.27444],[-58.1213,-32.27435],[-58.1212,-32.27361],[-58.12065,-32.27361],[-58.12056,-32.27296],[-58.11898,-32.27333]],[[-58.12046,-32.27407],[-58.12019,-32.27454],[-58.11972,-32.27444],[-58.11972,-32.27417],[-58.11944,-32.27417],[-58.11935,-32.27463],[-58.11917,-32.27444],[-58.11954,-32.27333],[-58.11981,-32.27343],[-58.11972,-32.27398],[-58.12046,-32.27407]]],[[[-58.12352,-32.275],[-58.12259,-32.27481],[-58.12306,-32.27556],[-58.12213,-32.27593],[-58.12296,-32.27611],[-58.12333,-32.27519],[-58.12407,-32.27491],[-58.12417,-32.27463],[-58.12352,-32.275]]],[[[-58.12796,-32.27917],[-58.12713,-32.2787],[-58.12778,-32.27852],[-58.12796,-32.2788],[-58.12815,-32.27815],[-58.1287,-32.27806],[-58.12889,-32.27704],[-58.12861,-32.27667],[-58.12898,-32.27657],[-58.12907,-32.27593],[-58.12639,-32.275],[-58.12602,-32.27556],[-58.12574,-32.27546],[-58.12556,-32.27509],[-58.12593,-32.27481],[-58.12565,-32.27398],[-58.12454,-32.27361],[-58.12417,-32.27463],[-58.12463,-32.27389],[-58.12519,-32.27389],[-58.12546,-32.27426],[-58.12528,-32.27556],[-58.12676,-32.27583],[-58.12704,-32.27639],[-58.1275,-32.27648],[-58.12731,-32.27713],[-58.12769,-32.27722],[-58.12787,-32.27676],[-58.12852,-32.27704],[-58.12806,-32.27731],[-58.12833,-32.27778],[-58.12731,-32.27815],[-58.12713,-32.27852],[-58.12694,-32.27833],[-58.12602,-32.27824],[-58.12648,-32.27787],[-58.12574,-32.27759],[-58.1263,-32.2775],[-58.12639,-32.27722],[-58.12537,-32.27704],[-58.12519,-32.27731],[-58.12565,-32.27759],[-58.12519,-32.27824],[-58.12583,-32.27833],[-58.12593,-32.27861],[-58.12694,-32.2787],[-58.12694,-32.27981],[-58.1275,-32.27944],[-58.12787,-32.27991],[-58.12796,-32.27944],[-58.12833,-32.28056],[-58.12759,-32.28074],[-58.1287,-32.28083],[-58.12833,-32.28065],[-58.1288,-32.28019],[-58.12889,-32.27954],[-58.12991,-32.27935],[-58.13056,-32.27843],[-58.12991,-32.27843],[-58.12972,-32.27806],[-58.12935,-32.27861],[-58.12926,-32.27852],[-58.12843,-32.27861],[-58.12796,-32.27917]],[[-58.12889,-32.27861],[-58.12935,-32.2788],[-58.12815,-32.27972],[-58.12806,-32.27926],[-58.12889,-32.27861]]],[[[-58.13176,-32.2825],[-58.13046,-32.28102],[-58.12917,-32.2813],[-58.12954,-32.28157],[-58.13019,-32.2813],[-58.13176,-32.2825]]],[[[-58.13472,-32.28852],[-58.13407,-32.28722],[-58.13463,-32.28676],[-58.13398,-32.28648],[-58.13389,-32.28593],[-58.13343,-32.28565],[-58.13269,-32.28333],[-58.13213,-32.2837],[-58.13241,-32.28417],[-58.13204,-32.28435],[-58.13176,-32.28407],[-58.13185,-32.28296],[-58.13213,-32.28278],[-58.13176,-32.28269],[-58.13139,-32.2838],[-58.13204,-32.28454],[-58.13269,-32.28426],[-58.13259,-32.28509],[-58.13324,-32.28509],[-58.13333,-32.28546],[-58.13306,-32.28565],[-58.13213,-32.28509],[-58.13176,-32.28528],[-58.13167,-32.28667],[-58.13231,-32.28574],[-58.13269,-32.28574],[-58.13352,-32.28667],[-58.13315,-32.28685],[-58.13306,-32.28657],[-58.13241,-32.28657],[-58.13176,-32.28704],[-58.13269,-32.28722],[-58.13287,-32.28704],[-58.13259,-32.28676],[-58.13296,-32.28676],[-58.13343,-32.28713],[-58.13296,-32.28759],[-58.13231,-32.28769],[-58.13269,-32.28796],[-58.13352,-32.2875],[-58.13398,-32.28815],[-58.13352,-32.28889],[-58.13287,-32.28815],[-58.1325,-32.28843],[-58.1325,-32.28889],[-58.13167,-32.28898],[-58.13231,-32.28954],[-58.13204,-32.28981],[-58.1325,-32.28972],[-58.1325,-32.29028],[-58.13204,-32.29037],[-58.13213,-32.29056],[-58.13296,-32.29028],[-58.13315,-32.28954],[-58.13361,-32.28954],[-58.13398,-32.28907],[-58.13472,-32.28935],[-58.13417,-32.28889],[-58.13417,-32.28861],[-58.13472,-32.28852]],[[-58.13241,-32.28935],[-58.13278,-32.2888],[-58.13324,-32.28889],[-58.13324,-32.28917],[-58.13241,-32.28935]]],[[[-58.12759,-32.28074],[-58.12694,-32.2812],[-58.12722,-32.28111],[-58.1275,-32.28167],[-58.12759,-32.28139],[-58.12796,-32.28148],[-58.1275,-32.2813],[-58.12759,-32.28074]]],[[[-58.1288,-32.28222],[-58.12787,-32.28194],[-58.12815,-32.28231],[-58.1288,-32.28222]]],[[[-58.12769,-32.28],[-58.12694,-32.27991],[-58.12648,-32.28028],[-58.12685,-32.28037],[-58.12769,-32.28]]],[[[-58.1262,-32.27972],[-58.12583,-32.27917],[-58.12537,-32.27917],[-58.12574,-32.27926],[-58.12593,-32.27963],[-58.12602,-32.27972],[-58.1262,-32.27972]]],[[[-58.12528,-32.27926],[-58.12528,-32.27954],[-58.12509,-32.27944],[-58.12491,-32.27954],[-58.12546,-32.27991],[-58.12528,-32.27926]]],[[[-58.12463,-32.2788],[-58.12407,-32.27907],[-58.12472,-32.27898],[-58.12463,-32.27935],[-58.12491,-32.27917],[-58.12463,-32.2788]]],[[[-58.11778,-32.27889],[-58.1175,-32.27824],[-58.11769,-32.2775],[-58.11731,-32.27741],[-58.11778,-32.27685],[-58.11759,-32.27602],[-58.11685,-32.2762],[-58.11704,-32.27657],[-58.1163,-32.27667],[-58.11704,-32.27676],[-58.11704,-32.27741],[-58.1162,-32.27759],[-58.11648,-32.27759],[-58.11648,-32.27843],[-58.11704,-32.27852],[-58.11741,-32.27954],[-58.11731,-32.2787],[-58.11778,-32.27889]]],[[[-58.11843,-32.28009],[-58.11787,-32.28019],[-58.11824,-32.28074],[-58.11843,-32.28009]]],[[[-58.12593,-32.27657],[-58.12583,-32.27639],[-58.12528,-32.27648],[-58.12556,-32.27676],[-58.12593,-32.27657]]],[[[-58.12222,-32.26324],[-58.12231,-32.26287],[-58.12204,-32.26269],[-58.12185,-32.26296],[-58.12222,-32.26324]]],[[[-58.12444,-32.26157],[-58.12435,-32.2613],[-58.12398,-32.26148],[-58.12407,-32.26176],[-58.12444,-32.26157]]],[[[-58.1212,-32.25954],[-58.12093,-32.25898],[-58.12185,-32.2588],[-58.12194,-32.25815],[-58.12157,-32.25769],[-58.12176,-32.25639],[-58.12222,-32.2563],[-58.12269,-32.25546],[-58.12435,-32.25491],[-58.12435,-32.25583],[-58.12491,-32.25602],[-58.12519,-32.255],[-58.12667,-32.25491],[-58.1263,-32.25306],[-58.12593,-32.25296],[-58.12685,-32.2525],[-58.12685,-32.25185],[-58.12648,-32.25185],[-58.12657,-32.25065],[-58.12583,-32.25056],[-58.12537,-32.25009],[-58.12481,-32.25139],[-58.12389,-32.2513],[-58.1238,-32.25213],[-58.12435,-32.25213],[-58.12417,-32.25167],[-58.12444,-32.25148],[-58.12574,-32.25148],[-58.1262,-32.25176],[-58.12602,-32.25231],[-58.12565,-32.25231],[-58.12574,-32.25315],[-58.12519,-32.25343],[-58.12593,-32.25435],[-58.12556,-32.25472],[-58.12287,-32.25454],[-58.12306,-32.25491],[-58.12204,-32.25537],[-58.12157,-32.2563],[-58.12148,-32.25833],[-58.12167,-32.2588],[-58.12083,-32.2588],[-58.12065,-32.25935],[-58.12102,-32.25972],[-58.12065,-32.25972],[-58.12046,-32.25991],[-58.12056,-32.26],[-58.12167,-32.25991],[-58.12139,-32.25963],[-58.12167,-32.25926],[-58.12231,-32.25944],[-58.12157,-32.25917],[-58.1212,-32.25954]]],[[[-58.12491,-32.26231],[-58.12435,-32.26204],[-58.12509,-32.26259],[-58.12463,-32.26278],[-58.12472,-32.26324],[-58.12444,-32.26352],[-58.12509,-32.26352],[-58.12481,-32.26287],[-58.12537,-32.26324],[-58.12574,-32.26296],[-58.12556,-32.26259],[-58.12602,-32.26176],[-58.1262,-32.26046],[-58.12593,-32.25954],[-58.12519,-32.25898],[-58.12389,-32.25917],[-58.12352,-32.25963],[-58.12306,-32.25935],[-58.12231,-32.25944],[-58.12315,-32.25981],[-58.12472,-32.25981],[-58.12444,-32.26074],[-58.12481,-32.26102],[-58.12556,-32.26093],[-58.12583,-32.26148],[-58.12537,-32.26167],[-58.12491,-32.26231]],[[-58.12491,-32.25972],[-58.12509,-32.25926],[-58.12546,-32.25954],[-58.12519,-32.26],[-58.12491,-32.25972]],[[-58.12583,-32.26056],[-58.12472,-32.26065],[-58.12574,-32.26009],[-58.12583,-32.26056]]],[[[-58.1237,-32.25139],[-58.12306,-32.25102],[-58.12315,-32.25093],[-58.12306,-32.25019],[-58.12278,-32.2513],[-58.12343,-32.25139],[-58.12352,-32.25167],[-58.12306,-32.25167],[-58.12306,-32.25194],[-58.1238,-32.25222],[-58.1237,-32.25139]]],[[[-58.12324,-32.25315],[-58.12389,-32.2537],[-58.12426,-32.2537],[-58.12407,-32.25306],[-58.12324,-32.25315]]],[[[-58.1225,-32.25315],[-58.12269,-32.25352],[-58.12315,-32.25315],[-58.1225,-32.25315]]],[[[-58.12231,-32.24833],[-58.12176,-32.24833],[-58.12167,-32.24852],[-58.12213,-32.24861],[-58.12231,-32.24833]]],[[[-58.12546,-32.24269],[-58.12528,-32.24213],[-58.12509,-32.24269],[-58.12546,-32.24269]]],[[[-58.12444,-32.23898],[-58.12454,-32.23981],[-58.12472,-32.2388],[-58.12444,-32.23898]]],[[[-58.12444,-32.24046],[-58.12519,-32.24074],[-58.125,-32.24037],[-58.12444,-32.24046]]],[[[-58.12324,-32.24287],[-58.12352,-32.24306],[-58.12417,-32.24269],[-58.12426,-32.24296],[-58.12463,-32.24296],[-58.12435,-32.24287],[-58.12463,-32.24148],[-58.12426,-32.2412],[-58.12472,-32.24102],[-58.12417,-32.24111],[-58.12435,-32.2425],[-58.12343,-32.24287],[-58.12324,-32.24269],[-58.12361,-32.24241],[-58.12343,-32.24213],[-58.12241,-32.24259],[-58.12306,-32.24241],[-58.12324,-32.24287]]],[[[-58.12231,-32.20815],[-58.12259,-32.20852],[-58.12231,-32.20861],[-58.12185,-32.20843],[-58.12148,-32.20852],[-58.12167,-32.20889],[-58.12315,-32.20861],[-58.12231,-32.20815]]],[[[-58.12389,-32.20824],[-58.12333,-32.20852],[-58.12444,-32.20843],[-58.12389,-32.20824]]],[[[-58.12481,-32.205],[-58.12454,-32.20611],[-58.12509,-32.20574],[-58.12537,-32.20454],[-58.12574,-32.20435],[-58.12574,-32.2037],[-58.1263,-32.20333],[-58.12639,-32.20259],[-58.12685,-32.20269],[-58.12713,-32.20241],[-58.12685,-32.20194],[-58.12565,-32.20315],[-58.12565,-32.2038],[-58.12509,-32.20417],[-58.12519,-32.205],[-58.12481,-32.205]]],[[[-58.12583,-32.17204],[-58.12556,-32.17231],[-58.12574,-32.17324],[-58.12602,-32.17296],[-58.12583,-32.17204]]],[[[-58.12417,-32.16056],[-58.12472,-32.16102],[-58.125,-32.16065],[-58.12417,-32.16056]]],[[[-58.12278,-32.15556],[-58.12296,-32.15565],[-58.12278,-32.15528],[-58.12296,-32.155],[-58.12296,-32.15417],[-58.12269,-32.155],[-58.12278,-32.15556]]],[[[-58.12574,-32.13685],[-58.12657,-32.13694],[-58.12694,-32.13713],[-58.1263,-32.13667],[-58.12574,-32.13685]]],[[[-58.12815,-32.13852],[-58.12852,-32.1387],[-58.12833,-32.13787],[-58.12815,-32.13852]]],[[[-58.12852,-32.13981],[-58.12852,-32.1388],[-58.12824,-32.13907],[-58.12824,-32.13991],[-58.12861,-32.13991],[-58.12898,-32.13926],[-58.12852,-32.13981]]],[[[-58.12972,-32.13944],[-58.12935,-32.13898],[-58.12898,-32.13917],[-58.12972,-32.13963],[-58.13102,-32.13954],[-58.1312,-32.13981],[-58.13093,-32.13935],[-58.12972,-32.13944]]],[[[-58.12981,-32.1412],[-58.12963,-32.14269],[-58.12935,-32.14306],[-58.12972,-32.14287],[-58.12981,-32.14167],[-58.13102,-32.14176],[-58.13102,-32.14148],[-58.12981,-32.1412]]],[[[-58.12778,-32.14398],[-58.1288,-32.14389],[-58.1288,-32.1437],[-58.12778,-32.14398]]],[[[-58.12009,-32.1462],[-58.12083,-32.14639],[-58.1225,-32.1462],[-58.12269,-32.14546],[-58.12389,-32.14481],[-58.12426,-32.14481],[-58.12417,-32.14546],[-58.12361,-32.14546],[-58.12343,-32.14583],[-58.12435,-32.14593],[-58.12472,-32.14537],[-58.12583,-32.14546],[-58.12639,-32.14528],[-58.12602,-32.14509],[-58.12685,-32.14519],[-58.12722,-32.14491],[-58.12694,-32.14463],[-58.12713,-32.14417],[-58.12676,-32.14472],[-58.1263,-32.14463],[-58.1263,-32.14426],[-58.12556,-32.14454],[-58.12593,-32.14463],[-58.12565,-32.14537],[-58.125,-32.14519],[-58.12537,-32.14472],[-58.12315,-32.14463],[-58.12278,-32.14407],[-58.12231,-32.14454],[-58.12241,-32.14491],[-58.12204,-32.145],[-58.12157,-32.1463],[-58.12009,-32.1462]]],[[[-58.1238,-32.13917],[-58.1237,-32.13963],[-58.12333,-32.13972],[-58.12315,-32.14009],[-58.1238,-32.13981],[-58.1238,-32.13917]]],[[[-58.12259,-32.14093],[-58.12204,-32.14157],[-58.12296,-32.14157],[-58.12259,-32.14148],[-58.12259,-32.14093]]],[[[-58.12333,-32.14102],[-58.12352,-32.14083],[-58.12352,-32.14028],[-58.12333,-32.14037],[-58.12333,-32.14102]]],[[[-58.12472,-32.13741],[-58.12417,-32.13824],[-58.12398,-32.13917],[-58.12426,-32.1387],[-58.12491,-32.13852],[-58.12509,-32.13815],[-58.12519,-32.1375],[-58.12472,-32.13741]]],[[[-58.12352,-32.13731],[-58.12306,-32.1375],[-58.12306,-32.13759],[-58.12352,-32.13769],[-58.12352,-32.13731]]],[[[-58.12287,-32.13833],[-58.12315,-32.13796],[-58.12287,-32.13806],[-58.12296,-32.13759],[-58.12269,-32.13759],[-58.12287,-32.13833]]],[[[-58.12639,-32.13343],[-58.125,-32.13324],[-58.125,-32.13389],[-58.12546,-32.13398],[-58.12546,-32.13426],[-58.12509,-32.13426],[-58.12509,-32.13472],[-58.12546,-32.13491],[-58.12407,-32.13593],[-58.12481,-32.13602],[-58.12741,-32.13454],[-58.1275,-32.13435],[-58.12741,-32.13389],[-58.12657,-32.13389],[-58.12639,-32.13343]],[[-58.12722,-32.13417],[-58.12611,-32.135],[-58.12565,-32.13472],[-58.12639,-32.13417],[-58.12722,-32.13417]]],[[[-58.12444,-32.1362],[-58.1237,-32.13639],[-58.12407,-32.13602],[-58.12389,-32.13593],[-58.12361,-32.1362],[-58.12213,-32.1363],[-58.1225,-32.13667],[-58.12296,-32.13639],[-58.12296,-32.13685],[-58.12324,-32.13685],[-58.12444,-32.1362]]],[[[-58.12444,-32.13269],[-58.12509,-32.13287],[-58.12537,-32.13259],[-58.125,-32.13204],[-58.12435,-32.13241],[-58.12407,-32.13204],[-58.12389,-32.13241],[-58.12444,-32.13269]]],[[[-58.12315,-32.13185],[-58.12324,-32.12954],[-58.12148,-32.13028],[-58.12194,-32.13028],[-58.12185,-32.13046],[-58.12194,-32.13065],[-58.12231,-32.13009],[-58.12278,-32.13009],[-58.12259,-32.13213],[-58.12315,-32.13185]]],[[[-58.12167,-32.13093],[-58.12185,-32.13065],[-58.12148,-32.13093],[-58.12139,-32.13046],[-58.1212,-32.13102],[-58.12167,-32.13093]]],[[[-58.12546,-32.12648],[-58.12593,-32.12657],[-58.12611,-32.1262],[-58.12574,-32.1262],[-58.12546,-32.12648]]],[[[-58.12861,-32.12472],[-58.12806,-32.12343],[-58.12843,-32.12315],[-58.12713,-32.12222],[-58.12685,-32.12231],[-58.12694,-32.12352],[-58.1262,-32.12352],[-58.1262,-32.12231],[-58.12574,-32.12194],[-58.12546,-32.12102],[-58.12444,-32.12037],[-58.1238,-32.11944],[-58.12296,-32.11907],[-58.12278,-32.11935],[-58.12361,-32.12],[-58.12361,-32.12046],[-58.12417,-32.12065],[-58.12463,-32.12176],[-58.12454,-32.12093],[-58.12509,-32.12093],[-58.125,-32.12157],[-58.12556,-32.12167],[-58.12602,-32.12259],[-58.12593,-32.12343],[-58.12491,-32.1225],[-58.12481,-32.12185],[-58.12463,-32.12231],[-58.12398,-32.12241],[-58.12361,-32.12157],[-58.12287,-32.1213],[-58.12296,-32.12083],[-58.1225,-32.12056],[-58.12269,-32.12009],[-58.12222,-32.12],[-58.12241,-32.11954],[-58.12167,-32.11991],[-58.12167,-32.11954],[-58.12111,-32.11935],[-58.11981,-32.12009],[-58.11963,-32.12074],[-58.11991,-32.12083],[-58.12,-32.12009],[-58.12093,-32.11981],[-58.12056,-32.12093],[-58.11954,-32.12167],[-58.12,-32.12185],[-58.11963,-32.12213],[-58.11917,-32.12204],[-58.1187,-32.1225],[-58.11907,-32.12269],[-58.11926,-32.12222],[-58.12019,-32.12222],[-58.12046,-32.12167],[-58.1213,-32.12167],[-58.12167,-32.1213],[-58.12222,-32.12278],[-58.12278,-32.12287],[-58.12315,-32.12333],[-58.12315,-32.12407],[-58.12426,-32.1237],[-58.12583,-32.12491],[-58.1263,-32.12454],[-58.12583,-32.12407],[-58.12602,-32.12352],[-58.12611,-32.12389],[-58.12722,-32.12444],[-58.12769,-32.12519],[-58.12824,-32.12509],[-58.1275,-32.12463],[-58.12694,-32.1237],[-58.12769,-32.12361],[-58.12843,-32.12472],[-58.12898,-32.125],[-58.12861,-32.12472]],[[-58.12111,-32.1213],[-58.12074,-32.1213],[-58.12093,-32.12],[-58.12139,-32.12065],[-58.12111,-32.1213]],[[-58.12204,-32.12102],[-58.12176,-32.12083],[-58.12176,-32.12028],[-58.12241,-32.12065],[-58.12204,-32.12102]],[[-58.12407,-32.12306],[-58.12315,-32.12306],[-58.12296,-32.12231],[-58.12352,-32.12204],[-58.12417,-32.12259],[-58.12407,-32.12306]],[[-58.12519,-32.12296],[-58.12583,-32.12444],[-58.12509,-32.12407],[-58.12528,-32.1237],[-58.125,-32.12343],[-58.12417,-32.12352],[-58.12426,-32.12278],[-58.12519,-32.12296]]],[[[-58.12787,-32.12963],[-58.12852,-32.12944],[-58.12898,-32.1288],[-58.1287,-32.12852],[-58.12898,-32.12815],[-58.12806,-32.12833],[-58.12769,-32.12787],[-58.12787,-32.12694],[-58.12815,-32.12694],[-58.12833,-32.1275],[-58.12861,-32.12741],[-58.12833,-32.12713],[-58.12861,-32.12667],[-58.12833,-32.12565],[-58.12889,-32.12565],[-58.12917,-32.12528],[-58.12741,-32.12583],[-58.12769,-32.12769],[-58.12731,-32.12833],[-58.12796,-32.12852],[-58.12713,-32.12907],[-58.12759,-32.12926],[-58.12741,-32.13028],[-58.12954,-32.13028],[-58.12806,-32.13019],[-58.12815,-32.12972],[-58.12787,-32.12963]]],[[[-58.12667,-32.125],[-58.1263,-32.12454],[-58.12676,-32.12546],[-58.12741,-32.12556],[-58.12731,-32.12509],[-58.12667,-32.125]]],[[[-58.12602,-32.12519],[-58.12593,-32.12537],[-58.12611,-32.12574],[-58.12648,-32.12574],[-58.12602,-32.12519]]],[[[-58.12361,-32.11204],[-58.12287,-32.11176],[-58.12269,-32.11102],[-58.12185,-32.11176],[-58.12315,-32.11222],[-58.12361,-32.11204]]],[[[-58.12157,-32.1063],[-58.12306,-32.1063],[-58.12278,-32.10602],[-58.12157,-32.1063]]],[[[-58.12019,-32.34713],[-58.11907,-32.34815],[-58.11935,-32.34889],[-58.11889,-32.34843],[-58.11731,-32.34852],[-58.11694,-32.34676],[-58.11648,-32.34657],[-58.11648,-32.34602],[-58.11722,-32.3463],[-58.11713,-32.34556],[-58.11648,-32.34417],[-58.11602,-32.34407],[-58.11657,-32.34454],[-58.11657,-32.34491],[-58.11611,-32.34481],[-58.11648,-32.34537],[-58.1163,-32.34583],[-58.11537,-32.34593],[-58.11648,-32.34676],[-58.1163,-32.34806],[-58.11583,-32.34861],[-58.11648,-32.34861],[-58.11722,-32.34944],[-58.11806,-32.34917],[-58.11806,-32.35],[-58.11843,-32.35],[-58.11843,-32.34944],[-58.11861,-32.35],[-58.11954,-32.34954],[-58.11981,-32.35],[-58.12037,-32.34981],[-58.11981,-32.34843],[-58.12019,-32.34843],[-58.12037,-32.34917],[-58.12074,-32.34861],[-58.12065,-32.35],[-58.12204,-32.35],[-58.12222,-32.34944],[-58.12278,-32.35],[-58.12315,-32.35],[-58.12315,-32.34972],[-58.12324,-32.35],[-58.12435,-32.34981],[-58.12278,-32.34898],[-58.12194,-32.34917],[-58.12176,-32.34954],[-58.12167,-32.3487],[-58.1213,-32.34815],[-58.12074,-32.34796],[-58.12083,-32.34759],[-58.12019,-32.34713]]],[[[-58.11981,-32.34509],[-58.12019,-32.34481],[-58.11898,-32.34454],[-58.11907,-32.34472],[-58.11981,-32.34509]]],[[[-58.11898,-32.32546],[-58.11917,-32.32583],[-58.11944,-32.32574],[-58.11935,-32.32546],[-58.11898,-32.32546]]],[[[-58.11926,-32.32519],[-58.11926,-32.32472],[-58.11907,-32.32472],[-58.11898,-32.32528],[-58.11935,-32.32537],[-58.11944,-32.32509],[-58.11926,-32.32519]]],[[[-58.12037,-32.32287],[-58.12074,-32.32333],[-58.12074,-32.32435],[-58.12093,-32.32454],[-58.12093,-32.325],[-58.12065,-32.32509],[-58.12065,-32.32593],[-58.12093,-32.32657],[-58.12074,-32.32565],[-58.12093,-32.32528],[-58.1213,-32.32546],[-58.12139,-32.32509],[-58.12102,-32.32491],[-58.12083,-32.32315],[-58.12056,-32.32287],[-58.12111,-32.32278],[-58.12102,-32.32259],[-58.12037,-32.32287]]],[[[-58.12056,-32.32704],[-58.12102,-32.32704],[-58.12102,-32.32657],[-58.12056,-32.32704]]],[[[-58.11852,-32.32028],[-58.11843,-32.32111],[-58.1187,-32.32111],[-58.11935,-32.32083],[-58.11954,-32.32037],[-58.11926,-32.32009],[-58.11963,-32.32],[-58.11963,-32.31991],[-58.11917,-32.32],[-58.11926,-32.32056],[-58.11852,-32.32056],[-58.11852,-32.32028]]],[[[-58.11991,-32.32148],[-58.11926,-32.32176],[-58.11991,-32.32194],[-58.12009,-32.32231],[-58.11954,-32.3225],[-58.11944,-32.32296],[-58.12009,-32.32278],[-58.12019,-32.32231],[-58.12065,-32.3225],[-58.12046,-32.32213],[-58.12009,-32.32222],[-58.11991,-32.32148]]],[[[-58.11926,-32.31731],[-58.1187,-32.3175],[-58.1187,-32.31843],[-58.11898,-32.31824],[-58.11889,-32.31759],[-58.11963,-32.31806],[-58.11926,-32.31731]]],[[[-58.11861,-32.31926],[-58.11917,-32.31907],[-58.11898,-32.31852],[-58.1187,-32.31852],[-58.11889,-32.31889],[-58.11861,-32.31926]]],[[[-58.12083,-32.31537],[-58.1213,-32.31565],[-58.1212,-32.31611],[-58.12148,-32.31611],[-58.12139,-32.31556],[-58.12083,-32.31537]]],[[[-58.12167,-32.31676],[-58.12213,-32.3175],[-58.12213,-32.31704],[-58.12167,-32.31676]]],[[[-58.12037,-32.31556],[-58.12046,-32.31583],[-58.12028,-32.3162],[-58.12083,-32.31602],[-58.12037,-32.31556]]],[[[-58.12028,-32.3163],[-58.12037,-32.31694],[-58.12009,-32.31704],[-58.12046,-32.31741],[-58.12046,-32.31639],[-58.12028,-32.3163]]],[[[-58.11935,-32.31463],[-58.12019,-32.31472],[-58.12,-32.31361],[-58.11944,-32.31333],[-58.11935,-32.31463]]],[[[-58.11889,-32.31435],[-58.11972,-32.31222],[-58.11972,-32.31167],[-58.11963,-32.31213],[-58.11926,-32.31213],[-58.1188,-32.31259],[-58.11907,-32.31315],[-58.11889,-32.31435]]],[[[-58.11926,-32.30991],[-58.11963,-32.31065],[-58.11935,-32.30954],[-58.11926,-32.30991]]],[[[-58.11926,-32.30398],[-58.11963,-32.3038],[-58.11861,-32.30389],[-58.1187,-32.30454],[-58.11907,-32.30481],[-58.11935,-32.30481],[-58.11907,-32.30463],[-58.11935,-32.30444],[-58.11926,-32.30398]]],[[[-58.11935,-32.30481],[-58.11944,-32.30509],[-58.11991,-32.30519],[-58.11991,-32.305],[-58.11935,-32.30481]]],[[[-58.11926,-32.29944],[-58.11935,-32.30037],[-58.11944,-32.30037],[-58.11944,-32.29963],[-58.11926,-32.29944]]],[[[-58.11991,-32.28639],[-58.12,-32.28565],[-58.11954,-32.28528],[-58.11954,-32.28574],[-58.11991,-32.28574],[-58.11991,-32.28639]]],[[[-58.12148,-32.28472],[-58.12185,-32.28444],[-58.12176,-32.28435],[-58.12185,-32.28417],[-58.12139,-32.28444],[-58.12148,-32.28472]]],[[[-58.12093,-32.28407],[-58.12028,-32.28407],[-58.12037,-32.28444],[-58.12093,-32.28407]]],[[[-58.12037,-32.27685],[-58.12065,-32.2762],[-58.12037,-32.27602],[-58.12037,-32.27685]]],[[[-58.12046,-32.26972],[-58.12093,-32.27028],[-58.12028,-32.27028],[-58.12009,-32.27],[-58.11954,-32.27065],[-58.12037,-32.27111],[-58.12074,-32.27102],[-58.12083,-32.27148],[-58.12167,-32.27111],[-58.12176,-32.27028],[-58.12241,-32.27019],[-58.12157,-32.26972],[-58.1213,-32.26889],[-58.12046,-32.26926],[-58.12046,-32.26972]]],[[[-58.11954,-32.26056],[-58.12102,-32.2613],[-58.1212,-32.2625],[-58.12269,-32.26231],[-58.12278,-32.26269],[-58.12241,-32.26306],[-58.12315,-32.26352],[-58.12343,-32.26324],[-58.12398,-32.26352],[-58.1238,-32.26306],[-58.12269,-32.26296],[-58.12296,-32.26231],[-58.12194,-32.26185],[-58.12204,-32.2613],[-58.12352,-32.26157],[-58.12324,-32.26102],[-58.12213,-32.26037],[-58.1213,-32.26093],[-58.12093,-32.26074],[-58.12074,-32.26111],[-58.11991,-32.26046],[-58.11954,-32.26056]]],[[[-58.11889,-32.26213],[-58.11907,-32.26222],[-58.11907,-32.26306],[-58.1187,-32.2625],[-58.1187,-32.26306],[-58.11843,-32.26315],[-58.11861,-32.2638],[-58.11926,-32.26324],[-58.11907,-32.26194],[-58.11954,-32.26157],[-58.11944,-32.26083],[-58.11889,-32.26213]]],[[[-58.12,-32.24898],[-58.11991,-32.24815],[-58.11954,-32.24806],[-58.11963,-32.24889],[-58.12,-32.24898]]],[[[-58.12028,-32.24769],[-58.11963,-32.24741],[-58.11954,-32.24769],[-58.12046,-32.24796],[-58.12083,-32.24741],[-58.12074,-32.24685],[-58.12028,-32.24769]]],[[[-58.1212,-32.20787],[-58.12296,-32.20713],[-58.12148,-32.20731],[-58.12148,-32.20769],[-58.12111,-32.20778],[-58.12093,-32.20852],[-58.12028,-32.2088],[-58.12019,-32.20907],[-58.12111,-32.2088],[-58.1212,-32.20787]]],[[[-58.11898,-32.1738],[-58.11935,-32.17491],[-58.11991,-32.17444],[-58.11963,-32.1738],[-58.11898,-32.1738]]],[[[-58.12083,-32.14259],[-58.11963,-32.1437],[-58.11833,-32.14435],[-58.1188,-32.14463],[-58.11917,-32.14407],[-58.12037,-32.14352],[-58.12056,-32.14306],[-58.1213,-32.14306],[-58.12139,-32.1425],[-58.12102,-32.14287],[-58.12083,-32.14259]]],[[[-58.11963,-32.14296],[-58.11926,-32.14278],[-58.11907,-32.14324],[-58.11963,-32.14296]]],[[[-58.12065,-32.1362],[-58.12102,-32.13537],[-58.12046,-32.13565],[-58.12065,-32.1362]]],[[[-58.12028,-32.13213],[-58.12185,-32.13241],[-58.12194,-32.13194],[-58.12139,-32.13213],[-58.12185,-32.13167],[-58.12185,-32.1312],[-58.12148,-32.13167],[-58.12019,-32.13176],[-58.12028,-32.13213]]],[[[-58.12056,-32.12843],[-58.12139,-32.12852],[-58.12167,-32.12759],[-58.12037,-32.12787],[-58.12056,-32.12843]]],[[[-58.12111,-32.11852],[-58.1213,-32.1187],[-58.12157,-32.11843],[-58.12148,-32.11824],[-58.12157,-32.11787],[-58.12111,-32.11852]]],[[[-58.11935,-32.11537],[-58.11954,-32.11565],[-58.12028,-32.11565],[-58.12028,-32.11556],[-58.11935,-32.11537]]],[[[-58.12056,-32.10546],[-58.11954,-32.10546],[-58.11944,-32.10565],[-58.12046,-32.10565],[-58.12056,-32.1063],[-58.12083,-32.10602],[-58.12056,-32.10546]]],[[[-58.1187,-32.10602],[-58.11907,-32.10593],[-58.11935,-32.10574],[-58.1187,-32.10574],[-58.11852,-32.10602],[-58.1187,-32.10602]]],[[[-58.12065,-32.105],[-58.12065,-32.10546],[-58.12074,-32.10546],[-58.12102,-32.10509],[-58.12065,-32.105]]],[[[-58.11981,-32.10352],[-58.12009,-32.10315],[-58.11954,-32.10306],[-58.11926,-32.1038],[-58.11981,-32.10352]]],[[[-58.11907,-32.32426],[-58.1187,-32.32417],[-58.1187,-32.32463],[-58.11907,-32.32463],[-58.11926,-32.32417],[-58.11907,-32.32343],[-58.1187,-32.32333],[-58.1187,-32.32389],[-58.11907,-32.32389],[-58.11907,-32.32426]]],[[[-58.1188,-32.32167],[-58.11907,-32.32157],[-58.11907,-32.32111],[-58.1187,-32.3213],[-58.1188,-32.32167]]],[[[-58.11843,-32.31991],[-58.1188,-32.32019],[-58.1188,-32.31954],[-58.11861,-32.31954],[-58.11843,-32.31991]]],[[[-58.11833,-32.31722],[-58.11815,-32.31556],[-58.11815,-32.31769],[-58.11833,-32.31722]]],[[[-58.11907,-32.30093],[-58.11935,-32.30167],[-58.11935,-32.30083],[-58.11907,-32.30093]]],[[[-58.11954,-32.30287],[-58.11963,-32.30231],[-58.11935,-32.30167],[-58.11935,-32.30231],[-58.11954,-32.30287]]],[[[-58.1187,-32.30259],[-58.11889,-32.30296],[-58.11907,-32.30296],[-58.11898,-32.3025],[-58.1187,-32.30259]]],[[[-58.1187,-32.30259],[-58.11833,-32.30398],[-58.1188,-32.30333],[-58.1187,-32.30259]]],[[[-58.11852,-32.30574],[-58.11843,-32.30463],[-58.11833,-32.30463],[-58.11824,-32.30546],[-58.11852,-32.30574]]],[[[-58.11676,-32.30241],[-58.11741,-32.30204],[-58.11704,-32.30185],[-58.11704,-32.30148],[-58.11676,-32.30148],[-58.11676,-32.30241]]],[[[-58.11731,-32.29861],[-58.11713,-32.2975],[-58.11704,-32.2975],[-58.11685,-32.29852],[-58.11731,-32.29861]]],[[[-58.11815,-32.29694],[-58.11787,-32.29722],[-58.11796,-32.29833],[-58.11796,-32.29759],[-58.11824,-32.2975],[-58.11806,-32.29731],[-58.11843,-32.29713],[-58.11815,-32.29694]]],[[[-58.11796,-32.29046],[-58.11769,-32.29],[-58.11722,-32.29065],[-58.11741,-32.2912],[-58.11704,-32.29093],[-58.11713,-32.29167],[-58.11796,-32.29046]]],[[[-58.11833,-32.29176],[-58.11759,-32.29204],[-58.11759,-32.29231],[-58.11796,-32.29241],[-58.11815,-32.29194],[-58.1187,-32.29213],[-58.11861,-32.29167],[-58.11833,-32.29167],[-58.11833,-32.2912],[-58.11843,-32.2912],[-58.11843,-32.29093],[-58.11852,-32.29093],[-58.11852,-32.29083],[-58.11815,-32.29093],[-58.11833,-32.29176]]],[[[-58.11935,-32.2913],[-58.11852,-32.29093],[-58.11861,-32.2912],[-58.11907,-32.2912],[-58.1187,-32.29148],[-58.11935,-32.2913]]],[[[-58.11889,-32.28444],[-58.11852,-32.2838],[-58.11815,-32.28407],[-58.11815,-32.2838],[-58.11852,-32.28361],[-58.11926,-32.28407],[-58.11991,-32.28389],[-58.12019,-32.28352],[-58.12009,-32.28306],[-58.11981,-32.28333],[-58.12,-32.28352],[-58.11935,-32.28389],[-58.11944,-32.28343],[-58.11898,-32.28315],[-58.11833,-32.28343],[-58.11796,-32.28407],[-58.1188,-32.28435],[-58.11815,-32.28435],[-58.11787,-32.28481],[-58.11889,-32.28444]]],[[[-58.11713,-32.28287],[-58.11769,-32.28269],[-58.1175,-32.28176],[-58.11722,-32.28176],[-58.11741,-32.28213],[-58.11704,-32.28213],[-58.11694,-32.28176],[-58.11713,-32.28287]]],[[[-58.11667,-32.26093],[-58.1162,-32.2613],[-58.11648,-32.26167],[-58.11667,-32.26093]]],[[[-58.11657,-32.26176],[-58.11648,-32.26241],[-58.11685,-32.26241],[-58.11685,-32.26213],[-58.11657,-32.26176]]],[[[-58.11722,-32.25574],[-58.11741,-32.25648],[-58.11769,-32.25611],[-58.11778,-32.25667],[-58.11787,-32.25667],[-58.11796,-32.25593],[-58.11722,-32.25574]]],[[[-58.11778,-32.25528],[-58.11787,-32.25454],[-58.11731,-32.25454],[-58.11741,-32.25556],[-58.11796,-32.25556],[-58.1175,-32.25546],[-58.11778,-32.25528]]],[[[-58.11796,-32.25287],[-58.11815,-32.2513],[-58.11778,-32.25111],[-58.11778,-32.25269],[-58.1175,-32.25324],[-58.11796,-32.25287]]],[[[-58.11713,-32.19241],[-58.11769,-32.19222],[-58.11657,-32.19222],[-58.11713,-32.19241]]],[[[-58.11639,-32.19278],[-58.11602,-32.1938],[-58.11657,-32.19361],[-58.11639,-32.19278]]],[[[-58.11713,-32.18343],[-58.11676,-32.18324],[-58.11667,-32.18361],[-58.11685,-32.1837],[-58.11713,-32.18343]]],[[[-58.11704,-32.17602],[-58.11667,-32.17611],[-58.1163,-32.1763],[-58.11704,-32.1763],[-58.11704,-32.17602]]],[[[-58.11833,-32.1587],[-58.11731,-32.15843],[-58.11722,-32.15889],[-58.11769,-32.15898],[-58.11833,-32.1587]]],[[[-58.11861,-32.15741],[-58.11815,-32.15676],[-58.11806,-32.15713],[-58.11861,-32.15741]]],[[[-58.11759,-32.14519],[-58.11787,-32.14444],[-58.11648,-32.14481],[-58.11648,-32.14519],[-58.11769,-32.14583],[-58.1175,-32.14639],[-58.11713,-32.14611],[-58.11657,-32.14667],[-58.11583,-32.14676],[-58.11657,-32.14694],[-58.11667,-32.14741],[-58.11676,-32.14741],[-58.11676,-32.14685],[-58.11778,-32.14667],[-58.11787,-32.14713],[-58.11852,-32.14685],[-58.11806,-32.14657],[-58.11824,-32.14611],[-58.11759,-32.14639],[-58.11787,-32.14574],[-58.11833,-32.14565],[-58.11833,-32.14519],[-58.11759,-32.14519]]],[[[-58.11741,-32.14602],[-58.1163,-32.14556],[-58.11574,-32.14593],[-58.11528,-32.14574],[-58.11537,-32.1462],[-58.11574,-32.14611],[-58.11537,-32.14639],[-58.11546,-32.14713],[-58.11574,-32.14713],[-58.11556,-32.14648],[-58.11667,-32.14602],[-58.11639,-32.14565],[-58.11741,-32.14602]]],[[[-58.11676,-32.13093],[-58.11731,-32.13102],[-58.11741,-32.13065],[-58.11676,-32.13093]]],[[[-58.11852,-32.12963],[-58.11917,-32.12963],[-58.11944,-32.12926],[-58.11852,-32.12917],[-58.11852,-32.12963]]],[[[-58.11861,-32.12602],[-58.11907,-32.12602],[-58.11907,-32.12565],[-58.1187,-32.12556],[-58.11861,-32.12602]]],[[[-58.11676,-32.12491],[-58.11528,-32.12731],[-58.11565,-32.12787],[-58.11593,-32.12796],[-58.11657,-32.12796],[-58.11657,-32.1275],[-58.11611,-32.12704],[-58.11713,-32.12657],[-58.11731,-32.12593],[-58.11769,-32.12602],[-58.11769,-32.12537],[-58.11815,-32.12463],[-58.11944,-32.12472],[-58.11944,-32.12519],[-58.12009,-32.12583],[-58.12074,-32.12583],[-58.12009,-32.12519],[-58.12009,-32.12472],[-58.12056,-32.12472],[-58.12046,-32.12426],[-58.11972,-32.12417],[-58.11981,-32.1237],[-58.11935,-32.1237],[-58.11935,-32.12426],[-58.1188,-32.12352],[-58.11852,-32.12389],[-58.11806,-32.1238],[-58.11833,-32.12315],[-58.11769,-32.12343],[-58.11778,-32.12407],[-58.11722,-32.12435],[-58.11731,-32.12491],[-58.11694,-32.12556],[-58.11685,-32.12426],[-58.11639,-32.12454],[-58.11676,-32.12491]],[[-58.11565,-32.12769],[-58.11583,-32.12722],[-58.11639,-32.12759],[-58.1163,-32.12778],[-58.11565,-32.12769]]],[[[-58.11685,-32.12426],[-58.1175,-32.12398],[-58.11759,-32.1237],[-58.11713,-32.12389],[-58.11685,-32.12426]]],[[[-58.11806,-32.11759],[-58.11833,-32.11759],[-58.11852,-32.11667],[-58.11778,-32.11667],[-58.11806,-32.11759]]],[[[-58.11787,-32.11009],[-58.1188,-32.11],[-58.11889,-32.11019],[-58.11843,-32.11028],[-58.11898,-32.11028],[-58.11907,-32.10991],[-58.11657,-32.10954],[-58.11787,-32.11009]]],[[[-58.11676,-32.10472],[-58.11676,-32.10537],[-58.11731,-32.10546],[-58.1175,-32.10583],[-58.11806,-32.10583],[-58.11833,-32.10546],[-58.1188,-32.10556],[-58.1188,-32.10519],[-58.11861,-32.10537],[-58.11806,-32.10519],[-58.11731,-32.10537],[-58.11713,-32.10472],[-58.11676,-32.10472]]],[[[-58.11713,-32.1012],[-58.11796,-32.10167],[-58.11815,-32.10231],[-58.11907,-32.10231],[-58.11889,-32.10139],[-58.11917,-32.1013],[-58.11917,-32.10083],[-58.11833,-32.10065],[-58.11843,-32.1],[-58.11787,-32.10065],[-58.11722,-32.10056],[-58.11769,-32.10093],[-58.11769,-32.10139],[-58.11713,-32.1012]],[[-58.1188,-32.10213],[-58.11815,-32.10194],[-58.11787,-32.10083],[-58.11833,-32.10093],[-58.11824,-32.10139],[-58.1187,-32.10167],[-58.1188,-32.10213]]],[[[-58.1162,-32.34741],[-58.11565,-32.34694],[-58.11565,-32.34796],[-58.11611,-32.34796],[-58.1162,-32.34741]]],[[[-58.11565,-32.29824],[-58.1163,-32.29806],[-58.1163,-32.2975],[-58.11593,-32.29741],[-58.11537,-32.2975],[-58.11537,-32.29778],[-58.1162,-32.29787],[-58.11537,-32.29824],[-58.11583,-32.29852],[-58.11583,-32.29907],[-58.11648,-32.29861],[-58.11667,-32.29889],[-58.11639,-32.29815],[-58.1163,-32.29843],[-58.11565,-32.29824]]],[[[-58.11713,-32.30046],[-58.11713,-32.29917],[-58.11694,-32.29944],[-58.1163,-32.29926],[-58.1162,-32.30028],[-58.11667,-32.30102],[-58.11685,-32.30102],[-58.11713,-32.30046]]],[[[-58.11602,-32.29722],[-58.11611,-32.29713],[-58.1163,-32.29685],[-58.11593,-32.29657],[-58.11602,-32.29722]]],[[[-58.11528,-32.29657],[-58.11565,-32.29593],[-58.11509,-32.29583],[-58.11528,-32.29657]]],[[[-58.11611,-32.28963],[-58.11611,-32.28926],[-58.11593,-32.28898],[-58.11583,-32.28944],[-58.11602,-32.28944],[-58.11602,-32.28963],[-58.11611,-32.28963]]],[[[-58.11602,-32.28639],[-58.11583,-32.28528],[-58.11574,-32.28528],[-58.11574,-32.28611],[-58.11602,-32.28639]]],[[[-58.11537,-32.28667],[-58.11602,-32.28667],[-58.11593,-32.28639],[-58.11556,-32.28639],[-58.11537,-32.28667]]],[[[-58.11648,-32.2862],[-58.11657,-32.28537],[-58.11639,-32.28472],[-58.11639,-32.28546],[-58.11648,-32.2862]]],[[[-58.11454,-32.28352],[-58.11426,-32.28417],[-58.11454,-32.28444],[-58.11454,-32.28352]]],[[[-58.11426,-32.28343],[-58.11389,-32.28333],[-58.11398,-32.2838],[-58.11426,-32.2838],[-58.11426,-32.28343]]],[[[-58.11444,-32.28083],[-58.11491,-32.28046],[-58.11426,-32.28074],[-58.11398,-32.28037],[-58.1137,-32.28102],[-58.11398,-32.28074],[-58.11444,-32.28083]]],[[[-58.11398,-32.27565],[-58.11417,-32.27593],[-58.11435,-32.27556],[-58.11444,-32.27611],[-58.11463,-32.2762],[-58.11463,-32.27657],[-58.11472,-32.27657],[-58.11472,-32.27611],[-58.11444,-32.27546],[-58.11398,-32.27565]]],[[[-58.11454,-32.27287],[-58.11426,-32.2738],[-58.11472,-32.27389],[-58.11454,-32.27287]]],[[[-58.11435,-32.27417],[-58.11454,-32.27435],[-58.11491,-32.27528],[-58.11472,-32.27444],[-58.11491,-32.27389],[-58.11463,-32.27426],[-58.11435,-32.27417]]],[[[-58.11519,-32.27093],[-58.11454,-32.27185],[-58.11454,-32.27204],[-58.11509,-32.27157],[-58.11537,-32.27194],[-58.11519,-32.27093]]],[[[-58.11463,-32.26907],[-58.11435,-32.26926],[-58.11426,-32.26981],[-58.11463,-32.26972],[-58.11463,-32.26907]]],[[[-58.11639,-32.26426],[-58.11463,-32.26398],[-58.11472,-32.26435],[-58.11639,-32.26426]]],[[[-58.1138,-32.26426],[-58.11324,-32.26398],[-58.11333,-32.26435],[-58.11444,-32.26435],[-58.11444,-32.26398],[-58.1138,-32.26398],[-58.1138,-32.26426]]],[[[-58.11657,-32.25769],[-58.11611,-32.25713],[-58.11611,-32.25778],[-58.11657,-32.25769]]],[[[-58.11611,-32.25806],[-58.11602,-32.25778],[-58.11602,-32.25889],[-58.1162,-32.25907],[-58.11611,-32.25843],[-58.11639,-32.25824],[-58.11667,-32.2587],[-58.11639,-32.25889],[-58.11648,-32.25917],[-58.11685,-32.25889],[-58.11685,-32.25815],[-58.11611,-32.25806]]],[[[-58.1162,-32.26083],[-58.11667,-32.25917],[-58.11639,-32.25935],[-58.1162,-32.26083]]],[[[-58.11407,-32.25935],[-58.1138,-32.25917],[-58.1137,-32.25833],[-58.1137,-32.25944],[-58.11407,-32.25935]]],[[[-58.11602,-32.25556],[-58.11574,-32.25472],[-58.11565,-32.25472],[-58.11565,-32.25537],[-58.11602,-32.25556]]],[[[-58.11602,-32.25685],[-58.11565,-32.25648],[-58.11565,-32.25722],[-58.1162,-32.25694],[-58.11611,-32.25583],[-58.11602,-32.25685]]],[[[-58.11574,-32.25398],[-58.11537,-32.25407],[-58.11537,-32.25435],[-58.11574,-32.25435],[-58.11574,-32.25398]]],[[[-58.11574,-32.25333],[-58.11556,-32.25324],[-58.11565,-32.25259],[-58.11546,-32.25194],[-58.11537,-32.25194],[-58.11528,-32.25185],[-58.11537,-32.25398],[-58.11574,-32.25333]]],[[[-58.11426,-32.25269],[-58.11472,-32.25241],[-58.11472,-32.25204],[-58.11426,-32.25231],[-58.11426,-32.25269]]],[[[-58.11444,-32.25306],[-58.11389,-32.25343],[-58.11398,-32.25407],[-58.11407,-32.25407],[-58.11407,-32.25352],[-58.11463,-32.25352],[-58.11444,-32.25306]]],[[[-58.11389,-32.22519],[-58.11481,-32.22389],[-58.11481,-32.2237],[-58.11417,-32.22407],[-58.11389,-32.22519]]],[[[-58.11352,-32.22667],[-58.11315,-32.22648],[-58.11315,-32.22713],[-58.11352,-32.22667]]],[[[-58.11435,-32.22648],[-58.11574,-32.22657],[-58.11537,-32.22676],[-58.115,-32.22796],[-58.11593,-32.22694],[-58.11565,-32.2262],[-58.1162,-32.22602],[-58.11519,-32.22491],[-58.11556,-32.22574],[-58.115,-32.22611],[-58.11491,-32.22556],[-58.11454,-32.22556],[-58.11481,-32.2263],[-58.11435,-32.22648]]],[[[-58.11574,-32.22426],[-58.11583,-32.22343],[-58.11583,-32.22306],[-58.11565,-32.22306],[-58.11546,-32.22324],[-58.11574,-32.22426]]],[[[-58.11611,-32.19787],[-58.1163,-32.19843],[-58.11611,-32.19806],[-58.11565,-32.19815],[-58.11528,-32.19898],[-58.1163,-32.19852],[-58.11611,-32.19991],[-58.11685,-32.19944],[-58.11657,-32.19935],[-58.11648,-32.19787],[-58.11611,-32.19787]]],[[[-58.11472,-32.17306],[-58.11444,-32.17259],[-58.11417,-32.17296],[-58.11472,-32.17306]]],[[[-58.11454,-32.17157],[-58.11407,-32.17139],[-58.1138,-32.17148],[-58.11426,-32.17176],[-58.11454,-32.17157]]],[[[-58.11389,-32.15926],[-58.1138,-32.15963],[-58.11407,-32.15972],[-58.11417,-32.15944],[-58.11389,-32.15926]]],[[[-58.11583,-32.15861],[-58.1162,-32.15907],[-58.11667,-32.15898],[-58.11676,-32.15824],[-58.11639,-32.15759],[-58.11583,-32.15861]]],[[[-58.11583,-32.14824],[-58.11583,-32.14778],[-58.11528,-32.14713],[-58.11556,-32.14806],[-58.11444,-32.14843],[-58.11454,-32.14898],[-58.11398,-32.14926],[-58.11463,-32.14917],[-58.11472,-32.14981],[-58.11472,-32.14861],[-58.11583,-32.14824]]],[[[-58.11509,-32.14861],[-58.11537,-32.14917],[-58.11574,-32.14889],[-58.11556,-32.14861],[-58.11509,-32.14861]]],[[[-58.11352,-32.15065],[-58.1138,-32.15139],[-58.11407,-32.15111],[-58.1137,-32.15074],[-58.11417,-32.15],[-58.11398,-32.14926],[-58.11407,-32.14991],[-58.1137,-32.15],[-58.11352,-32.15065]]],[[[-58.11454,-32.14537],[-58.11481,-32.14574],[-58.11509,-32.14574],[-58.11491,-32.14537],[-58.11454,-32.14537]]],[[[-58.11519,-32.14509],[-58.11537,-32.14565],[-58.11602,-32.14556],[-58.11611,-32.14481],[-58.11519,-32.14509]]],[[[-58.1162,-32.13963],[-58.11648,-32.14028],[-58.11657,-32.14028],[-58.11657,-32.13963],[-58.1162,-32.13963]]],[[[-58.11287,-32.13009],[-58.11361,-32.13083],[-58.11398,-32.13102],[-58.11315,-32.13019],[-58.11352,-32.12963],[-58.11287,-32.13009]]],[[[-58.11435,-32.1312],[-58.11361,-32.13269],[-58.11435,-32.1337],[-58.11491,-32.13176],[-58.11417,-32.13046],[-58.11435,-32.1312]]],[[[-58.11417,-32.1338],[-58.1138,-32.13389],[-58.11407,-32.13435],[-58.11417,-32.13435],[-58.11417,-32.1338]]],[[[-58.1163,-32.13028],[-58.115,-32.12944],[-58.11426,-32.12954],[-58.11537,-32.13102],[-58.11537,-32.13019],[-58.11583,-32.13037],[-58.1163,-32.13028]]],[[[-58.11574,-32.13194],[-58.11537,-32.13102],[-58.11537,-32.1325],[-58.11574,-32.13194]]],[[[-58.11546,-32.13398],[-58.11519,-32.1337],[-58.11593,-32.13324],[-58.1163,-32.13204],[-58.11574,-32.13324],[-58.11528,-32.1325],[-58.115,-32.13407],[-58.11546,-32.13398]]],[[[-58.11546,-32.12954],[-58.11602,-32.12944],[-58.11602,-32.12898],[-58.11546,-32.12926],[-58.11546,-32.12954]]],[[[-58.11491,-32.12833],[-58.11472,-32.12787],[-58.11426,-32.12731],[-58.11454,-32.12843],[-58.11491,-32.12833]]],[[[-58.11167,-32.11306],[-58.11269,-32.11417],[-58.11333,-32.11426],[-58.11491,-32.11537],[-58.11472,-32.11611],[-58.11509,-32.11648],[-58.11574,-32.11593],[-58.11593,-32.1163],[-58.11667,-32.1163],[-58.11685,-32.11704],[-58.11685,-32.1162],[-58.11583,-32.11565],[-58.11704,-32.11509],[-58.11759,-32.11565],[-58.11769,-32.11639],[-58.11954,-32.1162],[-58.11898,-32.11778],[-58.11926,-32.11861],[-58.11963,-32.11861],[-58.11991,-32.11815],[-58.11981,-32.11963],[-58.12009,-32.11954],[-58.11991,-32.11778],[-58.11926,-32.11815],[-58.11926,-32.11778],[-58.11972,-32.1175],[-58.11954,-32.11667],[-58.11991,-32.11657],[-58.11963,-32.11593],[-58.1187,-32.11611],[-58.11852,-32.11565],[-58.11759,-32.11546],[-58.11694,-32.11491],[-58.11731,-32.11454],[-58.11713,-32.11426],[-58.11583,-32.11444],[-58.11593,-32.11407],[-58.11611,-32.11426],[-58.11648,-32.11417],[-58.11519,-32.1137],[-58.11463,-32.11398],[-58.11426,-32.11481],[-58.1138,-32.11426],[-58.11491,-32.1137],[-58.11472,-32.11343],[-58.11352,-32.11315],[-58.11352,-32.11417],[-58.11296,-32.11407],[-58.11287,-32.11315],[-58.11343,-32.11306],[-58.11194,-32.11306],[-58.11167,-32.11259],[-58.11167,-32.11306]]],[[[-58.11333,-32.3462],[-58.11296,-32.3463],[-58.11296,-32.34667],[-58.11343,-32.34657],[-58.11333,-32.3462]]],[[[-58.11213,-32.3062],[-58.11222,-32.30815],[-58.11176,-32.30843],[-58.11176,-32.3087],[-58.11204,-32.30833],[-58.11241,-32.30861],[-58.11231,-32.30713],[-58.11269,-32.30685],[-58.11213,-32.3062]]],[[[-58.11259,-32.30139],[-58.11296,-32.30194],[-58.11296,-32.30093],[-58.11278,-32.30065],[-58.11259,-32.30102],[-58.11287,-32.3013],[-58.11259,-32.30139]]],[[[-58.11278,-32.27815],[-58.11324,-32.27824],[-58.11324,-32.27833],[-58.11333,-32.27833],[-58.11324,-32.27787],[-58.11278,-32.27815]]],[[[-58.1137,-32.27926],[-58.11343,-32.27861],[-58.1137,-32.28037],[-58.1137,-32.27926]]],[[[-58.11167,-32.27519],[-58.11148,-32.27602],[-58.11176,-32.2762],[-58.11167,-32.27519]]],[[[-58.11185,-32.27685],[-58.11213,-32.27676],[-58.11185,-32.27657],[-58.11194,-32.27574],[-58.11176,-32.2762],[-58.11185,-32.27685]]],[[[-58.11352,-32.27407],[-58.11361,-32.27463],[-58.1137,-32.27407],[-58.11389,-32.27444],[-58.11407,-32.27444],[-58.11389,-32.2738],[-58.11352,-32.27407]]],[[[-58.11278,-32.26778],[-58.11287,-32.26704],[-58.11259,-32.26685],[-58.11259,-32.26815],[-58.11231,-32.26833],[-58.11333,-32.26889],[-58.11324,-32.26787],[-58.11306,-32.26759],[-58.11278,-32.26778]]],[[[-58.11315,-32.26926],[-58.11306,-32.26991],[-58.11333,-32.27037],[-58.11333,-32.27],[-58.11315,-32.26926]]],[[[-58.11269,-32.26639],[-58.11231,-32.2662],[-58.11213,-32.26657],[-58.11269,-32.26676],[-58.11269,-32.26639]]],[[[-58.11204,-32.26417],[-58.11287,-32.26417],[-58.11287,-32.26407],[-58.11231,-32.26398],[-58.11204,-32.26417]]],[[[-58.11343,-32.26102],[-58.11296,-32.26111],[-58.11287,-32.26056],[-58.1125,-32.26037],[-58.11259,-32.26102],[-58.11287,-32.26111],[-58.11259,-32.26139],[-58.11278,-32.26222],[-58.11296,-32.26148],[-58.11296,-32.2625],[-58.11306,-32.26139],[-58.11352,-32.2613],[-58.11343,-32.26102]]],[[[-58.1137,-32.25611],[-58.1138,-32.25537],[-58.11343,-32.255],[-58.11343,-32.25583],[-58.1137,-32.25611]]],[[[-58.11306,-32.2538],[-58.11343,-32.25407],[-58.11315,-32.25324],[-58.11306,-32.2538]]],[[[-58.11426,-32.20546],[-58.11426,-32.20481],[-58.11417,-32.20481],[-58.11398,-32.20556],[-58.11426,-32.20546]]],[[[-58.11343,-32.20602],[-58.11398,-32.20611],[-58.11407,-32.2063],[-58.11389,-32.20565],[-58.11343,-32.20602]]],[[[-58.11324,-32.20769],[-58.11343,-32.20611],[-58.11278,-32.2062],[-58.11278,-32.20741],[-58.11306,-32.20759],[-58.11287,-32.20815],[-58.11324,-32.20769]]],[[[-58.11213,-32.20861],[-58.11222,-32.20981],[-58.11241,-32.2088],[-58.11269,-32.2088],[-58.11241,-32.20843],[-58.11213,-32.20861]]],[[[-58.11519,-32.1962],[-58.115,-32.19528],[-58.11472,-32.19565],[-58.11389,-32.19546],[-58.11352,-32.19389],[-58.11287,-32.19398],[-58.11343,-32.19481],[-58.11306,-32.195],[-58.11324,-32.19602],[-58.11306,-32.19639],[-58.11213,-32.19657],[-58.1125,-32.19704],[-58.11241,-32.19778],[-58.11278,-32.19769],[-58.11269,-32.19722],[-58.11296,-32.19713],[-58.11398,-32.19787],[-58.1138,-32.19815],[-58.11352,-32.19806],[-58.11296,-32.19815],[-58.11306,-32.19833],[-58.1138,-32.19824],[-58.1138,-32.19852],[-58.11333,-32.19898],[-58.11343,-32.19954],[-58.11306,-32.19981],[-58.11306,-32.20028],[-58.11259,-32.20056],[-58.11259,-32.20102],[-58.11333,-32.20176],[-58.11306,-32.20213],[-58.11343,-32.20241],[-58.11398,-32.20139],[-58.11407,-32.20056],[-58.1137,-32.20056],[-58.11352,-32.20139],[-58.11324,-32.2013],[-58.11324,-32.20074],[-58.11269,-32.20065],[-58.11352,-32.20046],[-58.11398,-32.19824],[-58.11435,-32.19806],[-58.11426,-32.19852],[-58.11463,-32.19852],[-58.115,-32.19824],[-58.115,-32.19759],[-58.11528,-32.19759],[-58.11556,-32.19731],[-58.11463,-32.19741],[-58.11546,-32.19704],[-58.11509,-32.19694],[-58.11398,-32.19759],[-58.11278,-32.19676],[-58.11352,-32.19657],[-58.1138,-32.19713],[-58.11361,-32.19611],[-58.11407,-32.19611],[-58.11426,-32.19667],[-58.11519,-32.19667],[-58.11556,-32.1962],[-58.11519,-32.1962]],[[-58.11407,-32.19602],[-58.11426,-32.19574],[-58.11481,-32.19583],[-58.11472,-32.1963],[-58.11407,-32.19602]]],[[[-58.11556,-32.19611],[-58.11611,-32.19657],[-58.11611,-32.19574],[-58.11602,-32.19611],[-58.11556,-32.19611]]],[[[-58.11056,-32.20407],[-58.11,-32.20398],[-58.11046,-32.20463],[-58.11074,-32.20463],[-58.11083,-32.20398],[-58.11185,-32.20417],[-58.11194,-32.20491],[-58.11231,-32.20509],[-58.11259,-32.20426],[-58.11287,-32.20454],[-58.11407,-32.20463],[-58.11324,-32.20435],[-58.11296,-32.20324],[-58.11222,-32.20343],[-58.1125,-32.20407],[-58.11213,-32.20444],[-58.11194,-32.20407],[-58.1112,-32.2038],[-58.1113,-32.20352],[-58.11204,-32.20352],[-58.11204,-32.20241],[-58.11176,-32.20333],[-58.11093,-32.20333],[-58.11056,-32.20407]]],[[[-58.11222,-32.19824],[-58.1125,-32.19824],[-58.11241,-32.19778],[-58.11222,-32.19778],[-58.11222,-32.19824]]],[[[-58.11287,-32.19333],[-58.11389,-32.1938],[-58.11407,-32.19333],[-58.11306,-32.19324],[-58.11333,-32.19296],[-58.11315,-32.19269],[-58.11287,-32.19333]]],[[[-58.11241,-32.17648],[-58.11306,-32.17685],[-58.11287,-32.17565],[-58.1125,-32.17565],[-58.11241,-32.17648]]],[[[-58.11315,-32.17176],[-58.11324,-32.17148],[-58.11259,-32.17148],[-58.11241,-32.17185],[-58.11315,-32.17176]]],[[[-58.11231,-32.17074],[-58.11315,-32.17065],[-58.11204,-32.16981],[-58.11204,-32.17046],[-58.11231,-32.17074]]],[[[-58.11231,-32.16],[-58.11306,-32.15981],[-58.11306,-32.15972],[-58.11222,-32.15963],[-58.11231,-32.16]]],[[[-58.11343,-32.16009],[-58.11296,-32.16074],[-58.11333,-32.16102],[-58.11343,-32.16009]]],[[[-58.11204,-32.16185],[-58.11157,-32.16296],[-58.11213,-32.16306],[-58.11241,-32.16241],[-58.11333,-32.16176],[-58.11287,-32.16167],[-58.11306,-32.1612],[-58.11259,-32.16167],[-58.11204,-32.16083],[-58.11231,-32.16148],[-58.11204,-32.16185]]],[[[-58.11157,-32.15954],[-58.11157,-32.15991],[-58.11185,-32.16019],[-58.11185,-32.15981],[-58.11157,-32.15954]]],[[[-58.11222,-32.15472],[-58.11213,-32.15389],[-58.11194,-32.15398],[-58.11194,-32.15463],[-58.11222,-32.15472]]],[[[-58.11315,-32.15259],[-58.11343,-32.15324],[-58.11352,-32.15222],[-58.11315,-32.15259]]],[[[-58.11167,-32.12769],[-58.11333,-32.12694],[-58.11343,-32.1275],[-58.11352,-32.12676],[-58.11306,-32.12667],[-58.11278,-32.12713],[-58.11231,-32.12722],[-58.11167,-32.12769]]],[[[-58.11222,-32.12935],[-58.11333,-32.12954],[-58.11333,-32.12907],[-58.11324,-32.12944],[-58.11269,-32.12935],[-58.11269,-32.12852],[-58.11231,-32.12815],[-58.11222,-32.12935]]],[[[-58.11231,-32.12213],[-58.11241,-32.12167],[-58.1113,-32.12167],[-58.11148,-32.12204],[-58.11185,-32.12204],[-58.11185,-32.12222],[-58.11231,-32.12213]]],[[[-58.11657,-32.10194],[-58.11667,-32.10037],[-58.11639,-32.1],[-58.11648,-32.10324],[-58.11537,-32.10324],[-58.11546,-32.10287],[-58.11463,-32.10296],[-58.11407,-32.10241],[-58.11333,-32.10241],[-58.11296,-32.10194],[-58.11167,-32.10222],[-58.1112,-32.10167],[-58.11139,-32.1012],[-58.11102,-32.10074],[-58.11102,-32.1],[-58.11083,-32.10065],[-58.11046,-32.10046],[-58.11065,-32.1],[-58.10991,-32.1],[-58.10954,-32.10074],[-58.10898,-32.10074],[-58.10824,-32.1013],[-58.10704,-32.1012],[-58.10676,-32.10148],[-58.10731,-32.10185],[-58.1075,-32.10296],[-58.10787,-32.10259],[-58.10852,-32.10287],[-58.10843,-32.1038],[-58.10898,-32.10444],[-58.10981,-32.10463],[-58.11083,-32.10556],[-58.1113,-32.10537],[-58.11148,-32.10481],[-58.11213,-32.10491],[-58.11231,-32.10556],[-58.11176,-32.10611],[-58.11315,-32.10519],[-58.11333,-32.10426],[-58.11176,-32.10389],[-58.11213,-32.10463],[-58.11093,-32.10444],[-58.11093,-32.10481],[-58.1113,-32.10491],[-58.11065,-32.10519],[-58.11009,-32.10444],[-58.10917,-32.10398],[-58.10917,-32.10324],[-58.1088,-32.10287],[-58.10796,-32.10222],[-58.10759,-32.1025],[-58.10778,-32.10139],[-58.10843,-32.10139],[-58.10944,-32.10093],[-58.10972,-32.1012],[-58.10954,-32.10157],[-58.10991,-32.10167],[-58.10991,-32.10093],[-58.11046,-32.10074],[-58.1113,-32.10204],[-58.1112,-32.10269],[-58.11222,-32.10231],[-58.11222,-32.10315],[-58.11194,-32.10343],[-58.11306,-32.10324],[-58.11306,-32.1025],[-58.11278,-32.10241],[-58.11296,-32.10222],[-58.11361,-32.10259],[-58.11361,-32.10333],[-58.11491,-32.10306],[-58.11528,-32.10343],[-58.11667,-32.10333],[-58.11685,-32.10361],[-58.11722,-32.10324],[-58.11713,-32.10204],[-58.11657,-32.10194]],[[-58.11278,-32.10426],[-58.11296,-32.10519],[-58.1125,-32.10528],[-58.11231,-32.10426],[-58.11278,-32.10426]],[[-58.1125,-32.10306],[-58.11241,-32.10259],[-58.11269,-32.10241],[-58.11296,-32.10315],[-58.1125,-32.10306]]],[[[-58.11102,-32.10343],[-58.11194,-32.10352],[-58.11167,-32.10324],[-58.11102,-32.10343]]],[[[-58.10898,-32.10685],[-58.10981,-32.10722],[-58.11065,-32.10704],[-58.10991,-32.10704],[-58.10972,-32.10676],[-58.10898,-32.10685]]],[[[-58.10954,-32.34917],[-58.11,-32.34907],[-58.10991,-32.3488],[-58.10954,-32.3488],[-58.10954,-32.34917]]],[[[-58.10926,-32.34231],[-58.10917,-32.34259],[-58.10917,-32.34315],[-58.10954,-32.34296],[-58.10926,-32.34231]]],[[[-58.1112,-32.30519],[-58.11148,-32.30583],[-58.11139,-32.30491],[-58.1112,-32.30519]]],[[[-58.11019,-32.3],[-58.11065,-32.30046],[-58.11083,-32.30139],[-58.11074,-32.30037],[-58.11093,-32.30037],[-58.11102,-32.30009],[-58.11056,-32.30019],[-58.11074,-32.29963],[-58.11046,-32.29963],[-58.11046,-32.30019],[-58.11019,-32.3]]],[[[-58.11093,-32.30148],[-58.11065,-32.30185],[-58.1113,-32.30176],[-58.1113,-32.30157],[-58.11093,-32.30148]]],[[[-58.11065,-32.2987],[-58.11037,-32.29944],[-58.11074,-32.29954],[-58.11065,-32.2987]]],[[[-58.11019,-32.29796],[-58.10972,-32.29852],[-58.10981,-32.2987],[-58.11009,-32.29824],[-58.11046,-32.29824],[-58.11019,-32.29796]]],[[[-58.10944,-32.2937],[-58.10991,-32.29417],[-58.10981,-32.29444],[-58.10991,-32.29463],[-58.11,-32.29352],[-58.10944,-32.2937]]],[[[-58.10981,-32.29093],[-58.11019,-32.2912],[-58.11019,-32.29046],[-58.10981,-32.29093]]],[[[-58.11065,-32.28926],[-58.11056,-32.28991],[-58.11074,-32.29065],[-58.11074,-32.28981],[-58.11065,-32.28926]]],[[[-58.11185,-32.28796],[-58.11185,-32.2862],[-58.11139,-32.28528],[-58.1112,-32.28593],[-58.11176,-32.28648],[-58.11148,-32.28722],[-58.11176,-32.28731],[-58.11185,-32.28796]]],[[[-58.10926,-32.28407],[-58.10944,-32.28519],[-58.10944,-32.28435],[-58.10991,-32.28444],[-58.11009,-32.28398],[-58.11056,-32.28389],[-58.10926,-32.28407]]],[[[-58.11065,-32.28398],[-58.11028,-32.28435],[-58.11065,-32.28472],[-58.11065,-32.28398]]],[[[-58.1112,-32.27361],[-58.1113,-32.27324],[-58.11167,-32.2738],[-58.1112,-32.27398],[-58.11148,-32.27426],[-58.11185,-32.27407],[-58.11167,-32.27352],[-58.11185,-32.27278],[-58.11093,-32.27278],[-58.1112,-32.27361]]],[[[-58.11009,-32.26889],[-58.11056,-32.27056],[-58.11037,-32.27083],[-58.11083,-32.27102],[-58.11102,-32.27009],[-58.11083,-32.27056],[-58.11056,-32.27046],[-58.11046,-32.26972],[-58.11074,-32.26944],[-58.11037,-32.26944],[-58.11037,-32.26907],[-58.11009,-32.26889]]],[[[-58.11093,-32.26796],[-58.1113,-32.2675],[-58.1113,-32.26722],[-58.11102,-32.26722],[-58.1112,-32.26741],[-58.11093,-32.2675],[-58.11093,-32.26796]]],[[[-58.11028,-32.26463],[-58.10972,-32.26463],[-58.10972,-32.26519],[-58.11037,-32.26491],[-58.11028,-32.26463]]],[[[-58.10981,-32.26333],[-58.11,-32.26259],[-58.11,-32.26241],[-58.10926,-32.26315],[-58.10963,-32.26306],[-58.10981,-32.26333]]],[[[-58.10972,-32.26407],[-58.10917,-32.26333],[-58.10907,-32.26333],[-58.10907,-32.26389],[-58.10972,-32.26407]]],[[[-58.10907,-32.2612],[-58.10889,-32.26167],[-58.10944,-32.26278],[-58.10954,-32.26194],[-58.10917,-32.26185],[-58.10907,-32.2612]]],[[[-58.10954,-32.25991],[-58.10991,-32.25963],[-58.10991,-32.25935],[-58.10954,-32.25944],[-58.10954,-32.25991]]],[[[-58.11046,-32.2538],[-58.10981,-32.25481],[-58.11028,-32.25463],[-58.11037,-32.25417],[-58.11093,-32.2538],[-58.11111,-32.2538],[-58.1112,-32.25398],[-58.1113,-32.25398],[-58.1113,-32.2538],[-58.1112,-32.2537],[-58.11046,-32.2538]]],[[[-58.11176,-32.25519],[-58.11148,-32.255],[-58.11139,-32.25426],[-58.11139,-32.25546],[-58.11148,-32.25528],[-58.11213,-32.25546],[-58.11241,-32.25509],[-58.11204,-32.25509],[-58.11194,-32.25472],[-58.11176,-32.25519]]],[[[-58.10981,-32.25481],[-58.10935,-32.25519],[-58.10926,-32.25574],[-58.10935,-32.25574],[-58.10944,-32.25556],[-58.10944,-32.25528],[-58.10981,-32.255],[-58.10981,-32.25481]]],[[[-58.10972,-32.25593],[-58.10954,-32.25648],[-58.10981,-32.25657],[-58.11,-32.25713],[-58.11009,-32.25713],[-58.11019,-32.25648],[-58.10963,-32.2563],[-58.10972,-32.25593]]],[[[-58.11019,-32.25713],[-58.11009,-32.25778],[-58.11046,-32.25778],[-58.11056,-32.25824],[-58.11074,-32.25815],[-58.11074,-32.25806],[-58.11019,-32.25713]]],[[[-58.11093,-32.25843],[-58.11065,-32.25935],[-58.11093,-32.25954],[-58.11093,-32.25843]]],[[[-58.10944,-32.21454],[-58.10907,-32.21417],[-58.10898,-32.21472],[-58.10944,-32.21454]]],[[[-58.11287,-32.20583],[-58.11296,-32.20528],[-58.11231,-32.20565],[-58.11204,-32.20519],[-58.11194,-32.20583],[-58.11065,-32.20583],[-58.11056,-32.20667],[-58.11083,-32.20602],[-58.11157,-32.20602],[-58.11176,-32.20639],[-58.11213,-32.20639],[-58.11194,-32.20676],[-58.11204,-32.20722],[-58.11231,-32.20583],[-58.11287,-32.20583]]],[[[-58.11083,-32.2088],[-58.11046,-32.20898],[-58.11037,-32.20963],[-58.11083,-32.2088]]],[[[-58.11028,-32.21167],[-58.10926,-32.21157],[-58.10907,-32.21093],[-58.10954,-32.21074],[-58.10944,-32.21037],[-58.10907,-32.21074],[-58.10843,-32.21074],[-58.10898,-32.21093],[-58.1087,-32.21102],[-58.10898,-32.2112],[-58.10898,-32.21194],[-58.1087,-32.21213],[-58.10991,-32.21185],[-58.11,-32.21269],[-58.11037,-32.21213],[-58.11028,-32.21167]]],[[[-58.11,-32.2087],[-58.10991,-32.20778],[-58.10991,-32.20861],[-58.10954,-32.20833],[-58.10944,-32.2087],[-58.10898,-32.2087],[-58.10833,-32.20926],[-58.10833,-32.20944],[-58.10935,-32.20917],[-58.11,-32.2087]]],[[[-58.11083,-32.20481],[-58.11157,-32.20556],[-58.11176,-32.205],[-58.11157,-32.20444],[-58.11083,-32.20481]]],[[[-58.11167,-32.18093],[-58.1112,-32.18093],[-58.11148,-32.18139],[-58.11157,-32.18139],[-58.11167,-32.18093]]],[[[-58.125,-32.165],[-58.12444,-32.16398],[-58.12491,-32.16343],[-58.12444,-32.16343],[-58.12361,-32.16259],[-58.12361,-32.16315],[-58.12287,-32.16306],[-58.12296,-32.16352],[-58.12222,-32.16361],[-58.12222,-32.16306],[-58.12157,-32.16241],[-58.1213,-32.16157],[-58.1188,-32.15926],[-58.11769,-32.15935],[-58.11704,-32.15898],[-58.11685,-32.15963],[-58.1163,-32.15972],[-58.11593,-32.15935],[-58.11528,-32.15935],[-58.11491,-32.15852],[-58.11426,-32.15852],[-58.11491,-32.15843],[-58.11509,-32.15759],[-58.11546,-32.15741],[-58.11528,-32.15667],[-58.11528,-32.15722],[-58.11472,-32.15796],[-58.11426,-32.15796],[-58.11417,-32.15861],[-58.115,-32.15889],[-58.11519,-32.15944],[-58.11574,-32.15944],[-58.11611,-32.15981],[-58.11722,-32.15981],[-58.11667,-32.16037],[-58.11713,-32.16083],[-58.11611,-32.16102],[-58.11593,-32.16167],[-58.11537,-32.16148],[-58.11491,-32.16204],[-58.11417,-32.16176],[-58.1138,-32.16333],[-58.11417,-32.16407],[-58.11361,-32.16435],[-58.11343,-32.16528],[-58.11269,-32.16565],[-58.11167,-32.16546],[-58.11148,-32.16509],[-58.11065,-32.16491],[-58.11046,-32.16454],[-58.10954,-32.16435],[-58.10907,-32.16352],[-58.10917,-32.1625],[-58.10778,-32.16241],[-58.10806,-32.16222],[-58.10806,-32.16157],[-58.10759,-32.16139],[-58.10722,-32.16167],[-58.10722,-32.16222],[-58.10657,-32.16241],[-58.10657,-32.16315],[-58.1063,-32.16296],[-58.10648,-32.1625],[-58.1062,-32.16259],[-58.10639,-32.16343],[-58.10676,-32.16333],[-58.10676,-32.16287],[-58.10731,-32.16287],[-58.10731,-32.16352],[-58.10676,-32.16361],[-58.10657,-32.16463],[-58.10574,-32.16407],[-58.10463,-32.16426],[-58.10426,-32.16389],[-58.10407,-32.16463],[-58.10361,-32.16407],[-58.10269,-32.16407],[-58.10333,-32.1637],[-58.10222,-32.16398],[-58.10259,-32.16426],[-58.10352,-32.16417],[-58.10361,-32.16454],[-58.10259,-32.16444],[-58.10231,-32.16481],[-58.10222,-32.16574],[-58.10278,-32.16639],[-58.10204,-32.16648],[-58.10204,-32.16731],[-58.1012,-32.1675],[-58.10093,-32.16815],[-58.10046,-32.16833],[-58.09972,-32.16796],[-58.09935,-32.16843],[-58.09852,-32.16843],[-58.09824,-32.16907],[-58.0975,-32.16898],[-58.09731,-32.16981],[-58.09685,-32.16981],[-58.09667,-32.17028],[-58.09593,-32.17037],[-58.09593,-32.17065],[-58.09667,-32.17074],[-58.09787,-32.16981],[-58.09824,-32.16981],[-58.09843,-32.17056],[-58.09944,-32.17046],[-58.09954,-32.16991],[-58.10009,-32.17074],[-58.10056,-32.17074],[-58.10065,-32.17037],[-58.1013,-32.17046],[-58.10148,-32.16972],[-58.10213,-32.16944],[-58.10213,-32.16815],[-58.10185,-32.16769],[-58.10296,-32.16769],[-58.10213,-32.16741],[-58.10259,-32.16713],[-58.10222,-32.16676],[-58.10269,-32.16657],[-58.10287,-32.16704],[-58.10389,-32.16713],[-58.10398,-32.16602],[-58.10463,-32.16602],[-58.10417,-32.16583],[-58.10426,-32.16556],[-58.10491,-32.16537],[-58.10481,-32.16574],[-58.10574,-32.16583],[-58.10657,-32.16546],[-58.10676,-32.16426],[-58.10741,-32.16472],[-58.1075,-32.16426],[-58.10704,-32.16398],[-58.10759,-32.16389],[-58.10796,-32.16306],[-58.1087,-32.16269],[-58.10907,-32.16287],[-58.1087,-32.1638],[-58.10917,-32.16444],[-58.1112,-32.16509],[-58.1113,-32.16565],[-58.11093,-32.16574],[-58.11148,-32.16593],[-58.1112,-32.16639],[-58.11185,-32.16657],[-58.11194,-32.16611],[-58.11241,-32.16611],[-58.11259,-32.16648],[-58.11296,-32.16648],[-58.11269,-32.16796],[-58.11306,-32.16833],[-58.11259,-32.16861],[-58.1125,-32.16815],[-58.11213,-32.16824],[-58.11204,-32.16898],[-58.11278,-32.16889],[-58.11315,-32.16926],[-58.11324,-32.16963],[-58.11287,-32.17],[-58.11333,-32.17037],[-58.11333,-32.17083],[-58.11593,-32.17093],[-58.11565,-32.17139],[-58.11463,-32.17148],[-58.11565,-32.17185],[-58.11509,-32.17324],[-58.11509,-32.17407],[-58.11426,-32.17472],[-58.11435,-32.17398],[-58.11324,-32.17398],[-58.11389,-32.17463],[-58.1137,-32.17519],[-58.11398,-32.17519],[-58.11398,-32.17583],[-58.11454,-32.1762],[-58.115,-32.17713],[-58.11472,-32.17759],[-58.115,-32.17787],[-58.11491,-32.17833],[-58.11444,-32.17796],[-58.11444,-32.17713],[-58.11407,-32.17685],[-58.11352,-32.17713],[-58.11352,-32.17676],[-58.11324,-32.17769],[-58.11139,-32.17815],[-58.11213,-32.1787],[-58.11185,-32.17981],[-58.11194,-32.18056],[-58.11222,-32.18065],[-58.11204,-32.1813],[-58.11287,-32.18176],[-58.11231,-32.18231],[-58.11148,-32.18167],[-58.11148,-32.18213],[-58.11111,-32.18231],[-58.11194,-32.18287],[-58.1113,-32.18306],[-58.1113,-32.18333],[-58.11185,-32.18343],[-58.11287,-32.18481],[-58.11269,-32.18528],[-58.11185,-32.18509],[-58.11204,-32.18574],[-58.11176,-32.18611],[-58.1125,-32.18648],[-58.11204,-32.18731],[-58.11306,-32.18722],[-58.11278,-32.18907],[-58.11343,-32.19019],[-58.11426,-32.19074],[-58.11426,-32.19037],[-58.11352,-32.18991],[-58.11407,-32.18981],[-58.11444,-32.18935],[-58.1138,-32.18852],[-58.11407,-32.18815],[-58.11343,-32.18796],[-58.11315,-32.18824],[-58.11315,-32.18787],[-58.1137,-32.18778],[-58.1137,-32.18657],[-58.11463,-32.18648],[-58.11259,-32.1862],[-58.11315,-32.18519],[-58.11352,-32.18583],[-58.11472,-32.18583],[-58.11519,-32.18519],[-58.11574,-32.18519],[-58.11519,-32.18463],[-58.11481,-32.18472],[-58.11546,-32.18444],[-58.11574,-32.18324],[-58.11528,-32.18241],[-58.11537,-32.18194],[-58.11574,-32.18204],[-58.11556,-32.18241],[-58.11611,-32.18296],[-58.11667,-32.18306],[-58.11648,-32.18259],[-58.11713,-32.18241],[-58.11694,-32.18204],[-58.11722,-32.18185],[-58.11731,-32.18093],[-58.11806,-32.18093],[-58.11778,-32.1812],[-58.11815,-32.18259],[-58.11796,-32.18324],[-58.11861,-32.18352],[-58.11843,-32.18324],[-58.11861,-32.18306],[-58.11963,-32.18343],[-58.11972,-32.18278],[-58.11944,-32.1825],[-58.11991,-32.18148],[-58.12009,-32.18213],[-58.11981,-32.18269],[-58.12046,-32.18278],[-58.12019,-32.1837],[-58.11963,-32.18426],[-58.1187,-32.18426],[-58.11796,-32.18528],[-58.11722,-32.18537],[-58.1175,-32.18565],[-58.11722,-32.18602],[-58.11778,-32.18602],[-58.11824,-32.18657],[-58.11741,-32.18704],[-58.11676,-32.18685],[-58.11648,-32.18778],[-58.11685,-32.18796],[-58.11667,-32.18759],[-58.11722,-32.18741],[-58.1175,-32.18796],[-58.11759,-32.1875],[-58.11769,-32.18796],[-58.11833,-32.18796],[-58.11787,-32.18778],[-58.11769,-32.18704],[-58.11852,-32.18676],[-58.1187,-32.18713],[-58.11935,-32.18694],[-58.11963,-32.18769],[-58.11907,-32.18796],[-58.11991,-32.18815],[-58.11981,-32.18778],[-58.12019,-32.18796],[-58.12046,-32.18769],[-58.12,-32.18676],[-58.12056,-32.18657],[-58.11991,-32.1862],[-58.12037,-32.18611],[-58.12065,-32.18546],[-58.1213,-32.18556],[-58.12176,-32.18454],[-58.12278,-32.18435],[-58.12259,-32.18398],[-58.12333,-32.18343],[-58.12278,-32.18333],[-58.1225,-32.1825],[-58.12324,-32.18213],[-58.12343,-32.18157],[-58.12435,-32.18139],[-58.12435,-32.18009],[-58.12343,-32.17926],[-58.12463,-32.17889],[-58.12519,-32.17713],[-58.12491,-32.17657],[-58.12417,-32.17713],[-58.1237,-32.17713],[-58.1237,-32.17676],[-58.12398,-32.17657],[-58.12398,-32.17593],[-58.12417,-32.1763],[-58.12472,-32.17602],[-58.12444,-32.17556],[-58.12491,-32.17546],[-58.12519,-32.17491],[-58.12481,-32.17454],[-58.1238,-32.17472],[-58.1238,-32.17426],[-58.12435,-32.17426],[-58.12472,-32.17352],[-58.12463,-32.17287],[-58.12417,-32.1737],[-58.12333,-32.17296],[-58.12278,-32.17296],[-58.12278,-32.17148],[-58.1238,-32.17139],[-58.12444,-32.17167],[-58.12481,-32.17194],[-58.12491,-32.17259],[-58.12556,-32.16843],[-58.12657,-32.16824],[-58.12667,-32.16778],[-58.12657,-32.16731],[-58.12602,-32.16769],[-58.12556,-32.1675],[-58.12574,-32.16602],[-58.1262,-32.16574],[-58.12593,-32.16546],[-58.12602,-32.16454],[-58.12583,-32.165],[-58.125,-32.165]],[[-58.0987,-32.1688],[-58.1,-32.16815],[-58.09972,-32.1688],[-58.0987,-32.1688]],[[-58.11537,-32.17639],[-58.11491,-32.1762],[-58.11574,-32.1763],[-58.11574,-32.17694],[-58.11537,-32.17676],[-58.11537,-32.17639]],[[-58.10731,-32.16185],[-58.10778,-32.16157],[-58.10796,-32.16204],[-58.10759,-32.16213],[-58.10731,-32.16185]],[[-58.10315,-32.16528],[-58.1025,-32.16574],[-58.10306,-32.16472],[-58.10463,-32.16509],[-58.10315,-32.16528]],[[-58.11519,-32.16667],[-58.115,-32.16602],[-58.11509,-32.16565],[-58.11574,-32.16639],[-58.11574,-32.16676],[-58.11519,-32.16667]],[[-58.11639,-32.16648],[-58.11611,-32.1662],[-58.11648,-32.16593],[-58.11704,-32.1662],[-58.11639,-32.16648]],[[-58.11602,-32.16676],[-58.11657,-32.16657],[-58.11657,-32.16694],[-58.1162,-32.16722],[-58.11602,-32.16676]],[[-58.11657,-32.16694],[-58.11722,-32.16685],[-58.11722,-32.16713],[-58.11676,-32.16759],[-58.11657,-32.16694]],[[-58.11491,-32.16759],[-58.11444,-32.16722],[-58.11398,-32.16731],[-58.11389,-32.16704],[-58.11463,-32.16704],[-58.11481,-32.16731],[-58.11528,-32.16685],[-58.11583,-32.16704],[-58.11491,-32.16759]],[[-58.11315,-32.16769],[-58.11352,-32.16704],[-58.11389,-32.16769],[-58.11315,-32.16769]],[[-58.11907,-32.17176],[-58.11954,-32.1725],[-58.1213,-32.17204],[-58.12102,-32.17315],[-58.12139,-32.17352],[-58.12185,-32.17333],[-58.12204,-32.17389],[-58.12241,-32.1738],[-58.12259,-32.17444],[-58.12231,-32.17583],[-58.12278,-32.17546],[-58.12278,-32.17454],[-58.12343,-32.17472],[-58.12343,-32.17519],[-58.1238,-32.17509],[-58.12352,-32.17583],[-58.12269,-32.17574],[-58.12259,-32.1763],[-58.12204,-32.1762],[-58.12185,-32.17565],[-58.12176,-32.17602],[-58.12028,-32.17565],[-58.12009,-32.1762],[-58.12065,-32.17741],[-58.12083,-32.17676],[-58.12176,-32.17676],[-58.1212,-32.17731],[-58.1213,-32.17796],[-58.12194,-32.17806],[-58.12167,-32.17917],[-58.12213,-32.17917],[-58.12259,-32.17981],[-58.12306,-32.17991],[-58.12231,-32.18009],[-58.12157,-32.17926],[-58.12102,-32.17926],[-58.12093,-32.17972],[-58.12028,-32.17981],[-58.11991,-32.17944],[-58.11889,-32.17944],[-58.1188,-32.17898],[-58.11843,-32.17926],[-58.11796,-32.1788],[-58.11778,-32.17796],[-58.11815,-32.17769],[-58.1187,-32.17583],[-58.11991,-32.17565],[-58.11907,-32.17546],[-58.1188,-32.17472],[-58.11852,-32.17519],[-58.1175,-32.17491],[-58.11704,-32.17528],[-58.1175,-32.17454],[-58.11694,-32.17454],[-58.11685,-32.17481],[-58.11657,-32.17463],[-58.11685,-32.17324],[-58.11657,-32.17241],[-58.11769,-32.17157],[-58.11815,-32.17176],[-58.11843,-32.17269],[-58.1188,-32.17269],[-58.11889,-32.17222],[-58.11861,-32.17204],[-58.11907,-32.17176]],[[-58.11657,-32.17176],[-58.11639,-32.17352],[-58.11593,-32.17361],[-58.11565,-32.17259],[-58.11611,-32.17241],[-58.11593,-32.17176],[-58.1162,-32.17157],[-58.11657,-32.17176]],[[-58.11815,-32.1762],[-58.11769,-32.17815],[-58.11657,-32.17769],[-58.1163,-32.17778],[-58.11639,-32.17824],[-58.11611,-32.17824],[-58.1163,-32.17731],[-58.11574,-32.17778],[-58.11537,-32.17769],[-58.11537,-32.17731],[-58.1162,-32.17685],[-58.11593,-32.1763],[-58.11611,-32.17593],[-58.11676,-32.17565],[-58.11685,-32.17593],[-58.1175,-32.17565],[-58.11759,-32.17611],[-58.11815,-32.1762]],[[-58.12417,-32.17852],[-58.12454,-32.1775],[-58.12491,-32.1775],[-58.12463,-32.17852],[-58.12417,-32.17852]],[[-58.1163,-32.18009],[-58.11463,-32.17963],[-58.11417,-32.18],[-58.11426,-32.18046],[-58.11463,-32.18046],[-58.11444,-32.18241],[-58.115,-32.18269],[-58.11491,-32.18315],[-58.11426,-32.18315],[-58.11444,-32.18343],[-58.11426,-32.18407],[-58.1137,-32.18352],[-58.11315,-32.18361],[-58.11333,-32.18269],[-58.1138,-32.18269],[-58.11407,-32.18213],[-58.11324,-32.18185],[-58.11389,-32.1812],[-58.11398,-32.18065],[-58.1138,-32.18046],[-58.11352,-32.18083],[-58.11324,-32.18065],[-58.11407,-32.17991],[-58.1138,-32.17926],[-58.11519,-32.17954],[-58.11546,-32.17917],[-58.1163,-32.17907],[-58.1163,-32.18009]],[[-58.1213,-32.18009],[-58.12102,-32.17991],[-58.1212,-32.17944],[-58.12167,-32.17981],[-58.1213,-32.18009]],[[-58.11852,-32.17991],[-58.11731,-32.18046],[-58.11713,-32.18009],[-58.11769,-32.17954],[-58.11843,-32.17963],[-58.11852,-32.17991]],[[-58.12222,-32.18213],[-58.12176,-32.18148],[-58.12241,-32.18139],[-58.12222,-32.18213]],[[-58.12194,-32.18259],[-58.1225,-32.18296],[-58.1225,-32.18333],[-58.12157,-32.18296],[-58.12194,-32.18259]],[[-58.11306,-32.18426],[-58.11352,-32.1837],[-58.11352,-32.18444],[-58.11315,-32.18472],[-58.11306,-32.18426]],[[-58.11815,-32.1862],[-58.11806,-32.18556],[-58.11889,-32.18583],[-58.1188,-32.1863],[-58.11815,-32.1862]]],[[[-58.12463,-32.18194],[-58.12481,-32.18148],[-58.12435,-32.18139],[-58.12444,-32.18213],[-58.12463,-32.18194]]],[[[-58.11593,-32.18815],[-58.11574,-32.18907],[-58.11602,-32.18917],[-58.11583,-32.18963],[-58.11611,-32.18972],[-58.11593,-32.18815]]],[[[-58.11519,-32.19222],[-58.11454,-32.1913],[-58.11481,-32.19204],[-58.11519,-32.19222]]],[[[-58.11537,-32.19324],[-58.11546,-32.19287],[-58.11519,-32.1925],[-58.11519,-32.19315],[-58.115,-32.19287],[-58.11407,-32.19315],[-58.11444,-32.19352],[-58.11481,-32.19306],[-58.11537,-32.19324]]],[[[-58.11528,-32.19435],[-58.11519,-32.1938],[-58.115,-32.19435],[-58.11537,-32.19463],[-58.11509,-32.195],[-58.11556,-32.19556],[-58.11602,-32.19556],[-58.1162,-32.19472],[-58.11602,-32.19417],[-58.11528,-32.19435]]],[[[-58.09556,-32.17111],[-58.09593,-32.17065],[-58.09509,-32.17056],[-58.095,-32.17083],[-58.09537,-32.17093],[-58.09509,-32.17139],[-58.09472,-32.17065],[-58.09361,-32.17065],[-58.09352,-32.17037],[-58.09269,-32.17093],[-58.09315,-32.1712],[-58.09287,-32.17185],[-58.09352,-32.17185],[-58.0937,-32.17213],[-58.09435,-32.17176],[-58.09509,-32.17213],[-58.09574,-32.17194],[-58.09556,-32.17111]]],[[[-58.10389,-32.16306],[-58.10343,-32.16361],[-58.10444,-32.16333],[-58.10444,-32.16231],[-58.10389,-32.16231],[-58.10389,-32.16306]]],[[[-58.10343,-32.16241],[-58.105,-32.16157],[-58.10491,-32.1613],[-58.10444,-32.16157],[-58.10417,-32.16148],[-58.10481,-32.16037],[-58.10546,-32.16019],[-58.10546,-32.16102],[-58.10565,-32.16083],[-58.10546,-32.15954],[-58.10352,-32.16157],[-58.10176,-32.16167],[-58.1012,-32.16213],[-58.10157,-32.16241],[-58.10213,-32.16194],[-58.10231,-32.16269],[-58.10259,-32.16269],[-58.10259,-32.16222],[-58.10315,-32.16222],[-58.10278,-32.16176],[-58.10352,-32.16176],[-58.10324,-32.16213],[-58.10343,-32.16241]]],[[[-58.1063,-32.16056],[-58.10611,-32.16093],[-58.10611,-32.1613],[-58.10639,-32.16093],[-58.1063,-32.16056]]],[[[-58.11093,-32.16917],[-58.11167,-32.16861],[-58.11157,-32.16833],[-58.1112,-32.16833],[-58.11093,-32.16917]]],[[[-58.11028,-32.16139],[-58.10991,-32.1613],[-58.11,-32.16093],[-58.11037,-32.16093],[-58.11046,-32.1613],[-58.11056,-32.16093],[-58.10991,-32.16083],[-58.10981,-32.16139],[-58.11028,-32.16139]]],[[[-58.11019,-32.15963],[-58.11037,-32.15926],[-58.10963,-32.15907],[-58.10926,-32.15926],[-58.10972,-32.15981],[-58.10963,-32.16019],[-58.11065,-32.15972],[-58.11019,-32.15963]]],[[[-58.10898,-32.15065],[-58.10833,-32.14963],[-58.10787,-32.14963],[-58.1087,-32.15037],[-58.1087,-32.15065],[-58.10815,-32.15065],[-58.10815,-32.15111],[-58.10852,-32.15139],[-58.10833,-32.15213],[-58.10935,-32.15222],[-58.10954,-32.15269],[-58.11065,-32.15333],[-58.11148,-32.15287],[-58.11194,-32.15296],[-58.11213,-32.15259],[-58.11167,-32.15176],[-58.11046,-32.15111],[-58.10898,-32.15065]],[[-58.11046,-32.1512],[-58.1112,-32.15204],[-58.11157,-32.15185],[-58.11139,-32.15278],[-58.11,-32.15259],[-58.10944,-32.15213],[-58.11,-32.15157],[-58.10991,-32.1512],[-58.11046,-32.1512]],[[-58.10898,-32.15204],[-58.10861,-32.1513],[-58.10824,-32.15102],[-58.10833,-32.15074],[-58.10917,-32.15102],[-58.10898,-32.15204]]],[[[-58.10991,-32.13213],[-58.11,-32.13176],[-58.10935,-32.1312],[-58.10926,-32.13157],[-58.10991,-32.13213]]],[[[-58.11315,-32.12176],[-58.11306,-32.12241],[-58.11269,-32.1225],[-58.11269,-32.12333],[-58.11231,-32.12259],[-58.11194,-32.12296],[-58.11213,-32.12352],[-58.11185,-32.1238],[-58.11056,-32.12426],[-58.11093,-32.12454],[-58.1112,-32.12565],[-58.11176,-32.125],[-58.11222,-32.12509],[-58.11204,-32.12574],[-58.11019,-32.12574],[-58.11019,-32.12537],[-58.11,-32.12537],[-58.11009,-32.12574],[-58.10926,-32.12546],[-58.10935,-32.12602],[-58.10898,-32.12602],[-58.10741,-32.12528],[-58.10676,-32.12574],[-58.10667,-32.12657],[-58.10602,-32.12685],[-58.10843,-32.12657],[-58.10704,-32.12657],[-58.10769,-32.12583],[-58.10926,-32.1262],[-58.10889,-32.12657],[-58.10981,-32.12639],[-58.10944,-32.1263],[-58.10954,-32.12583],[-58.11148,-32.12593],[-58.11148,-32.1263],[-58.11185,-32.1263],[-58.11296,-32.12426],[-58.11352,-32.12389],[-58.11361,-32.12333],[-58.11472,-32.12306],[-58.11481,-32.12352],[-58.11519,-32.12343],[-58.115,-32.12222],[-58.11315,-32.12176]],[[-58.11398,-32.12222],[-58.11491,-32.12231],[-58.11472,-32.12278],[-58.11398,-32.1225],[-58.11398,-32.12222]],[[-58.1125,-32.12398],[-58.11287,-32.12352],[-58.11324,-32.1237],[-58.11287,-32.12417],[-58.1125,-32.12398]],[[-58.11139,-32.12472],[-58.11083,-32.12426],[-58.11213,-32.12398],[-58.11204,-32.12426],[-58.11139,-32.12472]]],[[[-58.11093,-32.1238],[-58.1113,-32.12315],[-58.11074,-32.12315],[-58.11093,-32.1238]]],[[[-58.11028,-32.11648],[-58.10963,-32.11787],[-58.10981,-32.11843],[-58.11028,-32.11843],[-58.11,-32.11861],[-58.11028,-32.11935],[-58.10963,-32.11926],[-58.10981,-32.11991],[-58.10944,-32.12009],[-58.10944,-32.12074],[-58.11046,-32.12065],[-58.11065,-32.12176],[-58.11111,-32.12176],[-58.1112,-32.1212],[-58.11185,-32.12102],[-58.11148,-32.12056],[-58.11222,-32.12083],[-58.11241,-32.12037],[-58.11213,-32.11954],[-58.11157,-32.11963],[-58.11083,-32.11833],[-58.11111,-32.11796],[-58.11083,-32.11769],[-58.11102,-32.11731],[-58.11046,-32.11685],[-58.11037,-32.1162],[-58.10963,-32.11611],[-58.10954,-32.11676],[-58.11028,-32.11648]]],[[[-58.10963,-32.11889],[-58.10935,-32.11833],[-58.10898,-32.11833],[-58.1087,-32.11898],[-58.10963,-32.11889]]],[[[-58.10815,-32.11111],[-58.10787,-32.11231],[-58.10759,-32.11278],[-58.10796,-32.11241],[-58.10815,-32.11111]]],[[[-58.1087,-32.11241],[-58.10833,-32.1125],[-58.10833,-32.11296],[-58.10898,-32.11324],[-58.10889,-32.1137],[-58.10787,-32.11343],[-58.10778,-32.1138],[-58.10731,-32.1138],[-58.10722,-32.11306],[-58.10685,-32.11343],[-58.10685,-32.11417],[-58.10667,-32.1138],[-58.1062,-32.1138],[-58.10602,-32.11417],[-58.10639,-32.11454],[-58.10574,-32.11491],[-58.10694,-32.11519],[-58.10657,-32.11491],[-58.10676,-32.11435],[-58.10713,-32.11444],[-58.1075,-32.11398],[-58.10806,-32.11389],[-58.10843,-32.11426],[-58.10935,-32.11435],[-58.10981,-32.11481],[-58.10963,-32.11537],[-58.11037,-32.11556],[-58.11093,-32.1163],[-58.11102,-32.11593],[-58.1113,-32.11593],[-58.1113,-32.11583],[-58.11083,-32.11565],[-58.11083,-32.11528],[-58.11157,-32.11519],[-58.11139,-32.11472],[-58.11093,-32.11463],[-58.11102,-32.11343],[-58.11065,-32.11343],[-58.11056,-32.11398],[-58.10991,-32.11361],[-58.10944,-32.11398],[-58.10944,-32.11306],[-58.10898,-32.11306],[-58.1088,-32.11269],[-58.10917,-32.11194],[-58.10907,-32.11148],[-58.1087,-32.11241]],[[-58.11074,-32.11519],[-58.11074,-32.11574],[-58.11065,-32.11574],[-58.11028,-32.11528],[-58.11065,-32.11519],[-58.11065,-32.11472],[-58.11111,-32.11481],[-58.11074,-32.11519]],[[-58.11074,-32.11398],[-58.11065,-32.11463],[-58.11,-32.11491],[-58.10972,-32.11426],[-58.11009,-32.11407],[-58.10981,-32.11398],[-58.11019,-32.11407],[-58.11074,-32.11398]]],[[[-58.11157,-32.11722],[-58.11148,-32.11824],[-58.11176,-32.11833],[-58.11176,-32.11843],[-58.11194,-32.11843],[-58.11194,-32.11852],[-58.11204,-32.11852],[-58.11204,-32.11833],[-58.11157,-32.11815],[-58.11157,-32.11722]]],[[[-58.11537,-32.12213],[-58.11602,-32.12259],[-58.11657,-32.12176],[-58.11593,-32.1213],[-58.11537,-32.11972],[-58.11454,-32.11907],[-58.11426,-32.11972],[-58.11472,-32.12],[-58.11463,-32.12046],[-58.115,-32.12102],[-58.11463,-32.12139],[-58.11435,-32.1212],[-58.11454,-32.12157],[-58.11407,-32.12167],[-58.11519,-32.12176],[-58.11537,-32.12213]],[[-58.11583,-32.12241],[-58.11556,-32.12157],[-58.11463,-32.12157],[-58.11509,-32.12111],[-58.11509,-32.12065],[-58.11574,-32.12093],[-58.11574,-32.12139],[-58.11602,-32.12148],[-58.11611,-32.12241],[-58.11583,-32.12241]]],[[[-58.11222,-32.10787],[-58.11148,-32.10759],[-58.11074,-32.10824],[-58.11185,-32.10843],[-58.11222,-32.10824],[-58.11222,-32.10787]]],[[[-58.10657,-32.34815],[-58.1062,-32.34806],[-58.10611,-32.34824],[-58.10657,-32.34852],[-58.10657,-32.34815]]],[[[-58.1087,-32.34657],[-58.10898,-32.34676],[-58.10935,-32.34667],[-58.10935,-32.34648],[-58.1087,-32.34657]]],[[[-58.10815,-32.345],[-58.10778,-32.34463],[-58.10694,-32.34454],[-58.10694,-32.34491],[-58.10778,-32.34481],[-58.10759,-32.34519],[-58.10787,-32.34556],[-58.10852,-32.34556],[-58.10898,-32.34519],[-58.1087,-32.34491],[-58.1088,-32.34519],[-58.10833,-32.34509],[-58.10806,-32.34537],[-58.10815,-32.345]]],[[[-58.10407,-32.34241],[-58.1038,-32.34194],[-58.1025,-32.34167],[-58.10241,-32.34093],[-58.10148,-32.3412],[-58.10111,-32.34083],[-58.10065,-32.34102],[-58.09981,-32.34074],[-58.09954,-32.3412],[-58.09889,-32.3412],[-58.09889,-32.34148],[-58.09815,-32.3413],[-58.09796,-32.34176],[-58.0975,-32.34167],[-58.09741,-32.3413],[-58.09787,-32.34083],[-58.09824,-32.3412],[-58.09843,-32.34037],[-58.0988,-32.34019],[-58.0988,-32.33981],[-58.09926,-32.33981],[-58.09926,-32.33954],[-58.09843,-32.33981],[-58.09843,-32.34028],[-58.09769,-32.34065],[-58.09741,-32.3412],[-58.09694,-32.3412],[-58.09685,-32.34185],[-58.09676,-32.34139],[-58.0963,-32.34148],[-58.09704,-32.34231],[-58.09648,-32.34287],[-58.09685,-32.34324],[-58.09815,-32.34222],[-58.09935,-32.34222],[-58.09944,-32.34139],[-58.09981,-32.34102],[-58.10046,-32.3412],[-58.10019,-32.34148],[-58.10056,-32.34231],[-58.10037,-32.34278],[-58.10083,-32.34278],[-58.10083,-32.34231],[-58.10111,-32.34222],[-58.10111,-32.34296],[-58.10185,-32.34296],[-58.10194,-32.34333],[-58.10185,-32.34407],[-58.10213,-32.34444],[-58.1013,-32.34454],[-58.10148,-32.34509],[-58.10176,-32.34481],[-58.10194,-32.345],[-58.10185,-32.34537],[-58.10148,-32.34528],[-58.10148,-32.34574],[-58.10231,-32.34602],[-58.10259,-32.34574],[-58.10315,-32.34583],[-58.1038,-32.34648],[-58.10454,-32.34648],[-58.10407,-32.34704],[-58.10426,-32.34769],[-58.10463,-32.34722],[-58.10611,-32.34778],[-58.1063,-32.34713],[-58.10685,-32.34722],[-58.10694,-32.34685],[-58.10759,-32.34685],[-58.10769,-32.34731],[-58.10713,-32.34769],[-58.10861,-32.34815],[-58.1087,-32.34778],[-58.10824,-32.34769],[-58.10815,-32.34722],[-58.10843,-32.3475],[-58.10963,-32.34759],[-58.10935,-32.34796],[-58.11056,-32.3488],[-58.11074,-32.34935],[-58.1113,-32.34944],[-58.11157,-32.34917],[-58.11167,-32.34944],[-58.11194,-32.34954],[-58.11194,-32.34898],[-58.11157,-32.3488],[-58.11176,-32.34778],[-58.11306,-32.3475],[-58.11296,-32.34722],[-58.11241,-32.34722],[-58.11231,-32.34583],[-58.11278,-32.34565],[-58.11148,-32.34519],[-58.11167,-32.34481],[-58.11139,-32.34389],[-58.11093,-32.34333],[-58.1113,-32.3425],[-58.11093,-32.34259],[-58.11111,-32.34204],[-58.11083,-32.34176],[-58.11167,-32.34167],[-58.11176,-32.34065],[-58.11194,-32.34111],[-58.11213,-32.34111],[-58.11185,-32.34037],[-58.11102,-32.34019],[-58.11093,-32.33963],[-58.11056,-32.33963],[-58.11,-32.34037],[-58.11019,-32.34102],[-58.10972,-32.3412],[-58.10981,-32.34176],[-58.11019,-32.34148],[-58.11037,-32.34231],[-58.10981,-32.34287],[-58.10991,-32.3438],[-58.11028,-32.34398],[-58.10991,-32.34463],[-58.11046,-32.34444],[-58.11037,-32.34528],[-58.11083,-32.34537],[-58.11074,-32.34657],[-58.1113,-32.34657],[-58.1112,-32.34611],[-58.11167,-32.34648],[-58.11157,-32.34694],[-58.1112,-32.34694],[-58.11074,-32.34861],[-58.11046,-32.34796],[-58.11093,-32.34759],[-58.11074,-32.34731],[-58.11028,-32.34741],[-58.11056,-32.34639],[-58.11028,-32.34648],[-58.11019,-32.34704],[-58.10954,-32.34722],[-58.10972,-32.34676],[-58.10935,-32.34676],[-58.10889,-32.34685],[-58.10861,-32.34731],[-58.10806,-32.34685],[-58.10833,-32.3462],[-58.10769,-32.34574],[-58.10694,-32.3462],[-58.10741,-32.3463],[-58.1075,-32.34667],[-58.10676,-32.34667],[-58.1063,-32.34583],[-58.10565,-32.34667],[-58.10574,-32.34593],[-58.10491,-32.34574],[-58.10556,-32.34537],[-58.10481,-32.34537],[-58.10472,-32.34611],[-58.10426,-32.34574],[-58.10426,-32.3462],[-58.10389,-32.3463],[-58.10435,-32.34426],[-58.10407,-32.34435],[-58.10407,-32.34546],[-58.1037,-32.34574],[-58.10324,-32.34546],[-58.10315,-32.34398],[-58.10269,-32.34491],[-58.10204,-32.34398],[-58.10259,-32.34333],[-58.10306,-32.34352],[-58.10315,-32.34306],[-58.1038,-32.34296],[-58.10361,-32.3425],[-58.10407,-32.34241]],[[-58.10222,-32.34157],[-58.10185,-32.34222],[-58.10176,-32.34194],[-58.10083,-32.34167],[-58.10167,-32.34167],[-58.10176,-32.3412],[-58.10222,-32.3412],[-58.10222,-32.34157]],[[-58.10231,-32.34259],[-58.10306,-32.34231],[-58.10315,-32.34269],[-58.10241,-32.34278],[-58.10231,-32.34315],[-58.10231,-32.34259]],[[-58.11176,-32.34685],[-58.11204,-32.34639],[-58.11231,-32.34648],[-58.11213,-32.34704],[-58.11176,-32.34685]]],[[[-58.10333,-32.3437],[-58.10417,-32.34426],[-58.10407,-32.34333],[-58.10333,-32.3437]]],[[[-58.10444,-32.3438],[-58.10528,-32.34306],[-58.10556,-32.34259],[-58.10426,-32.34306],[-58.10444,-32.3438]]],[[[-58.10657,-32.34333],[-58.10639,-32.34287],[-58.10602,-32.34324],[-58.10657,-32.34333]]],[[[-58.10435,-32.3413],[-58.1037,-32.34065],[-58.10333,-32.34157],[-58.1038,-32.34167],[-58.10435,-32.3413]]],[[[-58.1075,-32.28907],[-58.10741,-32.28926],[-58.10741,-32.29009],[-58.10759,-32.28963],[-58.1075,-32.28907]]],[[[-58.10778,-32.26537],[-58.10741,-32.26574],[-58.10722,-32.26537],[-58.10713,-32.26574],[-58.10741,-32.26593],[-58.10806,-32.26556],[-58.10852,-32.26583],[-58.10833,-32.26537],[-58.10778,-32.26537]]],[[[-58.10806,-32.26972],[-58.10824,-32.26815],[-58.1088,-32.26833],[-58.10843,-32.26796],[-58.1088,-32.26639],[-58.10824,-32.26778],[-58.10806,-32.26722],[-58.10759,-32.26713],[-58.10759,-32.26667],[-58.10722,-32.26657],[-58.10731,-32.26685],[-58.10676,-32.26722],[-58.10685,-32.26759],[-58.10704,-32.26713],[-58.10741,-32.26713],[-58.10741,-32.26769],[-58.10759,-32.26731],[-58.10796,-32.26731],[-58.10778,-32.26778],[-58.10778,-32.26796],[-58.10806,-32.26806],[-58.10796,-32.26917],[-58.10759,-32.26926],[-58.10787,-32.26944],[-58.10778,-32.26981],[-58.10731,-32.26972],[-58.10741,-32.27065],[-58.1075,-32.26991],[-58.10815,-32.27056],[-58.10889,-32.26981],[-58.10917,-32.26991],[-58.10907,-32.26963],[-58.1087,-32.26972],[-58.10898,-32.26926],[-58.10852,-32.26972],[-58.10806,-32.26972]]],[[[-58.10954,-32.27185],[-58.10926,-32.27009],[-58.10907,-32.27074],[-58.10954,-32.27185]]],[[[-58.11,-32.27352],[-58.11009,-32.27194],[-58.11,-32.27148],[-58.10972,-32.27148],[-58.10954,-32.27194],[-58.10991,-32.27213],[-58.10981,-32.27333],[-58.11019,-32.27407],[-58.11,-32.27463],[-58.11037,-32.27472],[-58.11028,-32.2738],[-58.11,-32.27352]]],[[[-58.10704,-32.26917],[-58.10759,-32.26926],[-58.1075,-32.2687],[-58.10741,-32.26898],[-58.10704,-32.26889],[-58.10704,-32.26917]]],[[[-58.10667,-32.26454],[-58.10593,-32.26361],[-58.10648,-32.26444],[-58.10667,-32.26546],[-58.10676,-32.26463],[-58.10685,-32.26491],[-58.10713,-32.26463],[-58.10667,-32.26454]]],[[[-58.10852,-32.25944],[-58.10843,-32.26],[-58.10907,-32.26074],[-58.10907,-32.26037],[-58.10861,-32.26],[-58.10852,-32.25944]]],[[[-58.10704,-32.25694],[-58.10704,-32.25648],[-58.10676,-32.2562],[-58.10685,-32.25685],[-58.10704,-32.25694]]],[[[-58.10806,-32.25759],[-58.10769,-32.25694],[-58.10741,-32.25694],[-58.10759,-32.25713],[-58.10713,-32.25731],[-58.10713,-32.25806],[-58.10759,-32.25889],[-58.10769,-32.25741],[-58.10824,-32.25898],[-58.10806,-32.25759]]],[[[-58.10731,-32.26083],[-58.10741,-32.26],[-58.10796,-32.25981],[-58.10796,-32.25954],[-58.1075,-32.25972],[-58.1075,-32.25889],[-58.10731,-32.26083]]],[[[-58.10796,-32.25676],[-58.10824,-32.25574],[-58.10787,-32.25565],[-58.10815,-32.25593],[-58.10787,-32.25602],[-58.10796,-32.25676]]],[[[-58.10509,-32.25667],[-58.10528,-32.2563],[-58.10509,-32.25537],[-58.10509,-32.25667]]],[[[-58.1062,-32.25648],[-58.10648,-32.2563],[-58.10639,-32.25583],[-58.1063,-32.25583],[-58.1062,-32.25648]]],[[[-58.10611,-32.25389],[-58.10713,-32.25352],[-58.1062,-32.25361],[-58.10611,-32.25389]]],[[[-58.10722,-32.2537],[-58.10685,-32.25454],[-58.10704,-32.25509],[-58.1075,-32.25491],[-58.10722,-32.2537]]],[[[-58.10583,-32.25426],[-58.10602,-32.25454],[-58.10648,-32.25454],[-58.10602,-32.25435],[-58.10611,-32.25389],[-58.10583,-32.25426]]],[[[-58.10676,-32.25519],[-58.10676,-32.25454],[-58.10602,-32.25463],[-58.10648,-32.25481],[-58.10676,-32.25519]]],[[[-58.10731,-32.21398],[-58.10676,-32.21537],[-58.10583,-32.2162],[-58.10583,-32.21657],[-58.10537,-32.21667],[-58.10519,-32.21713],[-58.10463,-32.21731],[-58.1038,-32.21806],[-58.10444,-32.21806],[-58.10454,-32.21889],[-58.1037,-32.22093],[-58.10491,-32.21991],[-58.105,-32.21907],[-58.10519,-32.21898],[-58.1062,-32.21907],[-58.10602,-32.2187],[-58.10509,-32.2188],[-58.10519,-32.21806],[-58.10509,-32.21833],[-58.10463,-32.21833],[-58.10463,-32.21806],[-58.10481,-32.21778],[-58.10546,-32.21778],[-58.10472,-32.21759],[-58.10537,-32.21713],[-58.10556,-32.21676],[-58.10583,-32.21676],[-58.10593,-32.21722],[-58.10593,-32.21676],[-58.10657,-32.21648],[-58.10713,-32.21556],[-58.10694,-32.21509],[-58.10731,-32.21426],[-58.10806,-32.21417],[-58.10731,-32.21398]]],[[[-58.10259,-32.22009],[-58.10352,-32.21991],[-58.10324,-32.21954],[-58.10426,-32.21935],[-58.1037,-32.21907],[-58.1038,-32.21824],[-58.10352,-32.21833],[-58.1037,-32.21935],[-58.10296,-32.21944],[-58.10231,-32.22019],[-58.10222,-32.22074],[-58.10259,-32.22093],[-58.1025,-32.22139],[-58.10278,-32.22185],[-58.10259,-32.22009]]],[[[-58.10269,-32.22185],[-58.10241,-32.22222],[-58.10241,-32.22315],[-58.10259,-32.22352],[-58.10324,-32.22333],[-58.10259,-32.22324],[-58.10269,-32.22185]]],[[[-58.10917,-32.21593],[-58.10843,-32.2162],[-58.10815,-32.21667],[-58.10861,-32.21648],[-58.10852,-32.21657],[-58.10861,-32.21685],[-58.10917,-32.21593]]],[[[-58.10759,-32.21704],[-58.1075,-32.21741],[-58.10722,-32.21759],[-58.10796,-32.2175],[-58.10759,-32.21704]]],[[[-58.10722,-32.21759],[-58.10667,-32.21806],[-58.10667,-32.21824],[-58.10722,-32.21806],[-58.10722,-32.21759]]],[[[-58.10694,-32.21167],[-58.10667,-32.21176],[-58.10657,-32.21213],[-58.10694,-32.21213],[-58.10694,-32.21167]]],[[[-58.10444,-32.21148],[-58.10528,-32.21167],[-58.10556,-32.2112],[-58.10444,-32.21148]]],[[[-58.10713,-32.20991],[-58.10806,-32.20972],[-58.10806,-32.20926],[-58.10778,-32.20926],[-58.10796,-32.20963],[-58.10713,-32.20991]]],[[[-58.10611,-32.16389],[-58.1062,-32.16343],[-58.10583,-32.16333],[-58.10556,-32.1638],[-58.10611,-32.16389]]],[[[-58.10583,-32.16241],[-58.10639,-32.16222],[-58.10657,-32.16167],[-58.10611,-32.16176],[-58.10583,-32.16241]]],[[[-58.10787,-32.15972],[-58.10676,-32.15963],[-58.10648,-32.15991],[-58.10694,-32.16074],[-58.10704,-32.16028],[-58.10741,-32.16028],[-58.1075,-32.16037],[-58.10731,-32.16056],[-58.10741,-32.16074],[-58.10778,-32.16046],[-58.10787,-32.15972]]],[[[-58.10574,-32.1425],[-58.10491,-32.14204],[-58.10593,-32.14287],[-58.10574,-32.1425]]],[[[-58.10704,-32.14611],[-58.1063,-32.14509],[-58.10676,-32.14472],[-58.10611,-32.14491],[-58.10574,-32.14481],[-58.10593,-32.14435],[-58.10657,-32.14435],[-58.10648,-32.14352],[-58.1063,-32.14426],[-58.10565,-32.1438],[-58.10546,-32.14444],[-58.10491,-32.14481],[-58.10528,-32.145],[-58.10528,-32.14556],[-58.10491,-32.14611],[-58.10426,-32.14602],[-58.10417,-32.14657],[-58.10481,-32.1463],[-58.10519,-32.14648],[-58.10556,-32.14574],[-58.10556,-32.14537],[-58.10611,-32.14519],[-58.10639,-32.14593],[-58.10694,-32.1462],[-58.10676,-32.1475],[-58.10648,-32.14759],[-58.10694,-32.14769],[-58.10694,-32.14639],[-58.10759,-32.1462],[-58.1075,-32.14593],[-58.10704,-32.14611]]],[[[-58.10713,-32.14481],[-58.10713,-32.14565],[-58.10741,-32.14593],[-58.10713,-32.14481]]],[[[-58.10815,-32.12269],[-58.10778,-32.1225],[-58.10759,-32.12278],[-58.10796,-32.12296],[-58.10815,-32.12269]]],[[[-58.10861,-32.11981],[-58.10907,-32.12056],[-58.10907,-32.11954],[-58.10954,-32.11944],[-58.10954,-32.11917],[-58.10898,-32.11917],[-58.10898,-32.11963],[-58.10861,-32.11981]]],[[[-58.10769,-32.1187],[-58.10667,-32.11907],[-58.10769,-32.11907],[-58.10769,-32.1187]]],[[[-58.10787,-32.11444],[-58.10787,-32.11537],[-58.10806,-32.11491],[-58.10852,-32.11528],[-58.1087,-32.11444],[-58.10843,-32.11435],[-58.10824,-32.11472],[-58.10787,-32.11444]]],[[[-58.10361,-32.1137],[-58.10417,-32.11417],[-58.10546,-32.1138],[-58.10593,-32.11407],[-58.10593,-32.1137],[-58.10556,-32.11352],[-58.10444,-32.11398],[-58.10444,-32.11343],[-58.10398,-32.11343],[-58.10361,-32.1137]]],[[[-58.10481,-32.10954],[-58.10509,-32.11046],[-58.10593,-32.11065],[-58.10602,-32.11102],[-58.1063,-32.11111],[-58.10602,-32.11056],[-58.10509,-32.11019],[-58.10509,-32.10963],[-58.10546,-32.10972],[-58.10537,-32.10954],[-58.10481,-32.10954]]],[[[-58.1062,-32.11204],[-58.10685,-32.11176],[-58.10667,-32.11157],[-58.10648,-32.11185],[-58.10648,-32.1112],[-58.1062,-32.11204]]],[[[-58.10685,-32.1112],[-58.10694,-32.11157],[-58.10704,-32.1112],[-58.10769,-32.11111],[-58.10769,-32.11065],[-58.10685,-32.1112]]],[[[-58.10667,-32.10139],[-58.1063,-32.10083],[-58.10602,-32.10093],[-58.1062,-32.10139],[-58.10667,-32.10139]]],[[[-58.10056,-32.34009],[-58.1,-32.34019],[-58.1,-32.34037],[-58.10046,-32.34056],[-58.10056,-32.34009]]],[[[-58.10111,-32.33824],[-58.10111,-32.33796],[-58.10046,-32.33852],[-58.10157,-32.3388],[-58.10157,-32.33843],[-58.10111,-32.33824]]],[[[-58.09991,-32.33926],[-58.10056,-32.33935],[-58.10028,-32.33889],[-58.10046,-32.33852],[-58.10009,-32.33843],[-58.09991,-32.33926]]],[[[-58.10083,-32.33898],[-58.10074,-32.33926],[-58.10102,-32.33981],[-58.10111,-32.33926],[-58.10083,-32.33898]]],[[[-58.09398,-32.33685],[-58.09435,-32.33713],[-58.09491,-32.3362],[-58.09417,-32.33639],[-58.09398,-32.33685]]],[[[-58.09778,-32.33796],[-58.09657,-32.33787],[-58.09667,-32.33731],[-58.0963,-32.33694],[-58.09556,-32.33713],[-58.09565,-32.33676],[-58.0962,-32.33657],[-58.0962,-32.3362],[-58.09639,-32.33676],[-58.09713,-32.33685],[-58.09722,-32.335],[-58.09769,-32.33491],[-58.09769,-32.33426],[-58.09722,-32.33407],[-58.0975,-32.33343],[-58.09667,-32.33296],[-58.09731,-32.33231],[-58.09713,-32.33204],[-58.09648,-32.33231],[-58.09639,-32.33167],[-58.09639,-32.33241],[-58.09676,-32.33269],[-58.0962,-32.33287],[-58.09593,-32.33463],[-58.09546,-32.33491],[-58.0963,-32.335],[-58.09611,-32.33454],[-58.09685,-32.33352],[-58.09694,-32.33407],[-58.09639,-32.33454],[-58.09676,-32.33519],[-58.0963,-32.33537],[-58.09602,-32.3363],[-58.09565,-32.33565],[-58.09565,-32.33593],[-58.095,-32.33639],[-58.095,-32.33667],[-58.09528,-32.33722],[-58.0962,-32.33722],[-58.09639,-32.33806],[-58.09731,-32.33861],[-58.09824,-32.33815],[-58.0988,-32.33852],[-58.09889,-32.33769],[-58.09796,-32.33824],[-58.09778,-32.33796]]],[[[-58.10231,-32.32926],[-58.10269,-32.33037],[-58.10157,-32.33046],[-58.10139,-32.32981],[-58.10093,-32.32981],[-58.10046,-32.33037],[-58.10065,-32.33102],[-58.1012,-32.3312],[-58.10093,-32.33148],[-58.1012,-32.33185],[-58.10065,-32.33241],[-58.10185,-32.33287],[-58.10167,-32.33352],[-58.10204,-32.3338],[-58.1025,-32.33361],[-58.10231,-32.33444],[-58.10278,-32.33426],[-58.10306,-32.33583],[-58.1038,-32.33583],[-58.10435,-32.33546],[-58.10435,-32.33481],[-58.10361,-32.33463],[-58.10426,-32.33398],[-58.10426,-32.33333],[-58.10398,-32.33315],[-58.10435,-32.33296],[-58.10407,-32.33269],[-58.10435,-32.33194],[-58.10407,-32.3325],[-58.10324,-32.33194],[-58.10269,-32.33204],[-58.10287,-32.33259],[-58.10333,-32.33241],[-58.10389,-32.33278],[-58.1038,-32.33306],[-58.10361,-32.33278],[-58.10324,-32.33287],[-58.10407,-32.33361],[-58.10343,-32.33444],[-58.10361,-32.33398],[-58.10287,-32.33398],[-58.10241,-32.33315],[-58.10204,-32.33324],[-58.1025,-32.33259],[-58.10157,-32.33241],[-58.10194,-32.33213],[-58.10222,-32.33093],[-58.10111,-32.33102],[-58.1013,-32.33056],[-58.10231,-32.33046],[-58.10259,-32.33111],[-58.10278,-32.33102],[-58.10296,-32.33009],[-58.10333,-32.32991],[-58.10287,-32.32991],[-58.10306,-32.32944],[-58.10259,-32.32954],[-58.10231,-32.32926]]],[[[-58.10324,-32.3312],[-58.10352,-32.33093],[-58.10398,-32.33185],[-58.10435,-32.33167],[-58.10426,-32.3312],[-58.10343,-32.33074],[-58.10343,-32.33009],[-58.10333,-32.33074],[-58.10306,-32.33083],[-58.10324,-32.3312]]],[[[-58.10046,-32.32389],[-58.10056,-32.32583],[-58.10083,-32.32602],[-58.10056,-32.32417],[-58.1012,-32.3238],[-58.10074,-32.3238],[-58.10074,-32.32352],[-58.10009,-32.3237],[-58.10046,-32.32389]]],[[[-58.09778,-32.32972],[-58.09861,-32.33019],[-58.09861,-32.32954],[-58.09898,-32.32926],[-58.09972,-32.32963],[-58.10065,-32.3287],[-58.10213,-32.3287],[-58.10296,-32.32815],[-58.1012,-32.32833],[-58.1012,-32.32676],[-58.10083,-32.32639],[-58.10074,-32.32769],[-58.10102,-32.32852],[-58.10009,-32.32824],[-58.1,-32.3287],[-58.09898,-32.3288],[-58.09843,-32.32954],[-58.09787,-32.32935],[-58.09648,-32.32963],[-58.0962,-32.32935],[-58.09583,-32.33019],[-58.09509,-32.33019],[-58.09426,-32.33102],[-58.09491,-32.33102],[-58.09519,-32.33037],[-58.09574,-32.33046],[-58.0963,-32.32972],[-58.09778,-32.32972]]],[[[-58.09241,-32.33204],[-58.09296,-32.33259],[-58.09417,-32.33213],[-58.09417,-32.3313],[-58.0938,-32.3312],[-58.09407,-32.33157],[-58.09333,-32.33213],[-58.09287,-32.33194],[-58.09259,-32.33222],[-58.0925,-32.33194],[-58.09222,-32.33194],[-58.09176,-32.33222],[-58.09241,-32.33204]]],[[[-58.10213,-32.32056],[-58.10204,-32.32009],[-58.10176,-32.32009],[-58.10185,-32.32056],[-58.10213,-32.32056]]],[[[-58.10139,-32.32065],[-58.10176,-32.32102],[-58.10194,-32.32102],[-58.10185,-32.32056],[-58.10139,-32.32065]]],[[[-58.10259,-32.32056],[-58.10296,-32.32028],[-58.10306,-32.32074],[-58.10343,-32.32083],[-58.10343,-32.32046],[-58.10352,-32.32056],[-58.10389,-32.32046],[-58.10315,-32.31991],[-58.10259,-32.32009],[-58.10259,-32.32056]]],[[[-58.1038,-32.31602],[-58.10361,-32.31463],[-58.10352,-32.31519],[-58.10315,-32.31463],[-58.10287,-32.31528],[-58.10352,-32.31537],[-58.1038,-32.31602]]],[[[-58.10278,-32.31537],[-58.10269,-32.31583],[-58.10333,-32.31602],[-58.10324,-32.31565],[-58.10278,-32.31537]]],[[[-58.10269,-32.31583],[-58.10204,-32.31722],[-58.10222,-32.31796],[-58.10231,-32.31769],[-58.10269,-32.31778],[-58.10241,-32.3175],[-58.1025,-32.31676],[-58.10306,-32.31657],[-58.10269,-32.31583]]],[[[-58.10139,-32.31935],[-58.10185,-32.31898],[-58.10204,-32.31815],[-58.10093,-32.31944],[-58.10083,-32.32056],[-58.10111,-32.31991],[-58.10157,-32.31991],[-58.10139,-32.31935]]],[[[-58.10074,-32.32167],[-58.10093,-32.32139],[-58.10083,-32.32056],[-58.10074,-32.32056],[-58.10074,-32.32167]]],[[[-58.10074,-32.32167],[-58.10037,-32.32176],[-58.10037,-32.32231],[-58.10083,-32.32269],[-58.10056,-32.32213],[-58.10074,-32.32167]]],[[[-58.10037,-32.32324],[-58.10065,-32.32343],[-58.10111,-32.32343],[-58.10065,-32.32324],[-58.10074,-32.32269],[-58.10037,-32.32324]]],[[[-58.10111,-32.31796],[-58.10083,-32.31852],[-58.10176,-32.31843],[-58.10176,-32.31815],[-58.10111,-32.31796]]],[[[-58.10352,-32.3137],[-58.10389,-32.31435],[-58.10389,-32.31343],[-58.10352,-32.3137]]],[[[-58.09602,-32.31222],[-58.09556,-32.31222],[-58.09546,-32.31269],[-58.09583,-32.31278],[-58.09611,-32.31259],[-58.09602,-32.31222]]],[[[-58.09778,-32.31093],[-58.09769,-32.31056],[-58.09806,-32.31046],[-58.09759,-32.31028],[-58.09722,-32.31056],[-58.09722,-32.31083],[-58.0975,-32.31083],[-58.09796,-32.31157],[-58.0975,-32.31111],[-58.09731,-32.31157],[-58.0987,-32.31185],[-58.09824,-32.31139],[-58.09833,-32.31083],[-58.09778,-32.31093]]],[[[-58.0987,-32.31157],[-58.09926,-32.31222],[-58.09944,-32.31231],[-58.09972,-32.31231],[-58.09935,-32.31213],[-58.09935,-32.31167],[-58.0987,-32.31157]]],[[[-58.10074,-32.31296],[-58.1,-32.31306],[-58.09991,-32.31278],[-58.09972,-32.31315],[-58.09926,-32.31306],[-58.09907,-32.31315],[-58.09981,-32.3137],[-58.10102,-32.31343],[-58.10167,-32.31389],[-58.10185,-32.3137],[-58.10148,-32.31333],[-58.10185,-32.31315],[-58.10222,-32.31352],[-58.10231,-32.31315],[-58.1012,-32.31269],[-58.10213,-32.31278],[-58.10213,-32.3125],[-58.10176,-32.3125],[-58.10185,-32.31204],[-58.10167,-32.3125],[-58.10111,-32.31241],[-58.10139,-32.31204],[-58.10093,-32.31204],[-58.10102,-32.31241],[-58.10037,-32.3125],[-58.10037,-32.31204],[-58.10019,-32.31241],[-58.09981,-32.31241],[-58.10065,-32.31259],[-58.10074,-32.31296]]],[[[-58.09944,-32.3138],[-58.09917,-32.31333],[-58.09898,-32.31333],[-58.09889,-32.31361],[-58.09944,-32.3138]]],[[[-58.09815,-32.31361],[-58.09694,-32.31287],[-58.09769,-32.31194],[-58.09704,-32.31231],[-58.09657,-32.31139],[-58.09593,-32.31157],[-58.09648,-32.31176],[-58.0963,-32.31194],[-58.09528,-32.31176],[-58.09639,-32.31204],[-58.09611,-32.31296],[-58.09722,-32.31315],[-58.09722,-32.31352],[-58.09759,-32.3137],[-58.09843,-32.3137],[-58.09843,-32.31343],[-58.09815,-32.31361]]],[[[-58.09574,-32.30889],[-58.09565,-32.30917],[-58.0963,-32.30898],[-58.0963,-32.30889],[-58.09574,-32.30889]]],[[[-58.09574,-32.30972],[-58.09602,-32.30944],[-58.09602,-32.30991],[-58.0962,-32.30991],[-58.09611,-32.30954],[-58.09657,-32.30935],[-58.09602,-32.30917],[-58.09565,-32.30944],[-58.09574,-32.30972]]],[[[-58.0963,-32.30981],[-58.09639,-32.31065],[-58.09704,-32.31102],[-58.09685,-32.31065],[-58.09713,-32.31028],[-58.09657,-32.31009],[-58.09667,-32.30963],[-58.0963,-32.30981]]],[[[-58.09602,-32.30991],[-58.09565,-32.30972],[-58.09546,-32.30981],[-58.09565,-32.31009],[-58.09602,-32.30991]]],[[[-58.09463,-32.30565],[-58.09519,-32.30583],[-58.09546,-32.30602],[-58.09519,-32.30556],[-58.09463,-32.30565]]],[[[-58.09722,-32.23991],[-58.09593,-32.23991],[-58.09593,-32.24019],[-58.09694,-32.24074],[-58.09731,-32.24028],[-58.09769,-32.24037],[-58.09704,-32.24019],[-58.09722,-32.23991]]],[[[-58.09648,-32.23944],[-58.09602,-32.23907],[-58.09583,-32.23917],[-58.09583,-32.23944],[-58.09611,-32.23963],[-58.09648,-32.23944]]],[[[-58.09806,-32.23796],[-58.09815,-32.23731],[-58.0988,-32.23694],[-58.09833,-32.23704],[-58.09815,-32.23676],[-58.09806,-32.23796]]],[[[-58.09667,-32.23426],[-58.0963,-32.23454],[-58.09565,-32.23389],[-58.09574,-32.23361],[-58.09657,-32.2338],[-58.09602,-32.23324],[-58.09639,-32.23296],[-58.0963,-32.23259],[-58.09546,-32.2337],[-58.09546,-32.23407],[-58.09611,-32.23444],[-58.09593,-32.23565],[-58.09648,-32.23491],[-58.09667,-32.23519],[-58.09676,-32.23435],[-58.09694,-32.23463],[-58.09731,-32.23426],[-58.09704,-32.23407],[-58.09667,-32.23426]]],[[[-58.09787,-32.23352],[-58.0975,-32.23315],[-58.09676,-32.23333],[-58.09657,-32.23259],[-58.09657,-32.23343],[-58.09694,-32.23343],[-58.09704,-32.23398],[-58.09741,-32.23352],[-58.09787,-32.23352]]],[[[-58.09694,-32.22815],[-58.09694,-32.22694],[-58.09611,-32.22657],[-58.09648,-32.22593],[-58.09593,-32.22602],[-58.09593,-32.22509],[-58.09463,-32.22417],[-58.09407,-32.22444],[-58.0938,-32.22509],[-58.09417,-32.22546],[-58.09407,-32.22593],[-58.09435,-32.22574],[-58.09426,-32.22481],[-58.09491,-32.22463],[-58.09565,-32.22611],[-58.09602,-32.2262],[-58.09583,-32.22667],[-58.09639,-32.22694],[-58.09639,-32.22741],[-58.09685,-32.22787],[-58.09611,-32.22787],[-58.09546,-32.22852],[-58.09694,-32.22815]]],[[[-58.0962,-32.22898],[-58.09704,-32.22898],[-58.09722,-32.2288],[-58.09611,-32.22889],[-58.09537,-32.22917],[-58.09546,-32.22852],[-58.09519,-32.22852],[-58.09509,-32.22944],[-58.09593,-32.23028],[-58.09657,-32.23028],[-58.09722,-32.23074],[-58.09667,-32.23019],[-58.09704,-32.22981],[-58.09741,-32.22991],[-58.09713,-32.22926],[-58.09602,-32.22935],[-58.0962,-32.22898]],[[-58.0963,-32.22991],[-58.09648,-32.22944],[-58.09694,-32.22954],[-58.09657,-32.23],[-58.0963,-32.22991]]],[[[-58.09731,-32.22898],[-58.09778,-32.22898],[-58.09778,-32.22944],[-58.09741,-32.22972],[-58.09759,-32.22981],[-58.09787,-32.22963],[-58.09796,-32.22898],[-58.09787,-32.22889],[-58.09731,-32.22898]]],[[[-58.09796,-32.2312],[-58.09741,-32.23157],[-58.09787,-32.23167],[-58.09815,-32.23213],[-58.09815,-32.23176],[-58.09778,-32.23157],[-58.09806,-32.23139],[-58.09806,-32.23102],[-58.0975,-32.23093],[-58.09796,-32.2312]]],[[[-58.0988,-32.23148],[-58.09815,-32.23222],[-58.09852,-32.23241],[-58.0988,-32.23148]]],[[[-58.09278,-32.22731],[-58.09324,-32.22704],[-58.09352,-32.22741],[-58.09407,-32.22593],[-58.09324,-32.2262],[-58.09213,-32.22759],[-58.0925,-32.22824],[-58.09204,-32.22843],[-58.09185,-32.22907],[-58.09111,-32.2287],[-58.09065,-32.22954],[-58.09083,-32.23028],[-58.09093,-32.22954],[-58.09148,-32.22917],[-58.09185,-32.22944],[-58.09185,-32.22991],[-58.09148,-32.23],[-58.09167,-32.23028],[-58.09213,-32.23028],[-58.09287,-32.22935],[-58.09296,-32.22991],[-58.0938,-32.22935],[-58.0938,-32.2287],[-58.09324,-32.22861],[-58.09278,-32.22806],[-58.09278,-32.22731]],[[-58.09361,-32.22935],[-58.09315,-32.22963],[-58.09278,-32.22889],[-58.09352,-32.22889],[-58.09361,-32.22935]]],[[[-58.09824,-32.22722],[-58.09787,-32.22861],[-58.0987,-32.22796],[-58.09926,-32.22796],[-58.09944,-32.22833],[-58.09991,-32.22852],[-58.09935,-32.22778],[-58.09889,-32.22769],[-58.09963,-32.22713],[-58.09907,-32.2262],[-58.09898,-32.22694],[-58.09824,-32.22722]]],[[[-58.09944,-32.22491],[-58.09963,-32.22259],[-58.09926,-32.22213],[-58.09917,-32.22269],[-58.09889,-32.2225],[-58.09898,-32.22287],[-58.09926,-32.22278],[-58.09926,-32.22259],[-58.09944,-32.22287],[-58.09889,-32.22398],[-58.09917,-32.22463],[-58.09852,-32.22481],[-58.09917,-32.22528],[-58.09944,-32.22491]]],[[[-58.09954,-32.22185],[-58.1,-32.22167],[-58.09991,-32.22111],[-58.09926,-32.22148],[-58.09954,-32.22185]]],[[[-58.10019,-32.21981],[-58.10009,-32.22046],[-58.09991,-32.22056],[-58.10019,-32.22056],[-58.10046,-32.22019],[-58.10019,-32.21981]]],[[[-58.10241,-32.21593],[-58.10213,-32.21648],[-58.10241,-32.21648],[-58.10269,-32.2163],[-58.10241,-32.21593]]],[[[-58.09352,-32.20731],[-58.09287,-32.20769],[-58.09259,-32.20722],[-58.09213,-32.20778],[-58.09074,-32.20787],[-58.09093,-32.20843],[-58.09009,-32.20852],[-58.09102,-32.20963],[-58.09194,-32.20981],[-58.0925,-32.20963],[-58.09194,-32.20917],[-58.09194,-32.2087],[-58.09231,-32.2087],[-58.09287,-32.20944],[-58.09389,-32.20972],[-58.09417,-32.21046],[-58.09491,-32.21037],[-58.09463,-32.21056],[-58.09481,-32.2112],[-58.09602,-32.21157],[-58.0962,-32.21222],[-58.09722,-32.21231],[-58.09741,-32.21278],[-58.09796,-32.21287],[-58.09713,-32.21315],[-58.09648,-32.21296],[-58.09648,-32.21398],[-58.09602,-32.21426],[-58.0962,-32.21491],[-58.09731,-32.21481],[-58.09722,-32.21519],[-58.0975,-32.21528],[-58.09861,-32.21528],[-58.09889,-32.215],[-58.10046,-32.21519],[-58.10065,-32.21602],[-58.10028,-32.2163],[-58.10074,-32.21639],[-58.10139,-32.21731],[-58.10111,-32.21778],[-58.1012,-32.21852],[-58.10093,-32.21861],[-58.1012,-32.2187],[-58.10139,-32.21852],[-58.1012,-32.21806],[-58.10194,-32.21648],[-58.10167,-32.21685],[-58.1013,-32.21657],[-58.10111,-32.21454],[-58.09926,-32.21444],[-58.09898,-32.21472],[-58.0987,-32.21444],[-58.09778,-32.21472],[-58.09713,-32.21407],[-58.09731,-32.2138],[-58.09815,-32.2138],[-58.09787,-32.21343],[-58.09824,-32.21287],[-58.09722,-32.21213],[-58.09694,-32.2112],[-58.09657,-32.2112],[-58.0963,-32.21065],[-58.09667,-32.21074],[-58.09852,-32.21065],[-58.0963,-32.21046],[-58.09565,-32.20963],[-58.09574,-32.20898],[-58.095,-32.20843],[-58.095,-32.20796],[-58.09389,-32.20778],[-58.09352,-32.20731]],[[-58.09343,-32.20769],[-58.09472,-32.20815],[-58.09454,-32.20852],[-58.09519,-32.2087],[-58.095,-32.20926],[-58.09444,-32.20917],[-58.0938,-32.20852],[-58.09324,-32.20861],[-58.09306,-32.20907],[-58.09213,-32.20852],[-58.09222,-32.20796],[-58.09296,-32.20815],[-58.09343,-32.20769]],[[-58.09611,-32.21065],[-58.09565,-32.21083],[-58.09537,-32.21009],[-58.09463,-32.21],[-58.09444,-32.20944],[-58.09565,-32.20981],[-58.09611,-32.21065]]],[[[-58.10046,-32.21889],[-58.10056,-32.21935],[-58.10093,-32.2187],[-58.10074,-32.2187],[-58.10046,-32.21889]]],[[[-58.1012,-32.21269],[-58.10204,-32.21269],[-58.10204,-32.21259],[-58.10148,-32.2125],[-58.1012,-32.21269]]],[[[-58.10065,-32.21157],[-58.10111,-32.21176],[-58.10111,-32.2113],[-58.10083,-32.21102],[-58.10065,-32.21157]]],[[[-58.10407,-32.21111],[-58.10565,-32.21037],[-58.10528,-32.21046],[-58.10546,-32.20981],[-58.105,-32.20981],[-58.10491,-32.20954],[-58.10463,-32.21],[-58.10315,-32.20981],[-58.10278,-32.21046],[-58.10222,-32.20991],[-58.10148,-32.21],[-58.10093,-32.20963],[-58.10056,-32.21037],[-58.09861,-32.21065],[-58.10074,-32.21065],[-58.10102,-32.21019],[-58.10102,-32.21046],[-58.10157,-32.21083],[-58.10167,-32.21009],[-58.10231,-32.21009],[-58.10231,-32.21056],[-58.10296,-32.2113],[-58.1025,-32.21157],[-58.10222,-32.2125],[-58.10324,-32.21213],[-58.10333,-32.21241],[-58.10296,-32.2125],[-58.10287,-32.21278],[-58.10296,-32.21296],[-58.10343,-32.2125],[-58.1038,-32.21269],[-58.1037,-32.21204],[-58.10407,-32.21213],[-58.10333,-32.2112],[-58.10407,-32.21111]],[[-58.10472,-32.21056],[-58.10315,-32.21111],[-58.10278,-32.21056],[-58.10472,-32.21019],[-58.10472,-32.21056]]],[[[-58.10222,-32.20907],[-58.10222,-32.20861],[-58.10204,-32.20861],[-58.10185,-32.20917],[-58.10222,-32.20907]]],[[[-58.0963,-32.17259],[-58.09593,-32.17241],[-58.09583,-32.17278],[-58.09602,-32.17287],[-58.0963,-32.17259]]],[[[-58.09898,-32.16269],[-58.10028,-32.16278],[-58.10065,-32.16389],[-58.1013,-32.16352],[-58.10102,-32.16278],[-58.10028,-32.16269],[-58.09935,-32.16204],[-58.09898,-32.16213],[-58.09898,-32.16269]]],[[[-58.09889,-32.16204],[-58.09833,-32.16204],[-58.09833,-32.16231],[-58.09852,-32.16241],[-58.09889,-32.16204]]],[[[-58.10074,-32.16204],[-58.10019,-32.16139],[-58.09972,-32.16148],[-58.09981,-32.16194],[-58.10074,-32.16204]]],[[[-58.10019,-32.14972],[-58.10019,-32.14935],[-58.09917,-32.14944],[-58.10019,-32.14972]]],[[[-58.10352,-32.15185],[-58.10324,-32.1513],[-58.10259,-32.1513],[-58.10296,-32.15065],[-58.10194,-32.15046],[-58.10157,-32.15],[-58.10046,-32.15],[-58.10028,-32.14972],[-58.10037,-32.15009],[-58.10148,-32.15009],[-58.10176,-32.15056],[-58.1025,-32.15065],[-58.1025,-32.15148],[-58.10167,-32.15241],[-58.10204,-32.15259],[-58.10204,-32.15324],[-58.10241,-32.15306],[-58.10269,-32.15333],[-58.10287,-32.15417],[-58.10343,-32.15361],[-58.10407,-32.15407],[-58.10426,-32.15343],[-58.10463,-32.15324],[-58.10454,-32.15269],[-58.10519,-32.15306],[-58.10574,-32.1525],[-58.10787,-32.15398],[-58.10787,-32.15491],[-58.10852,-32.155],[-58.10898,-32.15565],[-58.10972,-32.15537],[-58.11009,-32.15593],[-58.11065,-32.15602],[-58.11083,-32.15685],[-58.11139,-32.1575],[-58.11111,-32.15852],[-58.11241,-32.15824],[-58.11204,-32.15796],[-58.11241,-32.15759],[-58.11194,-32.15704],[-58.11222,-32.15676],[-58.11296,-32.15685],[-58.11278,-32.15778],[-58.11315,-32.15806],[-58.11296,-32.1587],[-58.11315,-32.15907],[-58.11333,-32.15769],[-58.11306,-32.15667],[-58.11204,-32.15657],[-58.11176,-32.15759],[-58.11176,-32.15713],[-58.1112,-32.15667],[-58.1113,-32.15611],[-58.10769,-32.1538],[-58.10722,-32.15324],[-58.1075,-32.15287],[-58.10667,-32.15194],[-58.1062,-32.15213],[-58.10611,-32.15176],[-58.10565,-32.15176],[-58.10426,-32.15259],[-58.10398,-32.15157],[-58.10435,-32.1513],[-58.10417,-32.15083],[-58.10343,-32.15093],[-58.10352,-32.15185]],[[-58.10398,-32.15333],[-58.1037,-32.15361],[-58.10352,-32.15296],[-58.10287,-32.15315],[-58.10287,-32.15259],[-58.1038,-32.15278],[-58.10398,-32.15333]]],[[[-58.09046,-32.15435],[-58.09102,-32.1538],[-58.09074,-32.15343],[-58.09102,-32.15343],[-58.0912,-32.15287],[-58.09296,-32.15231],[-58.09296,-32.15148],[-58.09333,-32.15102],[-58.09398,-32.15157],[-58.09444,-32.15139],[-58.09583,-32.15185],[-58.09685,-32.1513],[-58.09685,-32.15102],[-58.09639,-32.1512],[-58.09648,-32.15056],[-58.09759,-32.15083],[-58.0975,-32.15037],[-58.09824,-32.15028],[-58.09824,-32.14981],[-58.09907,-32.14981],[-58.09917,-32.14954],[-58.09833,-32.14963],[-58.09796,-32.15],[-58.09731,-32.14981],[-58.09676,-32.15037],[-58.09602,-32.15056],[-58.09602,-32.1512],[-58.09509,-32.15065],[-58.09481,-32.1513],[-58.09435,-32.15046],[-58.0937,-32.15093],[-58.09333,-32.15009],[-58.09306,-32.15009],[-58.09296,-32.1512],[-58.09259,-32.15111],[-58.0912,-32.15194],[-58.09056,-32.15259],[-58.09074,-32.15296],[-58.09009,-32.15315],[-58.09028,-32.1538],[-58.08935,-32.15343],[-58.0887,-32.15352],[-58.08889,-32.15315],[-58.0875,-32.15259],[-58.08704,-32.15269],[-58.08676,-32.15194],[-58.08593,-32.15185],[-58.08667,-32.15213],[-58.08704,-32.15306],[-58.0875,-32.15287],[-58.08852,-32.15343],[-58.0887,-32.15463],[-58.08944,-32.15454],[-58.08954,-32.15389],[-58.09028,-32.15398],[-58.09046,-32.15435]]],[[[-58.08963,-32.15528],[-58.09028,-32.15454],[-58.09,-32.15481],[-58.08907,-32.15463],[-58.08898,-32.15528],[-58.08963,-32.15528]]],[[[-58.10056,-32.15102],[-58.10102,-32.1512],[-58.10148,-32.15056],[-58.1012,-32.15046],[-58.10056,-32.15102]]],[[[-58.09981,-32.15046],[-58.09954,-32.15019],[-58.0987,-32.15028],[-58.09861,-32.15056],[-58.09981,-32.15046]]],[[[-58.09704,-32.14917],[-58.09741,-32.1487],[-58.09722,-32.14861],[-58.09685,-32.1487],[-58.09704,-32.14917]]],[[[-58.10259,-32.14065],[-58.10148,-32.14074],[-58.10102,-32.14111],[-58.10241,-32.14074],[-58.10333,-32.14139],[-58.10259,-32.14065]]],[[[-58.10352,-32.14222],[-58.10333,-32.14139],[-58.10278,-32.14435],[-58.10287,-32.14463],[-58.10352,-32.14463],[-58.1038,-32.14509],[-58.10426,-32.14454],[-58.10407,-32.1437],[-58.10343,-32.1438],[-58.10352,-32.14287],[-58.1037,-32.14259],[-58.10472,-32.14296],[-58.10481,-32.14278],[-58.10352,-32.14222]],[[-58.10389,-32.14398],[-58.10296,-32.14435],[-58.10315,-32.14333],[-58.10333,-32.14398],[-58.10389,-32.14398]]],[[[-58.10556,-32.14315],[-58.10509,-32.14296],[-58.10509,-32.1425],[-58.10472,-32.14204],[-58.10472,-32.1425],[-58.105,-32.14259],[-58.10481,-32.14306],[-58.10546,-32.1438],[-58.10556,-32.14315]]],[[[-58.09898,-32.14602],[-58.09991,-32.14602],[-58.09944,-32.14593],[-58.09935,-32.14546],[-58.10009,-32.14528],[-58.1,-32.14481],[-58.10056,-32.14435],[-58.10093,-32.14472],[-58.10167,-32.14435],[-58.10176,-32.14491],[-58.10204,-32.14491],[-58.10194,-32.14426],[-58.10111,-32.14352],[-58.10093,-32.1425],[-58.1012,-32.14194],[-58.10148,-32.14241],[-58.10194,-32.14213],[-58.10185,-32.14139],[-58.10056,-32.14176],[-58.10074,-32.14213],[-58.10037,-32.1425],[-58.09963,-32.1425],[-58.09981,-32.14296],[-58.10074,-32.14306],[-58.09981,-32.14389],[-58.0988,-32.14352],[-58.09833,-32.14278],[-58.09843,-32.14231],[-58.09889,-32.14278],[-58.09935,-32.14278],[-58.09954,-32.14231],[-58.09889,-32.14222],[-58.0988,-32.14176],[-58.09972,-32.14148],[-58.09898,-32.14148],[-58.09833,-32.14204],[-58.09806,-32.14194],[-58.09704,-32.14204],[-58.09704,-32.14259],[-58.09769,-32.14287],[-58.09759,-32.14324],[-58.09852,-32.14315],[-58.09833,-32.14352],[-58.09907,-32.1437],[-58.09944,-32.14417],[-58.10037,-32.14398],[-58.09972,-32.14444],[-58.09963,-32.145],[-58.09935,-32.14417],[-58.0988,-32.14426],[-58.0987,-32.14472],[-58.09769,-32.14481],[-58.09759,-32.14537],[-58.09898,-32.14602]],[[-58.1013,-32.14435],[-58.10056,-32.14398],[-58.10102,-32.14333],[-58.1013,-32.14435]]],[[[-58.09694,-32.14509],[-58.0975,-32.14519],[-58.09741,-32.14491],[-58.09704,-32.14481],[-58.09676,-32.14509],[-58.09667,-32.14463],[-58.09565,-32.14444],[-58.09648,-32.14528],[-58.09685,-32.14519],[-58.09713,-32.14565],[-58.09722,-32.14565],[-58.09722,-32.14546],[-58.09694,-32.14509]]],[[[-58.09731,-32.14593],[-58.09806,-32.14639],[-58.09824,-32.14639],[-58.09796,-32.14602],[-58.09731,-32.14593]]],[[[-58.10028,-32.14713],[-58.09907,-32.14648],[-58.09843,-32.14648],[-58.10009,-32.14741],[-58.10278,-32.14759],[-58.10315,-32.14713],[-58.10389,-32.14722],[-58.10324,-32.14694],[-58.10343,-32.1462],[-58.10287,-32.14639],[-58.10315,-32.14685],[-58.10269,-32.1475],[-58.10213,-32.14713],[-58.10139,-32.14731],[-58.10074,-32.14648],[-58.10028,-32.14713]]],[[[-58.10296,-32.14037],[-58.1037,-32.1413],[-58.10417,-32.14139],[-58.10343,-32.14037],[-58.10296,-32.14037]]],[[[-58.10046,-32.13546],[-58.10037,-32.13426],[-58.10074,-32.13343],[-58.09991,-32.13361],[-58.10028,-32.13398],[-58.10028,-32.13472],[-58.09991,-32.13481],[-58.10009,-32.13546],[-58.10046,-32.13546]]],[[[-58.09944,-32.13361],[-58.09935,-32.1338],[-58.09972,-32.13472],[-58.09954,-32.1337],[-58.09981,-32.13361],[-58.09944,-32.13361]]],[[[-58.10093,-32.13],[-58.10046,-32.13065],[-58.10009,-32.13056],[-58.09972,-32.13093],[-58.10019,-32.13093],[-58.10019,-32.13176],[-58.09889,-32.13204],[-58.09917,-32.13241],[-58.0987,-32.13278],[-58.09926,-32.13315],[-58.10019,-32.13296],[-58.10083,-32.13231],[-58.10046,-32.13222],[-58.10037,-32.13093],[-58.1012,-32.13065],[-58.10074,-32.13037],[-58.1012,-32.13009],[-58.10157,-32.13028],[-58.10176,-32.13111],[-58.10167,-32.13009],[-58.10093,-32.13]]],[[[-58.09787,-32.12926],[-58.09787,-32.12963],[-58.09833,-32.12963],[-58.09824,-32.12926],[-58.09787,-32.12926]]],[[[-58.1038,-32.12722],[-58.10361,-32.1262],[-58.10315,-32.12657],[-58.10287,-32.12741],[-58.10194,-32.12759],[-58.10194,-32.12796],[-58.10083,-32.1287],[-58.10083,-32.12935],[-58.10213,-32.12991],[-58.10241,-32.12926],[-58.10194,-32.12954],[-58.10111,-32.12935],[-58.1013,-32.12852],[-58.10343,-32.12713],[-58.10491,-32.12769],[-58.10481,-32.12741],[-58.1038,-32.12722]]],[[[-58.09528,-32.12769],[-58.09602,-32.1262],[-58.09546,-32.12639],[-58.09574,-32.12648],[-58.09556,-32.12704],[-58.09481,-32.12778],[-58.09528,-32.12769]]],[[[-58.09343,-32.12815],[-58.09444,-32.12815],[-58.09481,-32.12778],[-58.09417,-32.12796],[-58.09398,-32.1275],[-58.09343,-32.12815]]],[[[-58.09815,-32.12315],[-58.09898,-32.12278],[-58.09917,-32.12231],[-58.09787,-32.12194],[-58.09787,-32.12278],[-58.09815,-32.12315]]],[[[-58.09315,-32.11417],[-58.09324,-32.1138],[-58.09306,-32.11333],[-58.0938,-32.11185],[-58.09352,-32.11167],[-58.09361,-32.11093],[-58.09324,-32.11065],[-58.09259,-32.11083],[-58.09241,-32.11176],[-58.09259,-32.11259],[-58.09306,-32.11259],[-58.09296,-32.11389],[-58.09315,-32.11417]],[[-58.09343,-32.11204],[-58.09324,-32.1125],[-58.09259,-32.11213],[-58.09259,-32.11148],[-58.09315,-32.1113],[-58.09306,-32.11093],[-58.09333,-32.11102],[-58.09296,-32.11185],[-58.09343,-32.11204]]],[[[-58.0925,-32.11259],[-58.09259,-32.11435],[-58.09287,-32.11472],[-58.09287,-32.11343],[-58.0925,-32.11259]]],[[[-58.09315,-32.11537],[-58.0937,-32.11602],[-58.09389,-32.11556],[-58.09333,-32.11472],[-58.09343,-32.11519],[-58.09315,-32.11537]]],[[[-58.09676,-32.11759],[-58.09537,-32.11685],[-58.09528,-32.11639],[-58.09463,-32.11657],[-58.09444,-32.11611],[-58.09407,-32.11583],[-58.09463,-32.11713],[-58.09565,-32.11769],[-58.09657,-32.11759],[-58.09648,-32.11824],[-58.09694,-32.11852],[-58.09676,-32.11759]],[[-58.09583,-32.11741],[-58.09491,-32.11713],[-58.09454,-32.11676],[-58.09556,-32.11704],[-58.09583,-32.11741]]],[[[-58.09843,-32.11204],[-58.09824,-32.11241],[-58.09778,-32.1125],[-58.09759,-32.11287],[-58.09833,-32.1125],[-58.09843,-32.11204]]],[[[-58.10167,-32.1087],[-58.1012,-32.10917],[-58.10009,-32.10926],[-58.09981,-32.10898],[-58.09935,-32.10926],[-58.0987,-32.11056],[-58.09907,-32.11046],[-58.09907,-32.11074],[-58.0988,-32.1112],[-58.09843,-32.1112],[-58.09843,-32.11194],[-58.0987,-32.11157],[-58.09898,-32.11194],[-58.09889,-32.11269],[-58.09833,-32.11287],[-58.09833,-32.11324],[-58.0975,-32.11389],[-58.09713,-32.11352],[-58.09731,-32.11407],[-58.09676,-32.11481],[-58.09741,-32.11426],[-58.09713,-32.11556],[-58.0975,-32.11472],[-58.09741,-32.11398],[-58.09787,-32.11361],[-58.09889,-32.1138],[-58.09944,-32.11352],[-58.09907,-32.11324],[-58.09926,-32.11222],[-58.09972,-32.1125],[-58.09981,-32.11296],[-58.10056,-32.11296],[-58.10056,-32.11259],[-58.09981,-32.11241],[-58.1,-32.11185],[-58.10139,-32.11204],[-58.10139,-32.11259],[-58.10185,-32.11241],[-58.10241,-32.11278],[-58.10222,-32.11204],[-58.10148,-32.11148],[-58.10278,-32.11139],[-58.10333,-32.11176],[-58.10315,-32.1112],[-58.10352,-32.1112],[-58.1038,-32.11213],[-58.10278,-32.11278],[-58.10343,-32.11361],[-58.10361,-32.11306],[-58.10407,-32.11296],[-58.10426,-32.11222],[-58.10463,-32.11241],[-58.10546,-32.11222],[-58.10463,-32.11213],[-58.10463,-32.11148],[-58.10398,-32.1113],[-58.1038,-32.11093],[-58.10287,-32.11083],[-58.10269,-32.11028],[-58.10315,-32.11],[-58.10259,-32.11],[-58.10259,-32.10954],[-58.10241,-32.11028],[-58.10176,-32.11046],[-58.1012,-32.11019],[-58.1013,-32.10954],[-58.10102,-32.10926],[-58.10157,-32.10907],[-58.10185,-32.10944],[-58.10241,-32.10944],[-58.10194,-32.10935],[-58.10194,-32.10889],[-58.10231,-32.10861],[-58.10259,-32.10917],[-58.10287,-32.10907],[-58.10278,-32.10843],[-58.10176,-32.10861],[-58.10213,-32.10824],[-58.1013,-32.10815],[-58.10167,-32.1087]],[[-58.09944,-32.10926],[-58.10111,-32.10963],[-58.10111,-32.11],[-58.10028,-32.11065],[-58.09926,-32.11028],[-58.09926,-32.10981],[-58.09972,-32.11009],[-58.1,-32.10963],[-58.09944,-32.10926]],[[-58.1012,-32.11046],[-58.10176,-32.11065],[-58.10139,-32.1113],[-58.10102,-32.1113],[-58.10074,-32.11074],[-58.1012,-32.11046]],[[-58.10009,-32.11157],[-58.09935,-32.11176],[-58.09935,-32.11111],[-58.10028,-32.11083],[-58.10009,-32.11157]]],[[[-58.10315,-32.10963],[-58.10306,-32.10926],[-58.1038,-32.10889],[-58.10306,-32.1087],[-58.10296,-32.10954],[-58.10306,-32.10954],[-58.10306,-32.10963],[-58.10315,-32.10963]]],[[[-58.10435,-32.10991],[-58.10463,-32.10926],[-58.10398,-32.10926],[-58.1038,-32.10898],[-58.10454,-32.11046],[-58.10491,-32.11065],[-58.10481,-32.11009],[-58.10435,-32.10991]]],[[[-58.10528,-32.11093],[-58.10519,-32.11148],[-58.10546,-32.11213],[-58.10574,-32.11213],[-58.10528,-32.11093]]],[[[-58.09648,-32.115],[-58.09583,-32.11667],[-58.09667,-32.11704],[-58.09713,-32.11556],[-58.09667,-32.11565],[-58.09657,-32.11648],[-58.09602,-32.11639],[-58.09667,-32.11509],[-58.09648,-32.115]]],[[[-58.09519,-32.10685],[-58.09537,-32.10648],[-58.09481,-32.1062],[-58.09463,-32.10685],[-58.09519,-32.10685]]],[[[-58.09602,-32.1062],[-58.09574,-32.10657],[-58.0963,-32.10657],[-58.09602,-32.1062]]],[[[-58.09537,-32.10046],[-58.09519,-32.10019],[-58.09481,-32.10028],[-58.09454,-32.1013],[-58.09481,-32.10046],[-58.09519,-32.10046],[-58.09528,-32.10074],[-58.095,-32.1013],[-58.09509,-32.10148],[-58.09537,-32.10046]]],[[[-58.08954,-32.33306],[-58.08963,-32.33287],[-58.08935,-32.33287],[-58.08935,-32.33315],[-58.08815,-32.33315],[-58.08815,-32.33361],[-58.08852,-32.3338],[-58.08954,-32.33306]]],[[[-58.08787,-32.33398],[-58.08731,-32.3337],[-58.08741,-32.33417],[-58.08704,-32.33417],[-58.08704,-32.33463],[-58.08648,-32.33491],[-58.08657,-32.33426],[-58.08574,-32.33435],[-58.08602,-32.33407],[-58.08574,-32.33389],[-58.08602,-32.33343],[-58.08574,-32.33343],[-58.08528,-32.33537],[-58.08537,-32.335],[-58.08611,-32.33472],[-58.08639,-32.335],[-58.08741,-32.335],[-58.08741,-32.33444],[-58.08824,-32.33435],[-58.08815,-32.33389],[-58.08787,-32.33398]]],[[[-58.0913,-32.33389],[-58.09019,-32.33398],[-58.09019,-32.33463],[-58.09,-32.33463],[-58.08972,-32.33343],[-58.08889,-32.3338],[-58.08935,-32.33398],[-58.08954,-32.33491],[-58.08981,-32.335],[-58.09074,-32.33417],[-58.09176,-32.3338],[-58.09185,-32.33407],[-58.09194,-32.33407],[-58.09194,-32.3337],[-58.09148,-32.33352],[-58.0913,-32.33389]]],[[[-58.08537,-32.33537],[-58.0863,-32.33593],[-58.08648,-32.33556],[-58.08741,-32.33583],[-58.08769,-32.33528],[-58.08741,-32.33556],[-58.08537,-32.33537]]],[[[-58.09324,-32.30185],[-58.09296,-32.30204],[-58.09324,-32.30296],[-58.09259,-32.30343],[-58.09315,-32.30352],[-58.09315,-32.30389],[-58.09287,-32.30389],[-58.09231,-32.30463],[-58.09269,-32.30463],[-58.09296,-32.30417],[-58.09361,-32.3038],[-58.09343,-32.30333],[-58.09407,-32.30324],[-58.09407,-32.30287],[-58.09361,-32.30315],[-58.09343,-32.30241],[-58.09315,-32.30241],[-58.09333,-32.30194],[-58.09315,-32.3013],[-58.09324,-32.30185]]],[[[-58.09315,-32.30491],[-58.09361,-32.30426],[-58.09324,-32.30407],[-58.09343,-32.30444],[-58.09287,-32.305],[-58.0937,-32.30593],[-58.09315,-32.30491]]],[[[-58.09528,-32.30713],[-58.09546,-32.30657],[-58.09454,-32.30639],[-58.09426,-32.30685],[-58.09389,-32.30593],[-58.0937,-32.3062],[-58.09306,-32.30611],[-58.09343,-32.30657],[-58.09407,-32.30667],[-58.09417,-32.30713],[-58.09389,-32.30741],[-58.09444,-32.30759],[-58.09454,-32.30796],[-58.09417,-32.30815],[-58.09444,-32.30861],[-58.09454,-32.30824],[-58.09519,-32.30815],[-58.09463,-32.30787],[-58.09519,-32.30769],[-58.09463,-32.30769],[-58.09435,-32.30731],[-58.09528,-32.30713]]],[[[-58.09472,-32.30852],[-58.09556,-32.30833],[-58.09472,-32.30824],[-58.09472,-32.30852]]],[[[-58.09222,-32.29935],[-58.09185,-32.29917],[-58.09157,-32.29926],[-58.09176,-32.29972],[-58.09213,-32.29944],[-58.09194,-32.29991],[-58.0925,-32.30009],[-58.09231,-32.30046],[-58.09324,-32.30074],[-58.09231,-32.29991],[-58.09222,-32.29935]]],[[[-58.09093,-32.29741],[-58.09176,-32.29806],[-58.0913,-32.29731],[-58.0912,-32.2962],[-58.09083,-32.2962],[-58.09111,-32.29667],[-58.09093,-32.29741]]],[[[-58.09037,-32.29093],[-58.08972,-32.29093],[-58.08991,-32.2913],[-58.08954,-32.2912],[-58.08954,-32.29148],[-58.09056,-32.29185],[-58.09065,-32.29139],[-58.09019,-32.2913],[-58.09037,-32.29093]]],[[[-58.08843,-32.29046],[-58.08833,-32.29074],[-58.08852,-32.2912],[-58.08861,-32.29065],[-58.08843,-32.29046]]],[[[-58.08991,-32.28926],[-58.08991,-32.28898],[-58.08944,-32.28861],[-58.08935,-32.2888],[-58.08991,-32.28926]]],[[[-58.09009,-32.28361],[-58.08981,-32.28435],[-58.09009,-32.2838],[-58.09065,-32.28389],[-58.09083,-32.28435],[-58.09074,-32.2838],[-58.09009,-32.28361]]],[[[-58.08583,-32.28398],[-58.08583,-32.28315],[-58.08556,-32.28315],[-58.08537,-32.28389],[-58.08583,-32.28398]]],[[[-58.09074,-32.2812],[-58.08972,-32.2813],[-58.09028,-32.28194],[-58.09019,-32.28278],[-58.09065,-32.28343],[-58.09083,-32.28278],[-58.09046,-32.28231],[-58.09093,-32.28241],[-58.09093,-32.28139],[-58.09074,-32.2812]]],[[[-58.08472,-32.28102],[-58.08528,-32.28074],[-58.08519,-32.28046],[-58.08481,-32.28065],[-58.08472,-32.28102]]],[[[-58.09046,-32.26852],[-58.09056,-32.26815],[-58.09037,-32.26815],[-58.09046,-32.26917],[-58.08935,-32.26981],[-58.08898,-32.26972],[-58.0888,-32.27037],[-58.08843,-32.27028],[-58.08815,-32.27065],[-58.08815,-32.27102],[-58.08852,-32.27083],[-58.08907,-32.27111],[-58.08889,-32.27157],[-58.08917,-32.27185],[-58.08889,-32.27194],[-58.08926,-32.27194],[-58.08963,-32.27148],[-58.08917,-32.2713],[-58.08917,-32.27083],[-58.08852,-32.27065],[-58.08898,-32.27028],[-58.08935,-32.27046],[-58.08991,-32.26954],[-58.09037,-32.26954],[-58.09028,-32.26991],[-58.09102,-32.26954],[-58.09111,-32.26991],[-58.09102,-32.2687],[-58.09046,-32.26852]]],[[[-58.08611,-32.27593],[-58.08694,-32.27546],[-58.08685,-32.27472],[-58.08769,-32.27407],[-58.08676,-32.27352],[-58.08694,-32.27306],[-58.08759,-32.27259],[-58.08778,-32.27287],[-58.08824,-32.27296],[-58.0888,-32.27204],[-58.08843,-32.27194],[-58.08796,-32.27278],[-58.08759,-32.27222],[-58.08713,-32.27287],[-58.08667,-32.27278],[-58.08556,-32.27287],[-58.08593,-32.2737],[-58.08676,-32.27361],[-58.08713,-32.27417],[-58.08657,-32.27454],[-58.08657,-32.27537],[-58.0862,-32.27528],[-58.08593,-32.27565],[-58.08602,-32.27667],[-58.08611,-32.27593]]],[[[-58.08528,-32.27676],[-58.08463,-32.27639],[-58.08398,-32.27676],[-58.08398,-32.27713],[-58.085,-32.27759],[-58.08463,-32.27833],[-58.08426,-32.27815],[-58.08398,-32.27907],[-58.08426,-32.27944],[-58.08491,-32.27954],[-58.08509,-32.27889],[-58.08565,-32.27861],[-58.08528,-32.27843],[-58.08574,-32.27843],[-58.08509,-32.27833],[-58.08556,-32.27787],[-58.08519,-32.27778],[-58.08509,-32.27731],[-58.08444,-32.27713],[-58.08454,-32.27657],[-58.08509,-32.27704],[-58.08546,-32.27676],[-58.08546,-32.27704],[-58.08611,-32.27713],[-58.08602,-32.27667],[-58.08528,-32.27676]]],[[[-58.09333,-32.27037],[-58.09287,-32.27009],[-58.09259,-32.27046],[-58.09324,-32.27065],[-58.09333,-32.27037]]],[[[-58.09269,-32.26787],[-58.0925,-32.26759],[-58.09296,-32.2675],[-58.09306,-32.26731],[-58.09259,-32.26741],[-58.09241,-32.26704],[-58.09222,-32.26769],[-58.09148,-32.26778],[-58.09139,-32.26796],[-58.09269,-32.26787]]],[[[-58.09222,-32.26806],[-58.09157,-32.26796],[-58.09231,-32.26843],[-58.09222,-32.26806]]],[[[-58.09,-32.26556],[-58.09,-32.2663],[-58.09056,-32.26648],[-58.09046,-32.26685],[-58.08991,-32.26676],[-58.09037,-32.2675],[-58.09065,-32.26704],[-58.0913,-32.26694],[-58.09083,-32.26648],[-58.09213,-32.26639],[-58.09083,-32.2663],[-58.09074,-32.26537],[-58.09046,-32.26565],[-58.09,-32.26556]]],[[[-58.09065,-32.26315],[-58.09046,-32.26361],[-58.09009,-32.26389],[-58.08944,-32.2638],[-58.08944,-32.26407],[-58.09046,-32.26426],[-58.09028,-32.2638],[-58.09037,-32.2637],[-58.09083,-32.2638],[-58.0912,-32.26352],[-58.09065,-32.26315]]],[[[-58.09139,-32.26102],[-58.09176,-32.26083],[-58.09185,-32.26037],[-58.0913,-32.26065],[-58.09139,-32.26102]]],[[[-58.0925,-32.25843],[-58.09333,-32.25917],[-58.09398,-32.25926],[-58.09417,-32.25981],[-58.095,-32.25991],[-58.09417,-32.25963],[-58.09426,-32.25926],[-58.0938,-32.25907],[-58.09407,-32.2587],[-58.0937,-32.25889],[-58.09352,-32.25861],[-58.0925,-32.25843]]],[[[-58.09315,-32.25009],[-58.09324,-32.24954],[-58.09278,-32.24963],[-58.09259,-32.24926],[-58.09241,-32.24926],[-58.09259,-32.24963],[-58.09213,-32.24981],[-58.09213,-32.25111],[-58.09231,-32.24981],[-58.09315,-32.25009]]],[[[-58.09269,-32.25343],[-58.09324,-32.25287],[-58.09296,-32.25204],[-58.0925,-32.25204],[-58.0925,-32.25241],[-58.09213,-32.25259],[-58.09259,-32.25306],[-58.09231,-32.25315],[-58.09241,-32.25389],[-58.09167,-32.25398],[-58.09176,-32.25444],[-58.09213,-32.25426],[-58.09222,-32.25463],[-58.09269,-32.25343]]],[[[-58.09102,-32.25491],[-58.0912,-32.25472],[-58.09157,-32.25491],[-58.09213,-32.25463],[-58.09056,-32.25454],[-58.09083,-32.25463],[-58.09065,-32.25528],[-58.09093,-32.25556],[-58.0913,-32.25537],[-58.09102,-32.25491]]],[[[-58.0913,-32.25667],[-58.0913,-32.25593],[-58.09037,-32.25583],[-58.09074,-32.25593],[-58.09028,-32.2562],[-58.09037,-32.25713],[-58.09102,-32.25731],[-58.09074,-32.25796],[-58.0913,-32.25796],[-58.09185,-32.25843],[-58.09148,-32.2587],[-58.09176,-32.25972],[-58.0925,-32.25963],[-58.09194,-32.25907],[-58.09213,-32.25843],[-58.09148,-32.25796],[-58.09148,-32.25769],[-58.09185,-32.25769],[-58.09185,-32.25731],[-58.09065,-32.25685],[-58.0913,-32.25667]]],[[[-58.09278,-32.25972],[-58.09231,-32.26037],[-58.09361,-32.26028],[-58.09352,-32.26],[-58.09287,-32.26009],[-58.09278,-32.25972]]],[[[-58.09407,-32.26056],[-58.09241,-32.26111],[-58.09231,-32.26037],[-58.09194,-32.26056],[-58.09222,-32.26102],[-58.09139,-32.26176],[-58.09167,-32.26296],[-58.0913,-32.26324],[-58.0913,-32.26361],[-58.09167,-32.2638],[-58.0913,-32.26407],[-58.09315,-32.26407],[-58.09287,-32.2638],[-58.09176,-32.26389],[-58.09204,-32.26343],[-58.09167,-32.26333],[-58.09148,-32.26352],[-58.09148,-32.26324],[-58.09213,-32.26306],[-58.09241,-32.26269],[-58.09176,-32.26231],[-58.09176,-32.26176],[-58.09204,-32.26231],[-58.0925,-32.26231],[-58.09259,-32.26176],[-58.09361,-32.26148],[-58.0938,-32.26102],[-58.0938,-32.26148],[-58.09407,-32.26111],[-58.09444,-32.26185],[-58.09407,-32.26056]]],[[[-58.08361,-32.24519],[-58.0838,-32.2438],[-58.08287,-32.24389],[-58.08361,-32.24519]]],[[[-58.08324,-32.24537],[-58.08333,-32.24611],[-58.0837,-32.24667],[-58.08361,-32.24519],[-58.08324,-32.24537]]],[[[-58.08407,-32.2462],[-58.08407,-32.24667],[-58.0837,-32.24667],[-58.08389,-32.24694],[-58.08426,-32.24648],[-58.08407,-32.2462]]],[[[-58.08704,-32.24444],[-58.08685,-32.24426],[-58.08685,-32.24519],[-58.08722,-32.24519],[-58.08759,-32.24426],[-58.08787,-32.24426],[-58.08852,-32.2438],[-58.08704,-32.24444]]],[[[-58.08731,-32.23926],[-58.08694,-32.24074],[-58.08722,-32.24102],[-58.08731,-32.23926]]],[[[-58.08704,-32.24111],[-58.08657,-32.2412],[-58.0863,-32.24176],[-58.08574,-32.24102],[-58.08546,-32.24111],[-58.08574,-32.2413],[-58.08509,-32.2412],[-58.08491,-32.2413],[-58.08565,-32.24167],[-58.08565,-32.24213],[-58.08583,-32.24204],[-58.0862,-32.24213],[-58.08685,-32.24204],[-58.08657,-32.24176],[-58.08704,-32.24111]]],[[[-58.08815,-32.24102],[-58.0888,-32.24056],[-58.0888,-32.24],[-58.08852,-32.24046],[-58.08787,-32.24037],[-58.08815,-32.24102]]],[[[-58.0912,-32.23731],[-58.09065,-32.23787],[-58.09046,-32.23759],[-58.09074,-32.23833],[-58.09093,-32.23796],[-58.09167,-32.23806],[-58.0912,-32.23731]]],[[[-58.09167,-32.23824],[-58.09269,-32.23824],[-58.09269,-32.23815],[-58.09222,-32.23787],[-58.09167,-32.23824]]],[[[-58.09352,-32.23583],[-58.09259,-32.23583],[-58.09231,-32.23565],[-58.0925,-32.23593],[-58.09296,-32.23593],[-58.09287,-32.23639],[-58.09343,-32.23611],[-58.09361,-32.2363],[-58.09389,-32.2363],[-58.09352,-32.23583]]],[[[-58.09333,-32.23759],[-58.0937,-32.23861],[-58.09472,-32.23861],[-58.0937,-32.23833],[-58.09398,-32.23722],[-58.09333,-32.23759]]],[[[-58.09398,-32.22796],[-58.09463,-32.22741],[-58.09463,-32.22704],[-58.09417,-32.22704],[-58.0937,-32.22787],[-58.09398,-32.22796]]],[[[-58.0887,-32.2288],[-58.08972,-32.22843],[-58.08889,-32.22815],[-58.08991,-32.22769],[-58.08972,-32.22731],[-58.09111,-32.22519],[-58.09111,-32.22444],[-58.08926,-32.22481],[-58.08926,-32.22556],[-58.08898,-32.22574],[-58.08926,-32.22657],[-58.09009,-32.22593],[-58.09,-32.22667],[-58.08935,-32.22778],[-58.08898,-32.22778],[-58.0888,-32.22731],[-58.0888,-32.22778],[-58.08843,-32.22778],[-58.0887,-32.22787],[-58.08861,-32.22833],[-58.08759,-32.22852],[-58.08852,-32.22843],[-58.0887,-32.2288]],[[-58.08954,-32.225],[-58.09019,-32.22472],[-58.09037,-32.22528],[-58.08944,-32.22546],[-58.08954,-32.225]]],[[[-58.08843,-32.22778],[-58.08824,-32.22713],[-58.08861,-32.22694],[-58.08815,-32.22704],[-58.08796,-32.22759],[-58.08843,-32.22778]]],[[[-58.0887,-32.20741],[-58.09065,-32.20796],[-58.09056,-32.20759],[-58.08935,-32.2075],[-58.0887,-32.20704],[-58.0887,-32.20741]]],[[[-58.09259,-32.16981],[-58.0925,-32.17019],[-58.09296,-32.17028],[-58.09296,-32.17009],[-58.09259,-32.16981]]],[[[-58.08685,-32.14981],[-58.08657,-32.15019],[-58.08593,-32.15028],[-58.08648,-32.15046],[-58.0863,-32.15083],[-58.08722,-32.15074],[-58.08685,-32.14981]]],[[[-58.08481,-32.15139],[-58.08556,-32.15111],[-58.0863,-32.15083],[-58.08546,-32.15074],[-58.08593,-32.15046],[-58.08574,-32.15037],[-58.08463,-32.15102],[-58.08407,-32.15102],[-58.08407,-32.15139],[-58.08472,-32.15157],[-58.08537,-32.15139],[-58.08481,-32.15139]]],[[[-58.08463,-32.15204],[-58.08463,-32.15167],[-58.08426,-32.15167],[-58.08389,-32.15213],[-58.08463,-32.15204]]],[[[-58.09185,-32.14583],[-58.09241,-32.14648],[-58.09324,-32.14528],[-58.09306,-32.14546],[-58.09185,-32.14583]]],[[[-58.08731,-32.14741],[-58.08917,-32.1475],[-58.08954,-32.14713],[-58.08926,-32.14685],[-58.08963,-32.14667],[-58.08954,-32.14565],[-58.08991,-32.14565],[-58.08981,-32.14602],[-58.09037,-32.1463],[-58.09083,-32.14602],[-58.09148,-32.1462],[-58.09176,-32.14583],[-58.09139,-32.14565],[-58.09213,-32.14546],[-58.09176,-32.14491],[-58.09231,-32.14519],[-58.09324,-32.145],[-58.09296,-32.14454],[-58.09324,-32.14444],[-58.09324,-32.1437],[-58.09361,-32.14315],[-58.09352,-32.14287],[-58.09306,-32.14296],[-58.09315,-32.14398],[-58.09259,-32.14463],[-58.09278,-32.14398],[-58.09213,-32.14352],[-58.09204,-32.14204],[-58.09148,-32.14204],[-58.09111,-32.1425],[-58.09009,-32.14185],[-58.09009,-32.1412],[-58.08972,-32.14093],[-58.09019,-32.14],[-58.08991,-32.14],[-58.08935,-32.13824],[-58.08843,-32.13741],[-58.08824,-32.13648],[-58.08769,-32.13593],[-58.08852,-32.13491],[-58.08843,-32.13454],[-58.08815,-32.13491],[-58.08769,-32.13491],[-58.0875,-32.13435],[-58.08815,-32.1338],[-58.0875,-32.13352],[-58.0875,-32.13315],[-58.08833,-32.13269],[-58.08796,-32.13241],[-58.08778,-32.13083],[-58.08593,-32.12991],[-58.0862,-32.12963],[-58.08685,-32.12981],[-58.08694,-32.12954],[-58.08583,-32.12926],[-58.08546,-32.12954],[-58.08546,-32.12981],[-58.08435,-32.12981],[-58.08472,-32.13028],[-58.08528,-32.13009],[-58.08491,-32.13056],[-58.08287,-32.13074],[-58.08306,-32.13056],[-58.08296,-32.13009],[-58.08259,-32.13102],[-58.08398,-32.13065],[-58.08491,-32.13083],[-58.08556,-32.13009],[-58.08657,-32.13037],[-58.08722,-32.13093],[-58.08694,-32.13148],[-58.08722,-32.13176],[-58.08704,-32.13269],[-58.08583,-32.13315],[-58.08565,-32.1338],[-58.08593,-32.13435],[-58.08611,-32.13398],[-58.08657,-32.13426],[-58.08648,-32.13556],[-58.08713,-32.13583],[-58.08694,-32.1363],[-58.08769,-32.13685],[-58.08861,-32.13852],[-58.08889,-32.14139],[-58.08935,-32.14213],[-58.09056,-32.14241],[-58.09065,-32.14306],[-58.09028,-32.14352],[-58.09102,-32.14333],[-58.09102,-32.14463],[-58.0913,-32.145],[-58.09046,-32.14593],[-58.09019,-32.14528],[-58.08954,-32.14528],[-58.08935,-32.14491],[-58.08907,-32.14509],[-58.08907,-32.14602],[-58.08815,-32.14546],[-58.08806,-32.1463],[-58.08769,-32.14602],[-58.08741,-32.1462],[-58.08731,-32.14731],[-58.08685,-32.14778],[-58.08731,-32.14741]],[[-58.08917,-32.14713],[-58.08852,-32.14722],[-58.08833,-32.14648],[-58.08852,-32.14639],[-58.08917,-32.14713]]],[[[-58.08454,-32.14926],[-58.08519,-32.14991],[-58.08556,-32.14963],[-58.08546,-32.14917],[-58.08602,-32.14917],[-58.08602,-32.14889],[-58.08537,-32.14889],[-58.08556,-32.14787],[-58.08509,-32.14806],[-58.08509,-32.14722],[-58.08574,-32.14713],[-58.0862,-32.14787],[-58.08685,-32.14787],[-58.08639,-32.14759],[-58.08639,-32.1462],[-58.08602,-32.14657],[-58.08574,-32.1463],[-58.08556,-32.14657],[-58.08454,-32.14639],[-58.08444,-32.14685],[-58.0837,-32.14667],[-58.08324,-32.14722],[-58.08204,-32.14722],[-58.08287,-32.14759],[-58.08259,-32.14787],[-58.08287,-32.14824],[-58.08306,-32.14759],[-58.08407,-32.14787],[-58.0837,-32.14796],[-58.0837,-32.14833],[-58.08435,-32.14843],[-58.08454,-32.1488],[-58.0837,-32.14861],[-58.08389,-32.14907],[-58.08241,-32.14972],[-58.08241,-32.15019],[-58.08222,-32.14981],[-58.08148,-32.14981],[-58.08204,-32.15046],[-58.08093,-32.15093],[-58.0813,-32.15111],[-58.0812,-32.15157],[-58.08019,-32.15213],[-58.07981,-32.15176],[-58.07852,-32.15167],[-58.07694,-32.15278],[-58.0763,-32.15269],[-58.07602,-32.15352],[-58.07741,-32.15324],[-58.0788,-32.15241],[-58.08046,-32.15407],[-58.08102,-32.15407],[-58.08102,-32.1538],[-58.08185,-32.15333],[-58.08148,-32.15333],[-58.0813,-32.15278],[-58.08083,-32.15306],[-58.08139,-32.15222],[-58.0813,-32.15176],[-58.08287,-32.15074],[-58.08315,-32.14981],[-58.0838,-32.14981],[-58.08454,-32.14926]]],[[[-58.0875,-32.13],[-58.08806,-32.13],[-58.08833,-32.12926],[-58.08778,-32.12926],[-58.0875,-32.12954],[-58.0875,-32.13]]],[[[-58.09111,-32.12889],[-58.08963,-32.12944],[-58.0888,-32.12926],[-58.0888,-32.12944],[-58.08963,-32.12963],[-58.09111,-32.12917],[-58.09111,-32.12889]]],[[[-58.08417,-32.12907],[-58.08435,-32.12935],[-58.08463,-32.12935],[-58.08463,-32.12898],[-58.08417,-32.12907]]],[[[-58.08602,-32.12407],[-58.08694,-32.12454],[-58.08769,-32.12463],[-58.08685,-32.12417],[-58.08602,-32.12407]]],[[[-58.09009,-32.12481],[-58.08806,-32.12472],[-58.08917,-32.12481],[-58.08917,-32.12519],[-58.08778,-32.12519],[-58.08713,-32.12556],[-58.09037,-32.12556],[-58.08917,-32.12546],[-58.08926,-32.12491],[-58.08991,-32.12509],[-58.09009,-32.12481]]],[[[-58.08824,-32.12343],[-58.08769,-32.12306],[-58.08741,-32.12315],[-58.08759,-32.12361],[-58.08824,-32.12343]]],[[[-58.09065,-32.12046],[-58.09065,-32.11954],[-58.09056,-32.12056],[-58.0913,-32.12111],[-58.09065,-32.12046]]],[[[-58.09167,-32.1225],[-58.0913,-32.12111],[-58.0913,-32.12194],[-58.09157,-32.12231],[-58.0913,-32.12278],[-58.0913,-32.12324],[-58.09167,-32.1225]]],[[[-58.0913,-32.12324],[-58.09065,-32.12361],[-58.09083,-32.12417],[-58.09139,-32.12417],[-58.09102,-32.12407],[-58.0913,-32.12324]]],[[[-58.0937,-32.12352],[-58.09269,-32.12306],[-58.09269,-32.12259],[-58.09231,-32.12259],[-58.09194,-32.12361],[-58.09139,-32.12407],[-58.09204,-32.1238],[-58.09241,-32.12296],[-58.09241,-32.1238],[-58.09269,-32.12389],[-58.09287,-32.12343],[-58.09352,-32.12352],[-58.09361,-32.12417],[-58.09306,-32.12444],[-58.09361,-32.12444],[-58.09407,-32.12417],[-58.0937,-32.12352]]],[[[-58.0912,-32.12574],[-58.09213,-32.12546],[-58.09241,-32.12491],[-58.09185,-32.12537],[-58.09111,-32.12537],[-58.0912,-32.12574]]],[[[-58.09083,-32.12213],[-58.09056,-32.12213],[-58.09046,-32.12278],[-58.09009,-32.12259],[-58.08972,-32.12361],[-58.08944,-32.12287],[-58.08898,-32.12269],[-58.08889,-32.12352],[-58.08843,-32.1238],[-58.08935,-32.12417],[-58.09009,-32.12361],[-58.09065,-32.12361],[-58.09083,-32.12213]]],[[[-58.0887,-32.12204],[-58.08963,-32.12194],[-58.08963,-32.12167],[-58.08926,-32.12157],[-58.0887,-32.12204]]],[[[-58.09407,-32.11954],[-58.0937,-32.11944],[-58.09343,-32.11935],[-58.0937,-32.11991],[-58.09407,-32.11954]]],[[[-58.0938,-32.11991],[-58.09389,-32.12148],[-58.09407,-32.12157],[-58.0938,-32.11991]]],[[[-58.09426,-32.12167],[-58.09435,-32.12389],[-58.09463,-32.12324],[-58.09435,-32.12306],[-58.09426,-32.12167]]],[[[-58.08602,-32.11972],[-58.08602,-32.11917],[-58.08537,-32.11889],[-58.08556,-32.11972],[-58.08602,-32.11972]]],[[[-58.08398,-32.11657],[-58.08435,-32.11639],[-58.08444,-32.11676],[-58.08463,-32.11648],[-58.08398,-32.1162],[-58.08398,-32.11657]]],[[[-58.08435,-32.1138],[-58.08491,-32.1138],[-58.085,-32.11333],[-58.08398,-32.11343],[-58.08435,-32.1138]]],[[[-58.09417,-32.11037],[-58.0937,-32.11028],[-58.09361,-32.11074],[-58.09407,-32.11065],[-58.09417,-32.11037]]],[[[-58.09259,-32.10972],[-58.09259,-32.11056],[-58.09296,-32.11065],[-58.09306,-32.11],[-58.09259,-32.10972]]],[[[-58.09287,-32.10944],[-58.0937,-32.10926],[-58.09287,-32.10889],[-58.09287,-32.10944]]],[[[-58.09426,-32.10667],[-58.09315,-32.10787],[-58.09333,-32.10889],[-58.0937,-32.10861],[-58.09352,-32.10787],[-58.09398,-32.10731],[-58.09417,-32.1075],[-58.095,-32.10731],[-58.09454,-32.10722],[-58.09454,-32.10676],[-58.09426,-32.10667]]],[[[-58.08981,-32.10546],[-58.08981,-32.10509],[-58.09019,-32.10519],[-58.09093,-32.10435],[-58.09093,-32.1037],[-58.09046,-32.10315],[-58.08926,-32.10333],[-58.08917,-32.10287],[-58.08843,-32.10231],[-58.08731,-32.10231],[-58.08676,-32.10315],[-58.08537,-32.10222],[-58.08583,-32.10296],[-58.08509,-32.10296],[-58.08491,-32.10222],[-58.08519,-32.10157],[-58.08463,-32.1013],[-58.08491,-32.10093],[-58.08417,-32.10083],[-58.08417,-32.10037],[-58.08389,-32.10037],[-58.08398,-32.10148],[-58.08389,-32.10176],[-58.08343,-32.10176],[-58.08343,-32.10213],[-58.08435,-32.10222],[-58.08481,-32.10324],[-58.08537,-32.1037],[-58.0863,-32.10324],[-58.08676,-32.10463],[-58.08704,-32.10463],[-58.08685,-32.10426],[-58.08722,-32.10398],[-58.08787,-32.10407],[-58.08806,-32.10463],[-58.08769,-32.10611],[-58.08704,-32.1063],[-58.08685,-32.10704],[-58.0862,-32.10722],[-58.08593,-32.10676],[-58.08528,-32.10667],[-58.08481,-32.10676],[-58.08472,-32.10741],[-58.08546,-32.10722],[-58.08565,-32.10759],[-58.08694,-32.10778],[-58.08704,-32.10806],[-58.08843,-32.10815],[-58.08861,-32.10731],[-58.08907,-32.10713],[-58.0887,-32.10713],[-58.08861,-32.10667],[-58.08907,-32.10639],[-58.08926,-32.10685],[-58.08981,-32.10546]],[[-58.08907,-32.1037],[-58.08954,-32.10361],[-58.09074,-32.10417],[-58.09019,-32.105],[-58.08954,-32.10481],[-58.08963,-32.10574],[-58.08898,-32.10574],[-58.08852,-32.10519],[-58.08806,-32.10519],[-58.08833,-32.10491],[-58.08806,-32.1038],[-58.0887,-32.10333],[-58.08852,-32.10296],[-58.08778,-32.1037],[-58.08657,-32.10343],[-58.08694,-32.10343],[-58.08741,-32.10269],[-58.08843,-32.1025],[-58.08907,-32.1037]],[[-58.08843,-32.1063],[-58.08806,-32.10611],[-58.08815,-32.10556],[-58.08861,-32.10593],[-58.08843,-32.1063]],[[-58.08833,-32.10769],[-58.08787,-32.10796],[-58.08713,-32.10741],[-58.08648,-32.10759],[-58.0863,-32.10731],[-58.08731,-32.10722],[-58.08713,-32.10648],[-58.08806,-32.1063],[-58.08843,-32.10694],[-58.08833,-32.10769]]],[[[-58.07954,-32.28796],[-58.08102,-32.28741],[-58.08111,-32.28657],[-58.08185,-32.28676],[-58.08259,-32.2862],[-58.08361,-32.2863],[-58.08361,-32.28593],[-58.08426,-32.28546],[-58.08583,-32.28509],[-58.08556,-32.28528],[-58.08574,-32.28565],[-58.0862,-32.285],[-58.08713,-32.28481],[-58.08722,-32.28546],[-58.08676,-32.28537],[-58.08676,-32.28574],[-58.08741,-32.28583],[-58.08759,-32.28556],[-58.08787,-32.28574],[-58.08769,-32.28611],[-58.08676,-32.2862],[-58.08731,-32.28713],[-58.08667,-32.28713],[-58.08648,-32.28769],[-58.08722,-32.28778],[-58.08676,-32.28852],[-58.08769,-32.28843],[-58.08778,-32.28963],[-58.08815,-32.28981],[-58.08824,-32.29037],[-58.08852,-32.28907],[-58.08907,-32.28917],[-58.08935,-32.28852],[-58.08889,-32.28787],[-58.08963,-32.28787],[-58.08963,-32.28731],[-58.08907,-32.28722],[-58.08907,-32.2875],[-58.08954,-32.28759],[-58.08935,-32.28778],[-58.08861,-32.28741],[-58.08852,-32.28676],[-58.08898,-32.28593],[-58.08815,-32.28574],[-58.08815,-32.28491],[-58.08852,-32.28491],[-58.08852,-32.28463],[-58.08778,-32.28435],[-58.08796,-32.28407],[-58.0888,-32.28407],[-58.08907,-32.28361],[-58.08833,-32.28398],[-58.08833,-32.28361],[-58.08778,-32.28315],[-58.08907,-32.28306],[-58.08907,-32.28204],[-58.08852,-32.28194],[-58.08852,-32.28241],[-58.08731,-32.28259],[-58.08713,-32.28287],[-58.08704,-32.28259],[-58.08667,-32.28241],[-58.08583,-32.28259],[-58.08704,-32.28315],[-58.08685,-32.28389],[-58.08667,-32.28361],[-58.08602,-32.2837],[-58.0863,-32.28417],[-58.0862,-32.28463],[-58.08565,-32.28444],[-58.08574,-32.28491],[-58.08417,-32.28472],[-58.08407,-32.285],[-58.08444,-32.28519],[-58.0837,-32.28491],[-58.08352,-32.28574],[-58.08306,-32.28556],[-58.08259,-32.28611],[-58.08194,-32.28611],[-58.08204,-32.28565],[-58.08241,-32.28574],[-58.0825,-32.28407],[-58.08148,-32.28444],[-58.08231,-32.28472],[-58.08185,-32.28583],[-58.08111,-32.28583],[-58.0812,-32.28556],[-58.08167,-32.28556],[-58.08176,-32.28463],[-58.08148,-32.28463],[-58.08157,-32.28537],[-58.08083,-32.28546],[-58.08074,-32.28657],[-58.08009,-32.28657],[-58.07954,-32.2862],[-58.07954,-32.28787],[-58.0787,-32.28787],[-58.0787,-32.28852],[-58.07833,-32.2887],[-58.07935,-32.28843],[-58.07917,-32.28806],[-58.07954,-32.28824],[-58.07954,-32.28796]]],[[[-58.08009,-32.28639],[-58.08037,-32.28602],[-58.08037,-32.28565],[-58.07981,-32.28611],[-58.08009,-32.28639]]],[[[-58.08361,-32.28472],[-58.0838,-32.28407],[-58.08343,-32.2838],[-58.08324,-32.28463],[-58.08361,-32.28472]]],[[[-58.08306,-32.28361],[-58.08306,-32.28315],[-58.08287,-32.28296],[-58.08259,-32.28389],[-58.08306,-32.28361]]],[[[-58.08324,-32.2813],[-58.08407,-32.2812],[-58.08398,-32.28185],[-58.08361,-32.28204],[-58.08417,-32.28194],[-58.08426,-32.28139],[-58.085,-32.28167],[-58.08389,-32.28065],[-58.0838,-32.28111],[-58.08333,-32.28102],[-58.08352,-32.28046],[-58.08287,-32.28083],[-58.08324,-32.2813]]],[[[-58.08426,-32.28287],[-58.08444,-32.28259],[-58.08417,-32.28231],[-58.085,-32.28204],[-58.08417,-32.28213],[-58.08407,-32.28296],[-58.0837,-32.28296],[-58.0838,-32.2825],[-58.08361,-32.28278],[-58.0837,-32.28315],[-58.08417,-32.28315],[-58.08426,-32.28361],[-58.08481,-32.28352],[-58.08481,-32.28306],[-58.08426,-32.28287]]],[[[-58.07824,-32.27935],[-58.0775,-32.2787],[-58.07676,-32.27861],[-58.07778,-32.27991],[-58.07954,-32.27954],[-58.07935,-32.27917],[-58.07907,-32.27944],[-58.07824,-32.27935]]],[[[-58.08167,-32.27991],[-58.08065,-32.2788],[-58.07954,-32.27963],[-58.08037,-32.27954],[-58.08074,-32.27907],[-58.08111,-32.28019],[-58.08139,-32.28],[-58.08231,-32.28019],[-58.08167,-32.27991]]],[[[-58.08185,-32.28315],[-58.08194,-32.28231],[-58.08139,-32.28046],[-58.08102,-32.2812],[-58.08019,-32.28148],[-58.08019,-32.28185],[-58.08083,-32.28167],[-58.08083,-32.2813],[-58.08157,-32.28139],[-58.08157,-32.28176],[-58.0812,-32.28167],[-58.08056,-32.28204],[-58.08157,-32.28185],[-58.08185,-32.28315]]],[[[-58.0837,-32.28009],[-58.08287,-32.27981],[-58.08296,-32.28019],[-58.08287,-32.28],[-58.0825,-32.28],[-58.08241,-32.28019],[-58.08269,-32.28056],[-58.08306,-32.28065],[-58.0837,-32.28009]]],[[[-58.08287,-32.27815],[-58.08231,-32.27852],[-58.08269,-32.27843],[-58.08324,-32.2788],[-58.08287,-32.27815]]],[[[-58.08083,-32.2775],[-58.07898,-32.27704],[-58.07926,-32.27741],[-58.0788,-32.27824],[-58.07917,-32.27833],[-58.07944,-32.27806],[-58.07963,-32.27741],[-58.08,-32.27741],[-58.07991,-32.27796],[-58.08074,-32.27796],[-58.08093,-32.2775],[-58.08157,-32.2775],[-58.08167,-32.27769],[-58.08185,-32.27769],[-58.08185,-32.27778],[-58.08194,-32.27778],[-58.08194,-32.27787],[-58.08204,-32.27787],[-58.08204,-32.27796],[-58.08213,-32.27796],[-58.08204,-32.27759],[-58.08139,-32.27741],[-58.08139,-32.27704],[-58.08083,-32.2775]]],[[[-58.0638,-32.24731],[-58.06315,-32.24704],[-58.06343,-32.24759],[-58.0638,-32.24731]]],[[[-58.07259,-32.24509],[-58.07204,-32.24565],[-58.07259,-32.24546],[-58.07259,-32.24509]]],[[[-58.07167,-32.24639],[-58.07204,-32.24565],[-58.07157,-32.2463],[-58.07102,-32.24583],[-58.07009,-32.24583],[-58.07093,-32.24593],[-58.07083,-32.2463],[-58.07111,-32.24639],[-58.07167,-32.24639]]],[[[-58.06704,-32.24722],[-58.06935,-32.24657],[-58.07,-32.2462],[-58.07009,-32.24593],[-58.06843,-32.24657],[-58.06815,-32.24602],[-58.0675,-32.24602],[-58.06796,-32.24593],[-58.06796,-32.24565],[-58.06722,-32.24528],[-58.06676,-32.24565],[-58.06694,-32.24611],[-58.06657,-32.24648],[-58.0662,-32.2462],[-58.06593,-32.24639],[-58.06611,-32.24676],[-58.06694,-32.24657],[-58.06704,-32.24722]]],[[[-58.06352,-32.24574],[-58.06296,-32.24593],[-58.06287,-32.2463],[-58.06407,-32.24611],[-58.06426,-32.24648],[-58.06454,-32.24639],[-58.06352,-32.24574]]],[[[-58.06528,-32.24537],[-58.06602,-32.24509],[-58.06556,-32.24509],[-58.06509,-32.245],[-58.06444,-32.24546],[-58.06454,-32.24574],[-58.06509,-32.24556],[-58.06528,-32.24574],[-58.06528,-32.24537]]],[[[-58.08111,-32.24296],[-58.0812,-32.24352],[-58.08241,-32.24389],[-58.08222,-32.24287],[-58.08111,-32.24296]]],[[[-58.07046,-32.24287],[-58.07,-32.24333],[-58.07,-32.24343],[-58.07056,-32.24333],[-58.07046,-32.24287]]],[[[-58.06593,-32.24176],[-58.06657,-32.24167],[-58.06713,-32.24204],[-58.06648,-32.24148],[-58.06593,-32.24176]]],[[[-58.06833,-32.24231],[-58.06731,-32.2425],[-58.06713,-32.24204],[-58.06667,-32.24324],[-58.06722,-32.24278],[-58.0675,-32.24324],[-58.06769,-32.24269],[-58.06833,-32.24231]]],[[[-58.06676,-32.24444],[-58.06713,-32.24426],[-58.06694,-32.24398],[-58.06648,-32.24426],[-58.06676,-32.24444]]],[[[-58.06519,-32.24333],[-58.06509,-32.2425],[-58.06602,-32.24213],[-58.06593,-32.24176],[-58.06583,-32.24204],[-58.06481,-32.24231],[-58.06491,-32.24287],[-58.06463,-32.24259],[-58.06398,-32.24287],[-58.06417,-32.24352],[-58.06472,-32.2437],[-58.06444,-32.24435],[-58.06519,-32.24435],[-58.06528,-32.24463],[-58.06565,-32.24398],[-58.06556,-32.24324],[-58.06519,-32.24333]]],[[[-58.07593,-32.24222],[-58.07796,-32.24241],[-58.07861,-32.24194],[-58.07944,-32.24194],[-58.08102,-32.24241],[-58.0813,-32.24204],[-58.08037,-32.24194],[-58.07991,-32.24157],[-58.07815,-32.24185],[-58.07861,-32.24139],[-58.07852,-32.24093],[-58.07759,-32.2412],[-58.0775,-32.24185],[-58.07704,-32.24194],[-58.07722,-32.24148],[-58.07676,-32.24139],[-58.07657,-32.24194],[-58.07565,-32.24194],[-58.07593,-32.24222]]],[[[-58.07398,-32.24194],[-58.07398,-32.24241],[-58.07565,-32.24213],[-58.07565,-32.24204],[-58.07398,-32.24194]]],[[[-58.07398,-32.24241],[-58.0737,-32.2425],[-58.07324,-32.24333],[-58.07213,-32.24352],[-58.07213,-32.24435],[-58.07231,-32.24361],[-58.07306,-32.24426],[-58.07343,-32.24426],[-58.07333,-32.24343],[-58.07398,-32.24241]]],[[[-58.07139,-32.24352],[-58.07176,-32.24324],[-58.07222,-32.24343],[-58.07222,-32.24296],[-58.07148,-32.24315],[-58.07139,-32.24352]]],[[[-58.0688,-32.24241],[-58.0687,-32.24204],[-58.06907,-32.24185],[-58.0687,-32.24185],[-58.06843,-32.24222],[-58.0688,-32.24241]]],[[[-58.06787,-32.24176],[-58.06796,-32.24157],[-58.06759,-32.24157],[-58.06759,-32.24194],[-58.06796,-32.24204],[-58.06787,-32.24176]]],[[[-58.07454,-32.24148],[-58.07491,-32.24111],[-58.07426,-32.2412],[-58.07454,-32.24148]]],[[[-58.08083,-32.23815],[-58.08037,-32.23815],[-58.08019,-32.23787],[-58.08037,-32.23833],[-58.08074,-32.23843],[-58.08083,-32.23815]]],[[[-58.07713,-32.2388],[-58.07759,-32.23852],[-58.07722,-32.23769],[-58.07713,-32.23824],[-58.07741,-32.23852],[-58.07713,-32.2388]]],[[[-58.0788,-32.23583],[-58.07815,-32.23556],[-58.07806,-32.23583],[-58.07694,-32.23593],[-58.07685,-32.23657],[-58.07713,-32.23657],[-58.07722,-32.23602],[-58.07861,-32.23593],[-58.0788,-32.23657],[-58.07926,-32.23685],[-58.0788,-32.23583]]],[[[-58.08083,-32.2338],[-58.08009,-32.23361],[-58.07981,-32.23398],[-58.08,-32.23435],[-58.08037,-32.2337],[-58.08083,-32.2338]]],[[[-58.08389,-32.23185],[-58.08333,-32.23185],[-58.08361,-32.23148],[-58.08315,-32.23139],[-58.08278,-32.23231],[-58.08306,-32.23278],[-58.0825,-32.23296],[-58.08231,-32.23259],[-58.08204,-32.23306],[-58.08324,-32.23324],[-58.08315,-32.23194],[-58.08343,-32.23204],[-58.08333,-32.23241],[-58.08463,-32.2325],[-58.08491,-32.23287],[-58.08472,-32.23241],[-58.08398,-32.23222],[-58.08389,-32.23185]]],[[[-58.08491,-32.23315],[-58.08398,-32.23287],[-58.08407,-32.23352],[-58.08463,-32.23361],[-58.08491,-32.23324],[-58.085,-32.23407],[-58.08509,-32.23417],[-58.08528,-32.23417],[-58.085,-32.23287],[-58.08491,-32.23315]]],[[[-58.08574,-32.235],[-58.08556,-32.23426],[-58.08537,-32.23426],[-58.08546,-32.235],[-58.08574,-32.235]]],[[[-58.08611,-32.2363],[-58.0863,-32.23556],[-58.08574,-32.23509],[-58.08611,-32.2363]]],[[[-58.07944,-32.23139],[-58.07935,-32.23213],[-58.07981,-32.23241],[-58.07944,-32.23194],[-58.07954,-32.23148],[-58.08009,-32.23139],[-58.08056,-32.23194],[-58.08074,-32.23111],[-58.07944,-32.23139]]],[[[-58.0825,-32.22694],[-58.08269,-32.22741],[-58.08148,-32.22694],[-58.08157,-32.22722],[-58.08111,-32.22731],[-58.08102,-32.22769],[-58.08185,-32.22796],[-58.08194,-32.2275],[-58.08296,-32.22741],[-58.08315,-32.22667],[-58.08435,-32.2263],[-58.08296,-32.22639],[-58.08287,-32.2262],[-58.0825,-32.22694]]],[[[-58.0812,-32.22991],[-58.08056,-32.22963],[-58.08111,-32.22926],[-58.08046,-32.22796],[-58.08056,-32.22722],[-58.08046,-32.22704],[-58.08028,-32.22796],[-58.08056,-32.22889],[-58.07981,-32.23],[-58.0812,-32.22991]]],[[[-58.07722,-32.23481],[-58.07787,-32.23491],[-58.07806,-32.23426],[-58.07778,-32.23398],[-58.07824,-32.23361],[-58.07731,-32.2338],[-58.07694,-32.23343],[-58.07778,-32.23296],[-58.07759,-32.23222],[-58.07806,-32.23231],[-58.07787,-32.23269],[-58.07861,-32.23269],[-58.07796,-32.2312],[-58.07833,-32.23056],[-58.0788,-32.23056],[-58.07898,-32.23028],[-58.07731,-32.23056],[-58.07657,-32.23009],[-58.07648,-32.23046],[-58.07593,-32.23019],[-58.07519,-32.23065],[-58.07657,-32.23056],[-58.07685,-32.23102],[-58.07556,-32.23111],[-58.07519,-32.23167],[-58.07491,-32.23139],[-58.07426,-32.23139],[-58.07398,-32.23194],[-58.07361,-32.23194],[-58.07407,-32.23231],[-58.07426,-32.23167],[-58.07481,-32.23148],[-58.07481,-32.23296],[-58.07444,-32.23324],[-58.07481,-32.23333],[-58.07639,-32.23185],[-58.07769,-32.23167],[-58.07796,-32.23139],[-58.07815,-32.23213],[-58.0775,-32.23213],[-58.07713,-32.23287],[-58.07667,-32.23296],[-58.07667,-32.23259],[-58.07657,-32.23269],[-58.07611,-32.23259],[-58.07639,-32.23352],[-58.07713,-32.2337],[-58.0775,-32.23417],[-58.07731,-32.23454],[-58.07565,-32.23454],[-58.07583,-32.235],[-58.07519,-32.23491],[-58.07583,-32.23546],[-58.07574,-32.2363],[-58.07593,-32.23639],[-58.07667,-32.2363],[-58.07676,-32.23528],[-58.07722,-32.23481]],[[-58.07611,-32.2363],[-58.0762,-32.23574],[-58.07657,-32.23546],[-58.07639,-32.2363],[-58.07611,-32.2363]],[[-58.07611,-32.23157],[-58.0763,-32.23185],[-58.07537,-32.23148],[-58.07593,-32.23111],[-58.07713,-32.23111],[-58.07731,-32.23148],[-58.07611,-32.23157]]],[[[-58.07278,-32.23269],[-58.07278,-32.23324],[-58.07324,-32.23324],[-58.07324,-32.23296],[-58.0738,-32.23296],[-58.07417,-32.23259],[-58.07343,-32.23241],[-58.07361,-32.23204],[-58.07324,-32.23204],[-58.07333,-32.23278],[-58.07278,-32.23269]]],[[[-58.07509,-32.22963],[-58.07602,-32.23009],[-58.07639,-32.23009],[-58.07593,-32.22963],[-58.07509,-32.22963]]],[[[-58.07463,-32.23102],[-58.07509,-32.23056],[-58.07454,-32.23056],[-58.07444,-32.23028],[-58.07426,-32.23083],[-58.07463,-32.23102]]],[[[-58.08269,-32.15241],[-58.08352,-32.15241],[-58.0838,-32.15213],[-58.08287,-32.15213],[-58.08269,-32.15241]]],[[[-58.07315,-32.14204],[-58.07278,-32.14204],[-58.07287,-32.1425],[-58.07306,-32.14241],[-58.07315,-32.14204]]],[[[-58.07583,-32.13769],[-58.07546,-32.1375],[-58.07537,-32.13806],[-58.07556,-32.13806],[-58.07583,-32.13769]]],[[[-58.07278,-32.13722],[-58.07296,-32.13731],[-58.07361,-32.13648],[-58.07324,-32.13648],[-58.07278,-32.13722]]],[[[-58.07454,-32.13667],[-58.07444,-32.13694],[-58.07491,-32.13704],[-58.075,-32.13676],[-58.07454,-32.13667]]],[[[-58.07454,-32.13602],[-58.07519,-32.13602],[-58.07519,-32.13593],[-58.07454,-32.13565],[-58.07454,-32.13602]]],[[[-58.07204,-32.1363],[-58.07389,-32.13583],[-58.0738,-32.13546],[-58.07278,-32.13537],[-58.07407,-32.13509],[-58.07417,-32.13444],[-58.075,-32.13481],[-58.07528,-32.13546],[-58.07583,-32.13546],[-58.07574,-32.135],[-58.07611,-32.13481],[-58.0763,-32.13407],[-58.07602,-32.1338],[-58.07444,-32.13398],[-58.07407,-32.13444],[-58.07324,-32.13407],[-58.07296,-32.13463],[-58.07241,-32.13463],[-58.07231,-32.13435],[-58.07083,-32.13435],[-58.07028,-32.13389],[-58.06963,-32.13389],[-58.06981,-32.13435],[-58.06907,-32.13417],[-58.06806,-32.13444],[-58.06907,-32.13444],[-58.06898,-32.13491],[-58.06963,-32.13463],[-58.06944,-32.13537],[-58.06861,-32.13556],[-58.06954,-32.13574],[-58.06991,-32.13537],[-58.07028,-32.13602],[-58.07037,-32.13546],[-58.07093,-32.13528],[-58.07111,-32.13556],[-58.0713,-32.13546],[-58.07102,-32.135],[-58.07037,-32.13519],[-58.07009,-32.13407],[-58.07083,-32.13472],[-58.0712,-32.13444],[-58.0725,-32.13481],[-58.07361,-32.13463],[-58.07343,-32.135],[-58.07287,-32.13491],[-58.0725,-32.13593],[-58.07148,-32.13565],[-58.07213,-32.13583],[-58.07204,-32.1363]],[[-58.07444,-32.13435],[-58.07583,-32.13398],[-58.07565,-32.13472],[-58.07444,-32.13435]]],[[[-58.07769,-32.13407],[-58.07704,-32.13398],[-58.07704,-32.13435],[-58.07769,-32.13407]]],[[[-58.07231,-32.13426],[-58.07278,-32.13417],[-58.07278,-32.13343],[-58.07222,-32.13398],[-58.07231,-32.13426]]],[[[-58.06435,-32.13278],[-58.06389,-32.13278],[-58.06398,-32.13333],[-58.06435,-32.13324],[-58.06435,-32.13278]]],[[[-58.07074,-32.13278],[-58.06981,-32.13213],[-58.07083,-32.13324],[-58.07074,-32.13278]]],[[[-58.07037,-32.13352],[-58.06972,-32.13324],[-58.06981,-32.13361],[-58.07037,-32.13352]]],[[[-58.06944,-32.13213],[-58.06917,-32.13231],[-58.06926,-32.13287],[-58.06935,-32.13287],[-58.06944,-32.13213]]],[[[-58.06676,-32.13287],[-58.06759,-32.13306],[-58.06778,-32.13259],[-58.0675,-32.13231],[-58.06657,-32.1325],[-58.06676,-32.13287]]],[[[-58.06556,-32.13269],[-58.06454,-32.1325],[-58.06444,-32.13278],[-58.06556,-32.13269]]],[[[-58.07944,-32.13176],[-58.0787,-32.13176],[-58.07861,-32.13213],[-58.07935,-32.13213],[-58.07944,-32.13176]]],[[[-58.07269,-32.13037],[-58.07194,-32.12991],[-58.07167,-32.13019],[-58.07194,-32.13056],[-58.07296,-32.13065],[-58.07269,-32.13111],[-58.07278,-32.1313],[-58.07315,-32.13102],[-58.07287,-32.13037],[-58.07315,-32.13028],[-58.07324,-32.13019],[-58.07324,-32.13],[-58.07269,-32.13037]]],[[[-58.07204,-32.1312],[-58.07222,-32.13139],[-58.07269,-32.13139],[-58.07231,-32.13111],[-58.07204,-32.1312]]],[[[-58.07176,-32.13111],[-58.07111,-32.13185],[-58.07194,-32.13204],[-58.07148,-32.13185],[-58.07176,-32.13111]]],[[[-58.0737,-32.13139],[-58.07315,-32.1312],[-58.07324,-32.13167],[-58.07361,-32.13176],[-58.07352,-32.13213],[-58.07287,-32.13185],[-58.07269,-32.13231],[-58.07231,-32.13241],[-58.07204,-32.13204],[-58.07194,-32.13231],[-58.07241,-32.13259],[-58.07287,-32.13222],[-58.0738,-32.13213],[-58.07407,-32.1325],[-58.07509,-32.1325],[-58.075,-32.13306],[-58.07537,-32.13306],[-58.07593,-32.13269],[-58.07593,-32.13231],[-58.075,-32.13231],[-58.07481,-32.13194],[-58.07463,-32.13231],[-58.07407,-32.13231],[-58.0737,-32.13139]]],[[[-58.0713,-32.13102],[-58.07176,-32.13065],[-58.07093,-32.13065],[-58.07093,-32.13093],[-58.0713,-32.13102]]],[[[-58.0788,-32.12824],[-58.0787,-32.1288],[-58.07796,-32.12824],[-58.07787,-32.12741],[-58.07694,-32.12759],[-58.07593,-32.12713],[-58.07657,-32.12694],[-58.07574,-32.12694],[-58.07593,-32.12731],[-58.07694,-32.12778],[-58.07769,-32.12759],[-58.07787,-32.12833],[-58.0787,-32.12898],[-58.07917,-32.1288],[-58.07898,-32.12824],[-58.08074,-32.1287],[-58.0812,-32.12815],[-58.08,-32.12787],[-58.07991,-32.12824],[-58.07917,-32.12806],[-58.0788,-32.12824]]],[[[-58.07509,-32.12704],[-58.07472,-32.12648],[-58.07472,-32.12694],[-58.07435,-32.12685],[-58.07417,-32.12694],[-58.07509,-32.12704]]],[[[-58.07417,-32.12667],[-58.07361,-32.12657],[-58.0737,-32.1262],[-58.07333,-32.1263],[-58.07361,-32.12676],[-58.07417,-32.12667]]],[[[-58.06898,-32.12648],[-58.06907,-32.1262],[-58.0687,-32.12602],[-58.06861,-32.12639],[-58.06898,-32.12648]]],[[[-58.06954,-32.12676],[-58.06935,-32.12639],[-58.06907,-32.12639],[-58.06926,-32.12704],[-58.06954,-32.12676]]],[[[-58.07278,-32.12593],[-58.07278,-32.12648],[-58.07324,-32.1263],[-58.07269,-32.12556],[-58.07241,-32.12565],[-58.07278,-32.12593]]],[[[-58.07046,-32.12565],[-58.07046,-32.12648],[-58.06991,-32.12639],[-58.07,-32.12676],[-58.07139,-32.12676],[-58.07167,-32.12593],[-58.07222,-32.12574],[-58.07185,-32.12509],[-58.07139,-32.12481],[-58.07046,-32.12565]],[[-58.07148,-32.12565],[-58.0713,-32.12667],[-58.07065,-32.12639],[-58.07065,-32.12565],[-58.0712,-32.125],[-58.07185,-32.12537],[-58.07148,-32.12565]]],[[[-58.06417,-32.12463],[-58.0637,-32.12435],[-58.06343,-32.125],[-58.06389,-32.125],[-58.06417,-32.12463]]],[[[-58.07981,-32.12407],[-58.08009,-32.1238],[-58.08046,-32.12398],[-58.08083,-32.12389],[-58.08,-32.12361],[-58.07981,-32.12407]]],[[[-58.07972,-32.12315],[-58.08167,-32.12333],[-58.08167,-32.12324],[-58.08213,-32.12315],[-58.08213,-32.12306],[-58.07972,-32.12315]]],[[[-58.06574,-32.11944],[-58.06602,-32.11963],[-58.06611,-32.11917],[-58.06593,-32.11917],[-58.06574,-32.11944]]],[[[-58.06472,-32.12009],[-58.06481,-32.12028],[-58.06546,-32.12009],[-58.06546,-32.12037],[-58.06574,-32.12037],[-58.06546,-32.11981],[-58.06472,-32.12009]]],[[[-58.07028,-32.12528],[-58.07065,-32.12519],[-58.07056,-32.12481],[-58.07019,-32.12481],[-58.07009,-32.12519],[-58.07009,-32.12444],[-58.06889,-32.1238],[-58.06898,-32.12352],[-58.06944,-32.12389],[-58.07,-32.1238],[-58.06907,-32.12306],[-58.06935,-32.12259],[-58.06852,-32.1225],[-58.06815,-32.12213],[-58.06806,-32.1225],[-58.06731,-32.12222],[-58.06824,-32.12287],[-58.06787,-32.12315],[-58.06769,-32.1238],[-58.06694,-32.1238],[-58.06713,-32.12343],[-58.06657,-32.12259],[-58.06593,-32.1225],[-58.06537,-32.12287],[-58.06565,-32.12324],[-58.06565,-32.12278],[-58.06685,-32.12315],[-58.06611,-32.12389],[-58.06537,-32.12389],[-58.06546,-32.12343],[-58.06472,-32.12315],[-58.06481,-32.12361],[-58.06519,-32.12352],[-58.06537,-32.12463],[-58.06657,-32.12426],[-58.06713,-32.12481],[-58.06694,-32.12546],[-58.06722,-32.12565],[-58.06935,-32.12556],[-58.06963,-32.12528],[-58.06963,-32.12602],[-58.07,-32.12611],[-58.07028,-32.12528]],[[-58.06944,-32.12528],[-58.06889,-32.12528],[-58.06898,-32.12481],[-58.06935,-32.12481],[-58.06944,-32.12528]],[[-58.06787,-32.1237],[-58.07,-32.12454],[-58.06991,-32.12583],[-58.06944,-32.12472],[-58.0688,-32.12472],[-58.06843,-32.12509],[-58.06852,-32.12546],[-58.06815,-32.12546],[-58.06796,-32.12509],[-58.06824,-32.12481],[-58.06778,-32.12463],[-58.06759,-32.12546],[-58.06713,-32.12546],[-58.06741,-32.12454],[-58.06676,-32.12444],[-58.06676,-32.12417],[-58.06731,-32.12398],[-58.06769,-32.12435],[-58.06806,-32.12407],[-58.06787,-32.1237]]],[[[-58.06398,-32.12093],[-58.06435,-32.12157],[-58.06472,-32.12037],[-58.06426,-32.12046],[-58.06435,-32.12093],[-58.06398,-32.12065],[-58.0637,-32.12083],[-58.06343,-32.12185],[-58.06398,-32.12093]]],[[[-58.06343,-32.12185],[-58.06306,-32.12259],[-58.06333,-32.12269],[-58.06343,-32.12185]]],[[[-58.06352,-32.12389],[-58.06389,-32.12426],[-58.0638,-32.1237],[-58.06426,-32.12315],[-58.06407,-32.12259],[-58.06333,-32.12269],[-58.06389,-32.12306],[-58.0638,-32.12333],[-58.06306,-32.12315],[-58.06361,-32.12352],[-58.06352,-32.12389]]],[[[-58.06259,-32.12269],[-58.06306,-32.12315],[-58.06259,-32.12148],[-58.06259,-32.12269]]],[[[-58.07574,-32.12037],[-58.07611,-32.12074],[-58.07685,-32.12074],[-58.07713,-32.1212],[-58.07694,-32.12065],[-58.07574,-32.12037]]],[[[-58.06676,-32.12037],[-58.06667,-32.12056],[-58.06731,-32.1213],[-58.06722,-32.12083],[-58.06676,-32.12037]]],[[[-58.06833,-32.11843],[-58.06833,-32.11898],[-58.0688,-32.11907],[-58.0688,-32.1187],[-58.06833,-32.11843]]],[[[-58.06815,-32.11843],[-58.06787,-32.11815],[-58.06759,-32.11815],[-58.06778,-32.11852],[-58.06815,-32.11843]]],[[[-58.06519,-32.11593],[-58.06435,-32.11565],[-58.06519,-32.11685],[-58.06519,-32.11593]]],[[[-58.06546,-32.11806],[-58.06574,-32.11759],[-58.06546,-32.11722],[-58.06546,-32.11806]]],[[[-58.08324,-32.11611],[-58.08306,-32.11583],[-58.08231,-32.11574],[-58.08269,-32.1163],[-58.08324,-32.11611]]],[[[-58.07898,-32.11435],[-58.07981,-32.11537],[-58.08074,-32.11519],[-58.07917,-32.11407],[-58.07898,-32.11435]]],[[[-58.07787,-32.11167],[-58.07759,-32.11157],[-58.07722,-32.11185],[-58.07769,-32.11204],[-58.07787,-32.11167]]],[[[-58.08065,-32.10731],[-58.08028,-32.10685],[-58.08037,-32.1062],[-58.08046,-32.10657],[-58.08083,-32.10657],[-58.08167,-32.10574],[-58.08167,-32.10537],[-58.08306,-32.10491],[-58.0825,-32.10463],[-58.0825,-32.10398],[-58.08333,-32.1038],[-58.08315,-32.10278],[-58.08231,-32.10296],[-58.08194,-32.10259],[-58.08176,-32.10287],[-58.08185,-32.10222],[-58.08111,-32.10241],[-58.08074,-32.10185],[-58.07981,-32.10222],[-58.07954,-32.10167],[-58.07917,-32.10194],[-58.07815,-32.10167],[-58.07796,-32.10111],[-58.07639,-32.1013],[-58.07639,-32.10065],[-58.07593,-32.10102],[-58.07537,-32.10046],[-58.07472,-32.10046],[-58.07398,-32.1],[-58.07324,-32.10028],[-58.07315,-32.1],[-58.07269,-32.10028],[-58.07222,-32.1],[-58.07231,-32.10167],[-58.07343,-32.10157],[-58.0737,-32.10111],[-58.07509,-32.10074],[-58.07611,-32.10148],[-58.07731,-32.1013],[-58.07759,-32.10194],[-58.07796,-32.10176],[-58.07963,-32.1025],[-58.07954,-32.10306],[-58.07907,-32.10324],[-58.08074,-32.10343],[-58.08102,-32.10426],[-58.08046,-32.105],[-58.08065,-32.10537],[-58.0813,-32.10528],[-58.0813,-32.10574],[-58.08056,-32.10546],[-58.08,-32.1062],[-58.08,-32.10685],[-58.08102,-32.10787],[-58.08093,-32.10833],[-58.07981,-32.10852],[-58.07963,-32.10815],[-58.07991,-32.10815],[-58.07991,-32.10769],[-58.0787,-32.1075],[-58.07898,-32.10787],[-58.07944,-32.10769],[-58.07954,-32.10815],[-58.0787,-32.10806],[-58.07833,-32.10852],[-58.07741,-32.10843],[-58.07556,-32.10926],[-58.07593,-32.10954],[-58.07593,-32.11],[-58.07546,-32.11019],[-58.07546,-32.11083],[-58.07657,-32.1112],[-58.07565,-32.11324],[-58.07685,-32.1138],[-58.07694,-32.11519],[-58.0763,-32.11528],[-58.07565,-32.11435],[-58.07574,-32.11398],[-58.07491,-32.11352],[-58.07426,-32.11389],[-58.07417,-32.11259],[-58.07389,-32.11278],[-58.0738,-32.1137],[-58.07306,-32.1138],[-58.07296,-32.11343],[-58.07213,-32.11324],[-58.07185,-32.11361],[-58.07083,-32.11361],[-58.07046,-32.11213],[-58.06954,-32.11185],[-58.06991,-32.11167],[-58.06981,-32.11093],[-58.06944,-32.11074],[-58.06972,-32.11009],[-58.06889,-32.11009],[-58.06824,-32.10944],[-58.06787,-32.10963],[-58.06759,-32.10907],[-58.06704,-32.10917],[-58.06685,-32.10852],[-58.0663,-32.10861],[-58.06611,-32.10806],[-58.06694,-32.10787],[-58.06611,-32.1075],[-58.06574,-32.10648],[-58.06481,-32.10704],[-58.06389,-32.1063],[-58.06426,-32.10574],[-58.06407,-32.10546],[-58.0638,-32.10574],[-58.06296,-32.10574],[-58.06241,-32.10519],[-58.06269,-32.10491],[-58.06389,-32.10528],[-58.06389,-32.10491],[-58.06259,-32.10407],[-58.06278,-32.1037],[-58.06167,-32.10315],[-58.06083,-32.10148],[-58.06037,-32.1013],[-58.06019,-32.10046],[-58.05981,-32.10028],[-58.05954,-32.10074],[-58.05926,-32.1],[-58.05815,-32.1],[-58.05833,-32.10037],[-58.05815,-32.10056],[-58.05778,-32.1],[-58.05741,-32.1],[-58.05731,-32.10046],[-58.05806,-32.10056],[-58.05806,-32.10102],[-58.05852,-32.1012],[-58.0587,-32.1025],[-58.05935,-32.10231],[-58.05972,-32.10306],[-58.06009,-32.10269],[-58.06093,-32.10306],[-58.0612,-32.10361],[-58.0625,-32.10444],[-58.06167,-32.10491],[-58.06454,-32.10694],[-58.06454,-32.10787],[-58.06602,-32.10815],[-58.06537,-32.10935],[-58.06713,-32.10944],[-58.0675,-32.10917],[-58.06778,-32.10981],[-58.06852,-32.10981],[-58.06796,-32.11009],[-58.06796,-32.11056],[-58.06843,-32.11102],[-58.06935,-32.11065],[-58.06963,-32.11111],[-58.06935,-32.11157],[-58.06963,-32.11269],[-58.06898,-32.11315],[-58.06907,-32.11352],[-58.06944,-32.1138],[-58.06944,-32.11315],[-58.07,-32.11324],[-58.07,-32.11269],[-58.07037,-32.11287],[-58.07019,-32.11324],[-58.07056,-32.11352],[-58.07074,-32.11435],[-58.07009,-32.11463],[-58.07093,-32.11546],[-58.07102,-32.11454],[-58.07185,-32.11426],[-58.0725,-32.11565],[-58.07231,-32.11611],[-58.07324,-32.11704],[-58.07306,-32.11731],[-58.07269,-32.11694],[-58.07259,-32.11713],[-58.07287,-32.11759],[-58.07361,-32.11731],[-58.07361,-32.11796],[-58.07389,-32.1175],[-58.07481,-32.11731],[-58.07472,-32.11685],[-58.0737,-32.11685],[-58.0737,-32.11648],[-58.07528,-32.11574],[-58.07556,-32.11602],[-58.07667,-32.11583],[-58.07676,-32.11657],[-58.0762,-32.11657],[-58.07546,-32.11713],[-58.07537,-32.11769],[-58.07583,-32.11815],[-58.0788,-32.11824],[-58.07926,-32.1187],[-58.08046,-32.1188],[-58.08056,-32.11806],[-58.08019,-32.1175],[-58.07981,-32.11815],[-58.07972,-32.11787],[-58.07889,-32.11796],[-58.07806,-32.11713],[-58.07759,-32.1175],[-58.07713,-32.11741],[-58.07713,-32.11694],[-58.07759,-32.11648],[-58.07796,-32.11676],[-58.0787,-32.11583],[-58.07926,-32.11639],[-58.07972,-32.11583],[-58.08074,-32.11602],[-58.08083,-32.11769],[-58.08167,-32.11852],[-58.08148,-32.11917],[-58.08194,-32.11824],[-58.08315,-32.11769],[-58.08296,-32.11704],[-58.0825,-32.11704],[-58.08185,-32.11731],[-58.08185,-32.11815],[-58.0813,-32.11796],[-58.0812,-32.11694],[-58.08148,-32.11731],[-58.08176,-32.11713],[-58.08157,-32.1163],[-58.0812,-32.11648],[-58.08083,-32.11593],[-58.08,-32.11556],[-58.07898,-32.11556],[-58.07889,-32.11481],[-58.07852,-32.11481],[-58.07852,-32.11546],[-58.07815,-32.11556],[-58.07815,-32.11454],[-58.0788,-32.11398],[-58.07815,-32.1138],[-58.07824,-32.11315],[-58.07778,-32.11324],[-58.07769,-32.11241],[-58.07639,-32.1125],[-58.07639,-32.11176],[-58.07704,-32.11139],[-58.07648,-32.11083],[-58.07694,-32.11074],[-58.07676,-32.11],[-58.07731,-32.10991],[-58.07704,-32.10944],[-58.07741,-32.10963],[-58.07787,-32.10917],[-58.07824,-32.10926],[-58.07843,-32.1087],[-58.07889,-32.10935],[-58.07935,-32.10944],[-58.08,-32.10935],[-58.07972,-32.1087],[-58.08028,-32.1088],[-58.08056,-32.10926],[-58.0812,-32.10898],[-58.0812,-32.10954],[-58.0813,-32.10898],[-58.08176,-32.10898],[-58.08167,-32.10972],[-58.08083,-32.11009],[-58.08185,-32.11065],[-58.08167,-32.11167],[-58.0812,-32.11157],[-58.08093,-32.11222],[-58.08157,-32.11222],[-58.08222,-32.11315],[-58.08231,-32.11407],[-58.08296,-32.11481],[-58.08398,-32.11528],[-58.08519,-32.11509],[-58.08463,-32.11472],[-58.08398,-32.11509],[-58.08296,-32.11463],[-58.08278,-32.11426],[-58.08343,-32.11398],[-58.08259,-32.11389],[-58.08259,-32.11324],[-58.08176,-32.11241],[-58.08194,-32.11167],[-58.08241,-32.11157],[-58.08194,-32.1113],[-58.08231,-32.11074],[-58.08204,-32.11056],[-58.08204,-32.10889],[-58.08296,-32.10898],[-58.08306,-32.10991],[-58.08361,-32.11056],[-58.08343,-32.11139],[-58.08556,-32.11324],[-58.08639,-32.11259],[-58.08722,-32.11241],[-58.08676,-32.11176],[-58.08713,-32.11176],[-58.08722,-32.1112],[-58.08769,-32.11093],[-58.08759,-32.11241],[-58.08787,-32.11324],[-58.08796,-32.11074],[-58.08676,-32.11111],[-58.08648,-32.11167],[-58.08593,-32.11139],[-58.08565,-32.11185],[-58.08537,-32.11139],[-58.08546,-32.11028],[-58.08648,-32.11009],[-58.08546,-32.10972],[-58.085,-32.11],[-58.08509,-32.10954],[-58.0838,-32.10815],[-58.08352,-32.10861],[-58.08278,-32.10852],[-58.08324,-32.10787],[-58.0825,-32.10759],[-58.08148,-32.10778],[-58.0813,-32.10741],[-58.08065,-32.10731]],[[-58.08185,-32.10778],[-58.08204,-32.10833],[-58.0812,-32.10852],[-58.0812,-32.10815],[-58.08185,-32.10778]],[[-58.08176,-32.10444],[-58.08185,-32.105],[-58.08083,-32.10491],[-58.08093,-32.10472],[-58.08176,-32.10444]],[[-58.06481,-32.10713],[-58.06519,-32.10722],[-58.06546,-32.10769],[-58.06481,-32.10769],[-58.06481,-32.10713]],[[-58.06843,-32.11074],[-58.06815,-32.11037],[-58.06889,-32.11019],[-58.06926,-32.11037],[-58.06889,-32.11074],[-58.06843,-32.11074]],[[-58.08435,-32.11093],[-58.08472,-32.11093],[-58.085,-32.1113],[-58.08426,-32.1113],[-58.08435,-32.11093]],[[-58.07796,-32.11528],[-58.07731,-32.11565],[-58.07713,-32.11519],[-58.07722,-32.11417],[-58.0775,-32.11352],[-58.07796,-32.11352],[-58.07815,-32.11407],[-58.07796,-32.11528]],[[-58.07352,-32.11657],[-58.07296,-32.11602],[-58.07343,-32.11556],[-58.07407,-32.11593],[-58.07352,-32.11657]],[[-58.07722,-32.11815],[-58.07593,-32.11806],[-58.07574,-32.11731],[-58.07685,-32.11694],[-58.07722,-32.11815]],[[-58.08278,-32.1175],[-58.08204,-32.11787],[-58.08204,-32.11741],[-58.08269,-32.11722],[-58.08278,-32.1175]],[[-58.07926,-32.11852],[-58.07889,-32.11815],[-58.07963,-32.11806],[-58.07981,-32.11852],[-58.07926,-32.11852]]],[[[-58.0862,-32.10944],[-58.08676,-32.11037],[-58.08741,-32.11028],[-58.08759,-32.11065],[-58.08796,-32.11065],[-58.08759,-32.11037],[-58.08759,-32.11009],[-58.08806,-32.11037],[-58.08796,-32.10991],[-58.0875,-32.10991],[-58.08759,-32.10907],[-58.08824,-32.10935],[-58.08824,-32.10852],[-58.08778,-32.1088],[-58.08787,-32.10843],[-58.08731,-32.10861],[-58.08657,-32.10796],[-58.08519,-32.10815],[-58.08602,-32.1087],[-58.0862,-32.10944]],[[-58.0875,-32.10917],[-58.08722,-32.11019],[-58.08676,-32.11019],[-58.08685,-32.10981],[-58.0863,-32.10935],[-58.0863,-32.10861],[-58.08565,-32.10815],[-58.08657,-32.10815],[-58.0875,-32.10917]]],[[[-58.08491,-32.10907],[-58.08519,-32.10852],[-58.08519,-32.10824],[-58.08463,-32.10861],[-58.08491,-32.10907]]],[[[-58.08593,-32.11426],[-58.08657,-32.11491],[-58.08769,-32.11444],[-58.08796,-32.11389],[-58.08778,-32.11324],[-58.08769,-32.11407],[-58.08676,-32.11435],[-58.08556,-32.11398],[-58.08574,-32.11435],[-58.08528,-32.11463],[-58.08519,-32.115],[-58.08593,-32.11463],[-58.08593,-32.11426]]],[[[-58.0862,-32.12037],[-58.08593,-32.12019],[-58.08593,-32.12074],[-58.08519,-32.12083],[-58.08519,-32.1213],[-58.085,-32.12046],[-58.08333,-32.12056],[-58.08296,-32.12093],[-58.08259,-32.12046],[-58.08148,-32.12167],[-58.08093,-32.12139],[-58.08093,-32.12083],[-58.08194,-32.12046],[-58.08167,-32.12019],[-58.08139,-32.12019],[-58.08139,-32.12065],[-58.08102,-32.12046],[-58.08139,-32.12009],[-58.08148,-32.11972],[-58.08139,-32.11917],[-58.0813,-32.11981],[-58.08083,-32.12028],[-58.08083,-32.12148],[-58.0812,-32.12185],[-58.08213,-32.12185],[-58.08269,-32.12083],[-58.08278,-32.1212],[-58.08343,-32.1212],[-58.08324,-32.12185],[-58.08361,-32.12213],[-58.08389,-32.12139],[-58.08361,-32.12083],[-58.08463,-32.12056],[-58.08491,-32.12083],[-58.08444,-32.12093],[-58.08454,-32.1213],[-58.08407,-32.12167],[-58.08491,-32.12185],[-58.08556,-32.12139],[-58.08556,-32.12093],[-58.0863,-32.1212],[-58.08667,-32.12083],[-58.08704,-32.11991],[-58.08796,-32.11972],[-58.08815,-32.11861],[-58.08861,-32.11917],[-58.08907,-32.11843],[-58.08787,-32.11843],[-58.08769,-32.11815],[-58.08731,-32.11824],[-58.08722,-32.11787],[-58.08787,-32.11769],[-58.08815,-32.11815],[-58.08852,-32.11815],[-58.08861,-32.1175],[-58.08907,-32.11759],[-58.08889,-32.11685],[-58.08861,-32.11685],[-58.08852,-32.11731],[-58.08796,-32.11685],[-58.08759,-32.11694],[-58.08704,-32.1163],[-58.08704,-32.11574],[-58.08741,-32.11546],[-58.08694,-32.11556],[-58.08685,-32.11593],[-58.08593,-32.11602],[-58.08639,-32.11509],[-58.085,-32.1162],[-58.085,-32.11657],[-58.08546,-32.11667],[-58.08593,-32.11731],[-58.08639,-32.11731],[-58.08648,-32.11676],[-58.08741,-32.11676],[-58.08759,-32.1175],[-58.08639,-32.11796],[-58.08713,-32.11815],[-58.08657,-32.11843],[-58.08704,-32.11861],[-58.08704,-32.11917],[-58.0875,-32.11861],[-58.08787,-32.11861],[-58.08796,-32.11944],[-58.08648,-32.11944],[-58.08657,-32.12074],[-58.08602,-32.12074],[-58.0862,-32.12037]],[[-58.08565,-32.11667],[-58.08602,-32.11667],[-58.08648,-32.11611],[-58.08676,-32.1163],[-58.0863,-32.11694],[-58.08565,-32.11667]]],[[[-58.08907,-32.11954],[-58.08907,-32.11991],[-58.08861,-32.12],[-58.08889,-32.12074],[-58.08963,-32.12],[-58.08963,-32.11963],[-58.08917,-32.11954],[-58.08917,-32.11861],[-58.0888,-32.11954],[-58.08852,-32.11917],[-58.08824,-32.11926],[-58.08861,-32.11972],[-58.08907,-32.11954]]],[[[-58.08528,-32.12324],[-58.08639,-32.12361],[-58.08713,-32.1225],[-58.08796,-32.12231],[-58.08722,-32.12204],[-58.0862,-32.12287],[-58.08537,-32.12213],[-58.08556,-32.12185],[-58.08537,-32.12157],[-58.08537,-32.12185],[-58.08491,-32.12185],[-58.08491,-32.12222],[-58.08454,-32.12231],[-58.08528,-32.12278],[-58.08528,-32.12324]]],[[[-58.07546,-32.11704],[-58.07491,-32.11704],[-58.07509,-32.1175],[-58.07537,-32.11741],[-58.07546,-32.11704]]],[[[-58.07148,-32.11574],[-58.07259,-32.11694],[-58.07241,-32.11639],[-58.07148,-32.11574]]],[[[-58.06769,-32.11111],[-58.06759,-32.11028],[-58.06731,-32.11046],[-58.06759,-32.11065],[-58.06759,-32.11139],[-58.06685,-32.11194],[-58.06722,-32.11213],[-58.06731,-32.11176],[-58.06769,-32.11194],[-58.06778,-32.11167],[-58.06843,-32.11185],[-58.06769,-32.11111]]],[[[-58.06731,-32.11213],[-58.06852,-32.1125],[-58.0687,-32.11194],[-58.06843,-32.11185],[-58.06852,-32.11231],[-58.06731,-32.11213]]],[[[-58.08287,-32.11093],[-58.0825,-32.11093],[-58.08241,-32.1113],[-58.08269,-32.11139],[-58.08287,-32.11093]]],[[[-58.07824,-32.11046],[-58.07731,-32.11028],[-58.07731,-32.11056],[-58.07824,-32.11046]]],[[[-58.08287,-32.10602],[-58.08324,-32.10657],[-58.08361,-32.1063],[-58.08361,-32.10565],[-58.08287,-32.10602]]],[[[-58.08426,-32.10546],[-58.08389,-32.10509],[-58.08398,-32.10574],[-58.08426,-32.10546]]],[[[-58.0838,-32.10306],[-58.08361,-32.10315],[-58.08361,-32.1038],[-58.08389,-32.1037],[-58.0838,-32.10306]]],[[[-58.07861,-32.10324],[-58.0787,-32.10259],[-58.07806,-32.10231],[-58.07815,-32.10324],[-58.07861,-32.10324]]],[[[-58.08176,-32.10028],[-58.08241,-32.10019],[-58.08241,-32.1],[-58.08148,-32.1],[-58.08176,-32.10028]]],[[[-58.03796,-32.27176],[-58.03806,-32.27231],[-58.03824,-32.2725],[-58.03824,-32.27176],[-58.03796,-32.27176]]],[[[-58.03676,-32.27056],[-58.03722,-32.2713],[-58.0362,-32.27185],[-58.03759,-32.27222],[-58.03769,-32.27148],[-58.03741,-32.2712],[-58.03778,-32.27102],[-58.03778,-32.27065],[-58.03676,-32.27056]]],[[[-58.03648,-32.26574],[-58.03713,-32.26546],[-58.03694,-32.26509],[-58.03657,-32.26509],[-58.03648,-32.26574]]],[[[-58.04407,-32.25806],[-58.04426,-32.25778],[-58.0437,-32.25787],[-58.04389,-32.25824],[-58.04343,-32.25833],[-58.04324,-32.2588],[-58.04343,-32.25852],[-58.04435,-32.25852],[-58.04407,-32.25806]]],[[[-58.04259,-32.2588],[-58.0425,-32.25843],[-58.04213,-32.25861],[-58.04222,-32.25926],[-58.04231,-32.2587],[-58.04324,-32.25907],[-58.04324,-32.2588],[-58.04259,-32.2588]]],[[[-58.04213,-32.26056],[-58.04231,-32.26009],[-58.04231,-32.25954],[-58.04213,-32.25972],[-58.04213,-32.26056]]],[[[-58.04204,-32.26056],[-58.0413,-32.26167],[-58.04093,-32.26148],[-58.04093,-32.26185],[-58.0413,-32.26194],[-58.04194,-32.26185],[-58.04167,-32.26139],[-58.04213,-32.26157],[-58.04204,-32.26056]]],[[[-58.04213,-32.26435],[-58.04287,-32.26352],[-58.04278,-32.2625],[-58.04231,-32.26185],[-58.04269,-32.26259],[-58.04241,-32.2638],[-58.04093,-32.26444],[-58.04037,-32.26519],[-58.04083,-32.26565],[-58.0413,-32.26556],[-58.0413,-32.26565],[-58.04148,-32.26583],[-58.04157,-32.26583],[-58.04157,-32.26444],[-58.04213,-32.26435]]],[[[-58.03991,-32.26528],[-58.04074,-32.26593],[-58.04028,-32.26639],[-58.0413,-32.2662],[-58.04037,-32.26519],[-58.03991,-32.26528]]],[[[-58.0412,-32.26704],[-58.04074,-32.26667],[-58.03954,-32.26639],[-58.03935,-32.26593],[-58.0387,-32.26593],[-58.03843,-32.26537],[-58.03889,-32.26519],[-58.03806,-32.26519],[-58.03769,-32.26481],[-58.03741,-32.265],[-58.03759,-32.26556],[-58.03833,-32.26528],[-58.03833,-32.26583],[-58.03787,-32.2662],[-58.03806,-32.26741],[-58.03833,-32.2675],[-58.03806,-32.26796],[-58.0388,-32.26787],[-58.0388,-32.26731],[-58.03907,-32.26731],[-58.04028,-32.26815],[-58.03972,-32.2687],[-58.03991,-32.26935],[-58.03944,-32.26944],[-58.03889,-32.27037],[-58.03981,-32.27102],[-58.03944,-32.27037],[-58.03991,-32.27028],[-58.03991,-32.27019],[-58.03926,-32.27009],[-58.04009,-32.26917],[-58.04019,-32.26963],[-58.04074,-32.27],[-58.04037,-32.26963],[-58.04074,-32.26917],[-58.04065,-32.26833],[-58.04019,-32.2675],[-58.03981,-32.26778],[-58.03917,-32.26713],[-58.03917,-32.26676],[-58.03954,-32.26704],[-58.04009,-32.26685],[-58.04028,-32.26722],[-58.04111,-32.26704],[-58.04102,-32.26796],[-58.04074,-32.26815],[-58.04111,-32.26843],[-58.04102,-32.2688],[-58.04148,-32.26778],[-58.0412,-32.26704]]],[[[-58.03972,-32.27102],[-58.03898,-32.27102],[-58.03917,-32.27083],[-58.0388,-32.27083],[-58.0388,-32.27056],[-58.03796,-32.27093],[-58.03833,-32.2713],[-58.03843,-32.27093],[-58.03889,-32.2713],[-58.03972,-32.27102]]],[[[-58.0413,-32.26065],[-58.04056,-32.26139],[-58.04056,-32.26157],[-58.04093,-32.26148],[-58.0413,-32.26065]]],[[[-58.04019,-32.26204],[-58.03991,-32.26194],[-58.03935,-32.26222],[-58.03861,-32.26306],[-58.03907,-32.26296],[-58.03917,-32.26343],[-58.03935,-32.26343],[-58.03926,-32.26259],[-58.04019,-32.26204]]],[[[-58.04194,-32.26324],[-58.04157,-32.26259],[-58.0412,-32.26259],[-58.04102,-32.26222],[-58.04046,-32.26222],[-58.04083,-32.26231],[-58.04093,-32.26269],[-58.04065,-32.26278],[-58.04111,-32.26296],[-58.04056,-32.26343],[-58.04019,-32.26306],[-58.04009,-32.26352],[-58.04139,-32.26361],[-58.04194,-32.26324]]],[[[-58.03954,-32.26185],[-58.04009,-32.26148],[-58.03981,-32.2612],[-58.03954,-32.26185]]],[[[-58.04657,-32.2613],[-58.0463,-32.26019],[-58.0462,-32.26019],[-58.04593,-32.26037],[-58.04593,-32.26102],[-58.04657,-32.2613]]],[[[-58.03944,-32.25769],[-58.03907,-32.25833],[-58.03963,-32.25806],[-58.03972,-32.25843],[-58.03991,-32.25778],[-58.03944,-32.25769]]],[[[-58.04,-32.26056],[-58.04,-32.25944],[-58.03944,-32.25954],[-58.03935,-32.25991],[-58.03926,-32.25944],[-58.03907,-32.25954],[-58.04,-32.26102],[-58.04028,-32.26074],[-58.04074,-32.26083],[-58.04,-32.26056]]],[[[-58.0412,-32.26009],[-58.04074,-32.26074],[-58.0412,-32.26028],[-58.04157,-32.26037],[-58.04111,-32.25991],[-58.0413,-32.25972],[-58.04093,-32.25981],[-58.0412,-32.26009]]],[[[-58.04148,-32.25926],[-58.04176,-32.26],[-58.04185,-32.25926],[-58.04148,-32.25926]]],[[[-58.04657,-32.25852],[-58.04528,-32.25861],[-58.04537,-32.25833],[-58.04509,-32.25824],[-58.04509,-32.25861],[-58.04556,-32.25907],[-58.04583,-32.2587],[-58.04657,-32.2587],[-58.04593,-32.2588],[-58.04593,-32.25917],[-58.04565,-32.25917],[-58.04593,-32.26],[-58.04639,-32.25935],[-58.04694,-32.25917],[-58.04676,-32.2587],[-58.04713,-32.25852],[-58.04676,-32.25852],[-58.04685,-32.25787],[-58.04657,-32.25787],[-58.04657,-32.25852]]],[[[-58.04009,-32.25759],[-58.04093,-32.25778],[-58.0412,-32.25815],[-58.04102,-32.25852],[-58.04139,-32.25861],[-58.04139,-32.25759],[-58.0413,-32.25787],[-58.04111,-32.25769],[-58.04009,-32.25759]]],[[[-58.04296,-32.25769],[-58.04222,-32.25731],[-58.04176,-32.25741],[-58.04231,-32.25778],[-58.04296,-32.25769]]],[[[-58.0437,-32.25694],[-58.04333,-32.25741],[-58.04389,-32.25741],[-58.04398,-32.25694],[-58.04426,-32.25713],[-58.04444,-32.25713],[-58.04444,-32.25685],[-58.0437,-32.25694]]],[[[-58.0475,-32.25657],[-58.04685,-32.25546],[-58.04648,-32.25602],[-58.04611,-32.25537],[-58.04639,-32.25685],[-58.04565,-32.25667],[-58.04537,-32.25722],[-58.04815,-32.25741],[-58.04861,-32.25713],[-58.0488,-32.25648],[-58.04843,-32.25713],[-58.04806,-32.25722],[-58.04806,-32.25685],[-58.04759,-32.25713],[-58.0475,-32.25657]],[[-58.04565,-32.25713],[-58.04741,-32.25667],[-58.04741,-32.25704],[-58.04704,-32.25722],[-58.04565,-32.25713]]],[[[-58.04972,-32.25574],[-58.04907,-32.25528],[-58.0487,-32.25528],[-58.04944,-32.25583],[-58.04972,-32.25574]]],[[[-58.04963,-32.25324],[-58.0487,-32.2537],[-58.04889,-32.25407],[-58.04889,-32.2537],[-58.04944,-32.25343],[-58.05,-32.25361],[-58.04963,-32.25324]]],[[[-58.04991,-32.25454],[-58.04898,-32.25407],[-58.04898,-32.25444],[-58.04972,-32.25463],[-58.05065,-32.25444],[-58.05083,-32.25417],[-58.04991,-32.25454]]],[[[-58.05083,-32.25417],[-58.05157,-32.25417],[-58.05074,-32.2537],[-58.05083,-32.25417]]],[[[-58.05426,-32.25398],[-58.05435,-32.25352],[-58.05407,-32.25352],[-58.05407,-32.25389],[-58.05426,-32.25398]]],[[[-58.04787,-32.25259],[-58.04824,-32.25296],[-58.04833,-32.25231],[-58.04787,-32.25259]]],[[[-58.05454,-32.25204],[-58.05472,-32.25176],[-58.05444,-32.25185],[-58.05444,-32.25296],[-58.05472,-32.25315],[-58.05444,-32.25333],[-58.05481,-32.25333],[-58.05454,-32.2525],[-58.05491,-32.25269],[-58.05463,-32.25241],[-58.05491,-32.25222],[-58.05454,-32.25204]]],[[[-58.05444,-32.25343],[-58.05407,-32.25296],[-58.05361,-32.25306],[-58.05444,-32.25343]]],[[[-58.04528,-32.2513],[-58.04574,-32.25083],[-58.04648,-32.25102],[-58.04694,-32.25056],[-58.04704,-32.25009],[-58.04657,-32.25],[-58.04639,-32.25028],[-58.04537,-32.25037],[-58.04574,-32.25074],[-58.04519,-32.25074],[-58.04463,-32.2512],[-58.04528,-32.25176],[-58.04537,-32.25324],[-58.04574,-32.25324],[-58.04556,-32.25157],[-58.04528,-32.2513]]],[[[-58.04565,-32.25398],[-58.04509,-32.25407],[-58.045,-32.25398],[-58.04481,-32.25435],[-58.04574,-32.25444],[-58.04648,-32.25407],[-58.04667,-32.25361],[-58.04722,-32.2537],[-58.04685,-32.25333],[-58.04685,-32.2525],[-58.04676,-32.25352],[-58.04574,-32.25407],[-58.04593,-32.25361],[-58.04593,-32.25333],[-58.04574,-32.25324],[-58.04565,-32.2538],[-58.04528,-32.25389],[-58.04565,-32.25398]]],[[[-58.04981,-32.25139],[-58.04954,-32.25176],[-58.04981,-32.25194],[-58.04963,-32.25269],[-58.05065,-32.25269],[-58.04981,-32.25139]]],[[[-58.05278,-32.2525],[-58.05306,-32.25231],[-58.05306,-32.25176],[-58.05278,-32.25222],[-58.05278,-32.2525]]],[[[-58.05176,-32.25213],[-58.05157,-32.25296],[-58.05176,-32.25296],[-58.05176,-32.25231],[-58.05213,-32.25231],[-58.05231,-32.25296],[-58.05269,-32.25259],[-58.05213,-32.25213],[-58.05176,-32.25213]]],[[[-58.05204,-32.25167],[-58.05185,-32.2513],[-58.05148,-32.25139],[-58.05176,-32.25204],[-58.05204,-32.25167]]],[[[-58.04731,-32.25231],[-58.04704,-32.25194],[-58.04722,-32.25157],[-58.04694,-32.25176],[-58.04694,-32.25222],[-58.04731,-32.25231]]],[[[-58.05463,-32.2512],[-58.05333,-32.25213],[-58.05315,-32.25269],[-58.05343,-32.25222],[-58.05444,-32.25176],[-58.05463,-32.2512]]],[[[-58.03713,-32.2513],[-58.03769,-32.25037],[-58.03713,-32.25065],[-58.03574,-32.25037],[-58.03537,-32.25074],[-58.03519,-32.24981],[-58.03463,-32.25037],[-58.03444,-32.25009],[-58.03472,-32.24972],[-58.03426,-32.24991],[-58.03417,-32.24963],[-58.0337,-32.24963],[-58.03333,-32.25009],[-58.03343,-32.25037],[-58.03407,-32.25019],[-58.03472,-32.25046],[-58.03463,-32.25157],[-58.03519,-32.25157],[-58.03556,-32.25204],[-58.03611,-32.25194],[-58.0362,-32.25222],[-58.03741,-32.25157],[-58.03713,-32.2513]],[[-58.03528,-32.2512],[-58.0362,-32.25148],[-58.03648,-32.25111],[-58.03667,-32.2513],[-58.03639,-32.25167],[-58.03565,-32.25167],[-58.03528,-32.2512]]],[[[-58.05167,-32.25083],[-58.0513,-32.25065],[-58.05093,-32.25111],[-58.05157,-32.25111],[-58.05167,-32.25083]]],[[[-58.04935,-32.25102],[-58.05074,-32.25083],[-58.05074,-32.25074],[-58.04935,-32.25074],[-58.04935,-32.25102]]],[[[-58.05333,-32.25019],[-58.05306,-32.25028],[-58.05352,-32.25019],[-58.05407,-32.25056],[-58.0538,-32.2513],[-58.05407,-32.25139],[-58.05407,-32.25093],[-58.05444,-32.25046],[-58.05444,-32.25009],[-58.05333,-32.25019]]],[[[-58.05269,-32.25009],[-58.05231,-32.25037],[-58.05231,-32.25074],[-58.05306,-32.25037],[-58.05269,-32.25009]]],[[[-58.04778,-32.25009],[-58.04796,-32.25065],[-58.04824,-32.25083],[-58.04806,-32.25019],[-58.04778,-32.25009]]],[[[-58.05907,-32.24944],[-58.05852,-32.24907],[-58.0588,-32.24935],[-58.05843,-32.24954],[-58.05843,-32.24991],[-58.05907,-32.24944]]],[[[-58.05852,-32.24991],[-58.0587,-32.25074],[-58.05907,-32.25093],[-58.0587,-32.25157],[-58.05907,-32.25213],[-58.05991,-32.2512],[-58.05926,-32.25056],[-58.0588,-32.25065],[-58.05852,-32.24991]],[[-58.05898,-32.25167],[-58.05926,-32.25093],[-58.05954,-32.25102],[-58.05935,-32.25167],[-58.05898,-32.25167]]],[[[-58.06037,-32.24926],[-58.05991,-32.25],[-58.06019,-32.25046],[-58.06009,-32.24981],[-58.06102,-32.24963],[-58.0612,-32.24926],[-58.06037,-32.24926]]],[[[-58.04444,-32.24907],[-58.04593,-32.24981],[-58.04491,-32.24972],[-58.045,-32.25],[-58.04676,-32.24972],[-58.04639,-32.24963],[-58.04667,-32.24926],[-58.0463,-32.2488],[-58.04472,-32.24898],[-58.04454,-32.2487],[-58.04444,-32.24907]],[[-58.04583,-32.24898],[-58.04556,-32.24935],[-58.04509,-32.24935],[-58.045,-32.24907],[-58.04583,-32.24898]]],[[[-58.03435,-32.24963],[-58.03463,-32.24907],[-58.03463,-32.24861],[-58.03407,-32.24907],[-58.03435,-32.24963]]],[[[-58.05639,-32.24769],[-58.05528,-32.24833],[-58.0562,-32.24796],[-58.0563,-32.24833],[-58.05648,-32.24833],[-58.05639,-32.24769]]],[[[-58.03972,-32.2462],[-58.03944,-32.24583],[-58.0387,-32.24611],[-58.03852,-32.24685],[-58.03731,-32.24694],[-58.03824,-32.24722],[-58.03824,-32.2475],[-58.03787,-32.24769],[-58.03778,-32.24852],[-58.03741,-32.24852],[-58.03722,-32.24806],[-58.03676,-32.2487],[-58.03741,-32.24889],[-58.0375,-32.24861],[-58.0388,-32.24843],[-58.03852,-32.24926],[-58.03796,-32.24926],[-58.03787,-32.25028],[-58.03954,-32.25046],[-58.04046,-32.25019],[-58.04065,-32.24991],[-58.04102,-32.25019],[-58.04176,-32.24963],[-58.04241,-32.24954],[-58.04278,-32.24991],[-58.04333,-32.24972],[-58.04213,-32.24935],[-58.04074,-32.24963],[-58.04065,-32.24944],[-58.04,-32.24944],[-58.03926,-32.24954],[-58.03889,-32.25],[-58.03898,-32.24954],[-58.03861,-32.24926],[-58.03917,-32.2487],[-58.0387,-32.24787],[-58.03833,-32.24778],[-58.03889,-32.24713],[-58.03833,-32.24704],[-58.03898,-32.24657],[-58.03926,-32.24694],[-58.03972,-32.2462]],[[-58.03843,-32.25019],[-58.03815,-32.24954],[-58.03861,-32.24954],[-58.0387,-32.25],[-58.03843,-32.25019]]],[[[-58.03907,-32.24741],[-58.03944,-32.24713],[-58.04028,-32.24722],[-58.04028,-32.24769],[-58.03963,-32.24815],[-58.03944,-32.24787],[-58.0388,-32.24787],[-58.03954,-32.24852],[-58.04056,-32.24833],[-58.04056,-32.24787],[-58.04102,-32.24824],[-58.04083,-32.24741],[-58.04102,-32.24722],[-58.04074,-32.24704],[-58.03926,-32.24694],[-58.03907,-32.24741]]],[[[-58.04269,-32.2488],[-58.04324,-32.24907],[-58.04352,-32.24889],[-58.04352,-32.2487],[-58.04269,-32.2488]]],[[[-58.0362,-32.2475],[-58.03685,-32.24713],[-58.03565,-32.24657],[-58.03509,-32.24685],[-58.03528,-32.24722],[-58.03463,-32.24704],[-58.0338,-32.24796],[-58.03463,-32.24843],[-58.035,-32.24769],[-58.03611,-32.24741],[-58.03611,-32.24806],[-58.03574,-32.24852],[-58.03593,-32.24843],[-58.03639,-32.24852],[-58.03611,-32.24824],[-58.0362,-32.2475]]],[[[-58.03685,-32.24759],[-58.03741,-32.24778],[-58.03778,-32.24731],[-58.03685,-32.24731],[-58.03685,-32.24759]]],[[[-58.05833,-32.24463],[-58.05806,-32.24491],[-58.05833,-32.24528],[-58.05861,-32.24491],[-58.05917,-32.24481],[-58.05833,-32.24463]]],[[[-58.05926,-32.24528],[-58.05991,-32.24546],[-58.05935,-32.24481],[-58.05926,-32.24528]]],[[[-58.05981,-32.24593],[-58.05935,-32.24546],[-58.05935,-32.24593],[-58.05889,-32.24565],[-58.05898,-32.24602],[-58.0587,-32.2462],[-58.05981,-32.24593]]],[[[-58.0587,-32.24611],[-58.05815,-32.24556],[-58.05769,-32.24556],[-58.05806,-32.24565],[-58.05759,-32.24611],[-58.05796,-32.24611],[-58.05769,-32.24657],[-58.05806,-32.24648],[-58.05815,-32.24602],[-58.0587,-32.24611]]],[[[-58.0487,-32.11935],[-58.04824,-32.11861],[-58.04769,-32.11852],[-58.04713,-32.1175],[-58.0463,-32.11815],[-58.04481,-32.11815],[-58.04417,-32.11852],[-58.04343,-32.11722],[-58.04204,-32.11704],[-58.04204,-32.11778],[-58.04176,-32.11787],[-58.04204,-32.11852],[-58.04231,-32.11861],[-58.04231,-32.11907],[-58.04333,-32.11963],[-58.04259,-32.11963],[-58.04241,-32.12028],[-58.04213,-32.12],[-58.04148,-32.12019],[-58.0425,-32.12065],[-58.04324,-32.12046],[-58.04352,-32.1212],[-58.04435,-32.12148],[-58.04472,-32.1225],[-58.04398,-32.12296],[-58.04574,-32.12296],[-58.04565,-32.12176],[-58.0462,-32.12204],[-58.04667,-32.12194],[-58.04602,-32.12185],[-58.04593,-32.12139],[-58.04546,-32.1213],[-58.04546,-32.12083],[-58.04463,-32.12139],[-58.04361,-32.12102],[-58.04407,-32.12083],[-58.04398,-32.12019],[-58.04444,-32.12019],[-58.04463,-32.12056],[-58.04537,-32.12046],[-58.04537,-32.12028],[-58.04435,-32.11981],[-58.04361,-32.12009],[-58.04287,-32.11991],[-58.04352,-32.11963],[-58.04306,-32.11935],[-58.0438,-32.1188],[-58.04343,-32.11824],[-58.04426,-32.1187],[-58.04509,-32.11833],[-58.04611,-32.11861],[-58.04639,-32.11815],[-58.04713,-32.11796],[-58.04713,-32.11852],[-58.04639,-32.1188],[-58.04694,-32.11907],[-58.04796,-32.1187],[-58.04833,-32.11926],[-58.04815,-32.11972],[-58.04741,-32.11972],[-58.04741,-32.11991],[-58.0475,-32.11981],[-58.04824,-32.11991],[-58.04843,-32.11935],[-58.0487,-32.11935]],[[-58.0425,-32.11898],[-58.0425,-32.11815],[-58.04315,-32.11806],[-58.04352,-32.1188],[-58.0425,-32.11898]]],[[[-58.05213,-32.12176],[-58.05176,-32.12269],[-58.05213,-32.12269],[-58.0525,-32.12204],[-58.05343,-32.12222],[-58.05389,-32.12176],[-58.05407,-32.12213],[-58.05352,-32.12222],[-58.05352,-32.12259],[-58.05426,-32.12296],[-58.05361,-32.12389],[-58.05361,-32.12315],[-58.05324,-32.12269],[-58.05213,-32.12324],[-58.05139,-32.12296],[-58.0512,-32.12259],[-58.05148,-32.12204],[-58.05185,-32.12204],[-58.05185,-32.12167],[-58.05019,-32.12185],[-58.04991,-32.12222],[-58.05,-32.12269],[-58.04907,-32.12324],[-58.0488,-32.12278],[-58.04731,-32.12278],[-58.04657,-32.12213],[-58.04667,-32.12259],[-58.04778,-32.12306],[-58.04833,-32.12287],[-58.04843,-32.12324],[-58.04954,-32.12389],[-58.04991,-32.1238],[-58.04981,-32.12287],[-58.05028,-32.1237],[-58.05333,-32.12315],[-58.05278,-32.12537],[-58.05157,-32.1263],[-58.05009,-32.1263],[-58.04981,-32.1275],[-58.0488,-32.12787],[-58.04889,-32.12824],[-58.04741,-32.12843],[-58.04676,-32.12944],[-58.0475,-32.12963],[-58.05056,-32.12926],[-58.05065,-32.12963],[-58.05139,-32.12954],[-58.0512,-32.12991],[-58.05167,-32.13019],[-58.05324,-32.13028],[-58.05333,-32.13046],[-58.05259,-32.13074],[-58.05407,-32.13167],[-58.05481,-32.13102],[-58.05509,-32.13009],[-58.05435,-32.12907],[-58.05426,-32.12972],[-58.05343,-32.12935],[-58.05361,-32.12898],[-58.05343,-32.12796],[-58.05398,-32.12731],[-58.05463,-32.12694],[-58.05546,-32.12694],[-58.05778,-32.12519],[-58.0587,-32.12509],[-58.05926,-32.12546],[-58.05991,-32.12528],[-58.06009,-32.12574],[-58.06046,-32.12546],[-58.06102,-32.12593],[-58.06093,-32.1263],[-58.06176,-32.12648],[-58.06176,-32.12741],[-58.06269,-32.1275],[-58.06231,-32.12796],[-58.06315,-32.12963],[-58.06361,-32.12935],[-58.06444,-32.12944],[-58.065,-32.13028],[-58.06324,-32.13194],[-58.06009,-32.13231],[-58.06,-32.13269],[-58.06046,-32.13278],[-58.06028,-32.13324],[-58.06148,-32.13407],[-58.06157,-32.13546],[-58.06222,-32.13574],[-58.06352,-32.13574],[-58.06537,-32.13463],[-58.06593,-32.13463],[-58.06602,-32.13546],[-58.06528,-32.13676],[-58.06528,-32.13741],[-58.06611,-32.13694],[-58.06593,-32.13787],[-58.06824,-32.13704],[-58.06889,-32.13778],[-58.07065,-32.13852],[-58.07065,-32.14],[-58.0713,-32.1413],[-58.07102,-32.14352],[-58.0713,-32.14361],[-58.07139,-32.14472],[-58.07185,-32.14454],[-58.07194,-32.14491],[-58.07241,-32.145],[-58.07259,-32.14454],[-58.07361,-32.14454],[-58.07454,-32.14528],[-58.07528,-32.14509],[-58.07574,-32.14444],[-58.0763,-32.14435],[-58.07583,-32.14426],[-58.07611,-32.1438],[-58.07602,-32.14213],[-58.07741,-32.14204],[-58.07889,-32.1413],[-58.07759,-32.14028],[-58.07759,-32.13972],[-58.07694,-32.13861],[-58.07806,-32.13796],[-58.07806,-32.13759],[-58.0787,-32.13713],[-58.07972,-32.13769],[-58.08019,-32.13759],[-58.0813,-32.1362],[-58.08102,-32.13454],[-58.08185,-32.13352],[-58.08213,-32.13185],[-58.08167,-32.13093],[-58.08194,-32.13037],[-58.08157,-32.13037],[-58.0813,-32.13102],[-58.08111,-32.13046],[-58.08065,-32.13093],[-58.08065,-32.13194],[-58.08167,-32.13157],[-58.08176,-32.13222],[-58.0813,-32.13259],[-58.08157,-32.13352],[-58.08093,-32.13398],[-58.08056,-32.13509],[-58.08083,-32.13602],[-58.08019,-32.13713],[-58.07954,-32.13722],[-58.07907,-32.13667],[-58.07981,-32.13546],[-58.07963,-32.13519],[-58.07954,-32.13583],[-58.07787,-32.13676],[-58.0775,-32.13759],[-58.07657,-32.13713],[-58.07694,-32.13685],[-58.0762,-32.13685],[-58.0762,-32.13648],[-58.07731,-32.13565],[-58.07806,-32.13602],[-58.07806,-32.13565],[-58.07713,-32.13556],[-58.0763,-32.1363],[-58.07593,-32.1362],[-58.07611,-32.13741],[-58.07648,-32.13787],[-58.07685,-32.13778],[-58.07602,-32.13815],[-58.07593,-32.13852],[-58.07694,-32.13954],[-58.07741,-32.1413],[-58.07676,-32.1413],[-58.07639,-32.14185],[-58.07565,-32.14194],[-58.07537,-32.14278],[-58.07574,-32.14352],[-58.07519,-32.14407],[-58.07426,-32.14398],[-58.0737,-32.14426],[-58.07352,-32.14398],[-58.07204,-32.14398],[-58.07167,-32.14352],[-58.07185,-32.14315],[-58.07139,-32.14278],[-58.07167,-32.14102],[-58.0712,-32.14019],[-58.07111,-32.13833],[-58.07074,-32.13787],[-58.06981,-32.13778],[-58.0687,-32.13657],[-58.06667,-32.13722],[-58.06639,-32.13713],[-58.06639,-32.1363],[-58.06565,-32.13667],[-58.06648,-32.13519],[-58.0663,-32.13407],[-58.06352,-32.13519],[-58.06287,-32.13509],[-58.06204,-32.13435],[-58.06167,-32.13361],[-58.06167,-32.13259],[-58.06315,-32.13241],[-58.06407,-32.13194],[-58.06509,-32.13065],[-58.06565,-32.13046],[-58.06481,-32.12926],[-58.06333,-32.1287],[-58.06333,-32.12759],[-58.0637,-32.12731],[-58.06231,-32.12685],[-58.06213,-32.1262],[-58.06167,-32.12611],[-58.06194,-32.12528],[-58.06241,-32.12528],[-58.06213,-32.12454],[-58.06157,-32.12444],[-58.06074,-32.12509],[-58.06019,-32.12463],[-58.05991,-32.125],[-58.05935,-32.12472],[-58.05787,-32.12481],[-58.05676,-32.12556],[-58.05657,-32.12602],[-58.05602,-32.12602],[-58.05574,-32.12648],[-58.05426,-32.12694],[-58.05324,-32.12806],[-58.05343,-32.12991],[-58.05185,-32.12972],[-58.0513,-32.1287],[-58.04926,-32.12907],[-58.0487,-32.12852],[-58.04833,-32.12852],[-58.04926,-32.12815],[-58.05028,-32.12833],[-58.05028,-32.12731],[-58.05083,-32.12722],[-58.05111,-32.12648],[-58.05176,-32.12648],[-58.05204,-32.12611],[-58.05231,-32.12639],[-58.05278,-32.12639],[-58.05333,-32.12602],[-58.05417,-32.125],[-58.05417,-32.12407],[-58.05454,-32.12389],[-58.05435,-32.12361],[-58.05407,-32.12398],[-58.05389,-32.1238],[-58.05454,-32.12306],[-58.05407,-32.12259],[-58.05463,-32.1225],[-58.05463,-32.12296],[-58.05528,-32.12343],[-58.05519,-32.1238],[-58.05546,-32.12352],[-58.05481,-32.12287],[-58.05481,-32.12231],[-58.05352,-32.12102],[-58.0538,-32.12037],[-58.05278,-32.12083],[-58.05361,-32.1212],[-58.0538,-32.12157],[-58.05352,-32.12185],[-58.05259,-32.12185],[-58.05231,-32.12213],[-58.05241,-32.1212],[-58.05194,-32.12148],[-58.05213,-32.12176]],[[-58.05028,-32.12259],[-58.05083,-32.12241],[-58.05093,-32.12324],[-58.05037,-32.12333],[-58.05028,-32.12259]],[[-58.05333,-32.12454],[-58.0538,-32.12407],[-58.05389,-32.125],[-58.05333,-32.12519],[-58.05333,-32.12454]]],[[[-58.07796,-32.13602],[-58.07704,-32.1363],[-58.07694,-32.13685],[-58.07704,-32.13648],[-58.07769,-32.13639],[-58.07796,-32.13602]]],[[[-58.05361,-32.12722],[-58.0538,-32.12694],[-58.0538,-32.12648],[-58.05315,-32.12694],[-58.05315,-32.12713],[-58.05361,-32.12722]]],[[[-58.05389,-32.1262],[-58.05435,-32.12639],[-58.05435,-32.12583],[-58.05389,-32.1262]]],[[[-58.06231,-32.12361],[-58.06259,-32.12454],[-58.06296,-32.12454],[-58.06287,-32.12398],[-58.06315,-32.12435],[-58.06296,-32.1237],[-58.06231,-32.12361]]],[[[-58.05741,-32.12343],[-58.05778,-32.1238],[-58.05806,-32.12343],[-58.05741,-32.12343]]],[[[-58.06046,-32.12287],[-58.05898,-32.12389],[-58.05963,-32.12435],[-58.06009,-32.12407],[-58.05991,-32.12343],[-58.06046,-32.12287]]],[[[-58.04583,-32.12009],[-58.04546,-32.12009],[-58.04546,-32.12046],[-58.04574,-32.12056],[-58.04583,-32.12009]]],[[[-58.05222,-32.11806],[-58.0512,-32.11843],[-58.05093,-32.11907],[-58.05213,-32.11852],[-58.05231,-32.11815],[-58.05306,-32.11861],[-58.05269,-32.11796],[-58.05222,-32.11806]]],[[[-58.05056,-32.12046],[-58.05037,-32.11981],[-58.05074,-32.11935],[-58.05009,-32.11944],[-58.04991,-32.11898],[-58.04972,-32.11926],[-58.04917,-32.11917],[-58.0488,-32.11926],[-58.04898,-32.11963],[-58.04926,-32.11935],[-58.04972,-32.11935],[-58.04981,-32.11963],[-58.04917,-32.11991],[-58.0487,-32.1212],[-58.04963,-32.1212],[-58.04917,-32.12074],[-58.04944,-32.11981],[-58.05037,-32.12009],[-58.05019,-32.12074],[-58.05056,-32.12046]]],[[[-58.04972,-32.12065],[-58.05009,-32.12074],[-58.04972,-32.12],[-58.04972,-32.12065]]],[[[-58.04889,-32.12176],[-58.04843,-32.12194],[-58.04833,-32.12213],[-58.04917,-32.12213],[-58.04935,-32.12185],[-58.04917,-32.1213],[-58.04852,-32.12157],[-58.0487,-32.12148],[-58.04861,-32.1212],[-58.04833,-32.12157],[-58.04889,-32.12176]]],[[[-58.04565,-32.11944],[-58.04546,-32.11926],[-58.04546,-32.11963],[-58.04657,-32.12019],[-58.04639,-32.11991],[-58.04657,-32.11972],[-58.0462,-32.11972],[-58.04602,-32.11926],[-58.04565,-32.11944]]],[[[-58.05296,-32.11944],[-58.05269,-32.11972],[-58.05361,-32.11972],[-58.05296,-32.11944]]],[[[-58.05778,-32.11833],[-58.05861,-32.11917],[-58.05889,-32.11898],[-58.05833,-32.11815],[-58.05685,-32.11787],[-58.05685,-32.11815],[-58.05778,-32.11833]]],[[[-58.0612,-32.11407],[-58.06148,-32.11417],[-58.06148,-32.11481],[-58.06093,-32.11509],[-58.06037,-32.11435],[-58.06037,-32.1137],[-58.06009,-32.11361],[-58.06037,-32.11602],[-58.06139,-32.11593],[-58.06176,-32.1162],[-58.06157,-32.11759],[-58.06259,-32.11769],[-58.06296,-32.11704],[-58.06222,-32.11648],[-58.06204,-32.11593],[-58.06157,-32.11583],[-58.06139,-32.11509],[-58.06176,-32.11435],[-58.06287,-32.11481],[-58.06306,-32.11444],[-58.06204,-32.11426],[-58.06167,-32.11389],[-58.0612,-32.11407]]],[[[-58.0638,-32.1187],[-58.06472,-32.11824],[-58.06491,-32.11759],[-58.06472,-32.11796],[-58.06417,-32.11796],[-58.06417,-32.1175],[-58.06398,-32.11759],[-58.06398,-32.11796],[-58.06435,-32.11824],[-58.0637,-32.11861],[-58.06324,-32.11972],[-58.0637,-32.11954],[-58.0638,-32.1187]]],[[[-58.0625,-32.12046],[-58.06324,-32.12028],[-58.06287,-32.12009],[-58.06324,-32.11972],[-58.06278,-32.11991],[-58.0625,-32.12046]]],[[[-58.04333,-32.1],[-58.04389,-32.10037],[-58.04454,-32.10037],[-58.04333,-32.1]]],[[[-58.04454,-32.10046],[-58.04537,-32.10093],[-58.04528,-32.1013],[-58.04565,-32.10194],[-58.0463,-32.10194],[-58.04648,-32.10241],[-58.04694,-32.10259],[-58.04676,-32.10491],[-58.04806,-32.10528],[-58.04815,-32.10639],[-58.04852,-32.10648],[-58.0487,-32.10583],[-58.04898,-32.1062],[-58.04981,-32.1062],[-58.05,-32.10583],[-58.05074,-32.10593],[-58.05074,-32.10648],[-58.05102,-32.10648],[-58.05074,-32.10694],[-58.0513,-32.10704],[-58.05139,-32.10741],[-58.05093,-32.10741],[-58.05056,-32.10824],[-58.0513,-32.1088],[-58.05102,-32.10898],[-58.05009,-32.1087],[-58.04944,-32.1088],[-58.05009,-32.10944],[-58.05046,-32.10926],[-58.0513,-32.10981],[-58.05204,-32.10917],[-58.05296,-32.10935],[-58.05352,-32.11056],[-58.05324,-32.11093],[-58.05333,-32.11222],[-58.0537,-32.11231],[-58.0537,-32.11324],[-58.05407,-32.1137],[-58.05407,-32.11417],[-58.05278,-32.11509],[-58.05315,-32.1162],[-58.05296,-32.11685],[-58.05324,-32.11704],[-58.05435,-32.11676],[-58.05444,-32.11741],[-58.055,-32.11769],[-58.05556,-32.11769],[-58.05509,-32.11759],[-58.05519,-32.11722],[-58.05657,-32.1175],[-58.05602,-32.11713],[-58.0563,-32.11657],[-58.05611,-32.1163],[-58.05481,-32.1163],[-58.05472,-32.11667],[-58.05509,-32.11685],[-58.0537,-32.11657],[-58.05389,-32.11565],[-58.05472,-32.11519],[-58.05426,-32.1125],[-58.05491,-32.11231],[-58.05593,-32.1137],[-58.05583,-32.11491],[-58.05648,-32.115],[-58.05704,-32.11565],[-58.05713,-32.11565],[-58.05713,-32.11509],[-58.05667,-32.11454],[-58.05685,-32.11444],[-58.0575,-32.11481],[-58.05769,-32.11472],[-58.05593,-32.11361],[-58.05574,-32.11315],[-58.0563,-32.11343],[-58.05704,-32.11269],[-58.05796,-32.11306],[-58.05833,-32.11259],[-58.05796,-32.11222],[-58.05731,-32.1125],[-58.05685,-32.11157],[-58.05657,-32.11185],[-58.0562,-32.11167],[-58.05667,-32.1112],[-58.0562,-32.11111],[-58.05481,-32.10944],[-58.05324,-32.10843],[-58.0538,-32.10833],[-58.05417,-32.10861],[-58.05444,-32.10861],[-58.05444,-32.1087],[-58.05463,-32.1087],[-58.05454,-32.10852],[-58.05389,-32.10815],[-58.05315,-32.10824],[-58.05315,-32.10759],[-58.05278,-32.10722],[-58.05296,-32.10796],[-58.0525,-32.10806],[-58.05222,-32.10694],[-58.05241,-32.10704],[-58.05259,-32.10704],[-58.05259,-32.10694],[-58.05213,-32.10639],[-58.05185,-32.1063],[-58.05185,-32.10556],[-58.05139,-32.10546],[-58.05083,-32.10454],[-58.04935,-32.10444],[-58.0488,-32.10407],[-58.04898,-32.10333],[-58.04861,-32.10306],[-58.0487,-32.10231],[-58.04852,-32.10269],[-58.04833,-32.10269],[-58.04843,-32.10231],[-58.04806,-32.10231],[-58.04759,-32.10157],[-58.04722,-32.10148],[-58.04759,-32.10194],[-58.04713,-32.10213],[-58.04611,-32.1013],[-58.04667,-32.10111],[-58.04454,-32.10046]],[[-58.05611,-32.11648],[-58.05537,-32.11694],[-58.05491,-32.11648],[-58.05611,-32.11648]],[[-58.05157,-32.10565],[-58.05176,-32.1062],[-58.0512,-32.1063],[-58.0512,-32.10583],[-58.05157,-32.10565]],[[-58.04861,-32.10306],[-58.04833,-32.10407],[-58.04787,-32.10417],[-58.04806,-32.1037],[-58.04778,-32.10306],[-58.04713,-32.10259],[-58.04778,-32.10231],[-58.04787,-32.10269],[-58.04861,-32.10306]],[[-58.04778,-32.1038],[-58.0475,-32.10398],[-58.04713,-32.10287],[-58.04769,-32.10315],[-58.04778,-32.1038]],[[-58.04583,-32.1013],[-58.0462,-32.10148],[-58.0463,-32.10185],[-58.04565,-32.10176],[-58.04583,-32.1013]],[[-58.04861,-32.10426],[-58.04889,-32.10463],[-58.04981,-32.10454],[-58.04991,-32.10491],[-58.04898,-32.10546],[-58.04861,-32.10481],[-58.04787,-32.10463],[-58.04787,-32.10426],[-58.04861,-32.10426]],[[-58.05176,-32.10657],[-58.05167,-32.10704],[-58.05148,-32.10713],[-58.0512,-32.10648],[-58.05176,-32.10657]],[[-58.05259,-32.10843],[-58.05148,-32.10907],[-58.0512,-32.10759],[-58.05185,-32.10713],[-58.05204,-32.10787],[-58.05259,-32.10843]],[[-58.0563,-32.11315],[-58.05583,-32.11241],[-58.05648,-32.1125],[-58.0563,-32.11315]]],[[[-58.05796,-32.115],[-58.05852,-32.11454],[-58.05769,-32.11481],[-58.05796,-32.115]]],[[[-58.05741,-32.11593],[-58.05676,-32.11593],[-58.05639,-32.11639],[-58.05704,-32.1163],[-58.05741,-32.11593]]],[[[-58.05519,-32.11583],[-58.05639,-32.1162],[-58.05528,-32.11574],[-58.05546,-32.11509],[-58.05583,-32.115],[-58.05537,-32.11454],[-58.05519,-32.11583]]],[[[-58.06185,-32.12065],[-58.0613,-32.12102],[-58.06037,-32.12083],[-58.06093,-32.12009],[-58.06065,-32.11926],[-58.06139,-32.11843],[-58.06065,-32.11843],[-58.06019,-32.11731],[-58.05898,-32.11759],[-58.05907,-32.11704],[-58.0588,-32.11704],[-58.05898,-32.11778],[-58.06019,-32.11759],[-58.06009,-32.11852],[-58.06056,-32.11898],[-58.06074,-32.11991],[-58.05954,-32.12194],[-58.05843,-32.12194],[-58.05815,-32.12222],[-58.05806,-32.12157],[-58.05741,-32.12167],[-58.05713,-32.12222],[-58.05731,-32.12296],[-58.05731,-32.12231],[-58.05759,-32.12213],[-58.05796,-32.12259],[-58.0588,-32.12287],[-58.06009,-32.12139],[-58.0613,-32.12139],[-58.06194,-32.12102],[-58.06185,-32.12065]]],[[[-58.05676,-32.12306],[-58.05704,-32.12306],[-58.05685,-32.1225],[-58.05676,-32.1225],[-58.05676,-32.12306]]],[[[-58.05787,-32.11148],[-58.05815,-32.11176],[-58.05852,-32.11176],[-58.05824,-32.11148],[-58.05787,-32.11148]]],[[[-58.05806,-32.10333],[-58.05852,-32.1038],[-58.05861,-32.10315],[-58.05722,-32.1025],[-58.05759,-32.10185],[-58.05676,-32.1013],[-58.05685,-32.10093],[-58.05565,-32.10074],[-58.05583,-32.10037],[-58.05537,-32.10046],[-58.05509,-32.1],[-58.05361,-32.1],[-58.05324,-32.10046],[-58.05259,-32.10046],[-58.05241,-32.1],[-58.05241,-32.10046],[-58.05287,-32.10065],[-58.05269,-32.1013],[-58.05361,-32.10139],[-58.0537,-32.10176],[-58.05333,-32.10204],[-58.05259,-32.10176],[-58.05231,-32.10222],[-58.05435,-32.10324],[-58.05463,-32.10407],[-58.05509,-32.10426],[-58.05565,-32.10361],[-58.0563,-32.10361],[-58.05648,-32.10426],[-58.05556,-32.10426],[-58.05593,-32.10481],[-58.05639,-32.10481],[-58.05648,-32.10435],[-58.05685,-32.10426],[-58.0562,-32.10528],[-58.05676,-32.10528],[-58.05741,-32.10472],[-58.05731,-32.10519],[-58.05778,-32.10537],[-58.05704,-32.10611],[-58.05769,-32.10602],[-58.05787,-32.10565],[-58.05843,-32.10602],[-58.05889,-32.10593],[-58.05926,-32.1062],[-58.05889,-32.10685],[-58.05954,-32.10731],[-58.06,-32.10685],[-58.06037,-32.10713],[-58.06037,-32.10657],[-58.06093,-32.10685],[-58.06102,-32.10648],[-58.06148,-32.10639],[-58.06148,-32.10611],[-58.0613,-32.10639],[-58.06065,-32.10639],[-58.06065,-32.10611],[-58.06111,-32.10602],[-58.06102,-32.10528],[-58.06056,-32.10537],[-58.06093,-32.10574],[-58.06065,-32.10583],[-58.06046,-32.10639],[-58.06019,-32.10611],[-58.05944,-32.1063],[-58.05944,-32.10528],[-58.0587,-32.10444],[-58.05815,-32.10435],[-58.05843,-32.10398],[-58.05806,-32.10389],[-58.05806,-32.10333]],[[-58.05815,-32.10444],[-58.0587,-32.10481],[-58.05852,-32.10537],[-58.05778,-32.10519],[-58.0575,-32.10454],[-58.0563,-32.10343],[-58.05444,-32.10287],[-58.05389,-32.10296],[-58.05398,-32.10231],[-58.05435,-32.10204],[-58.05574,-32.10278],[-58.0563,-32.10278],[-58.05676,-32.10361],[-58.05722,-32.10352],[-58.05815,-32.10444]],[[-58.05648,-32.10278],[-58.05593,-32.10269],[-58.05537,-32.10231],[-58.05667,-32.10231],[-58.05676,-32.10259],[-58.05722,-32.10259],[-58.0575,-32.10324],[-58.05694,-32.10333],[-58.05648,-32.10278]],[[-58.055,-32.10074],[-58.05565,-32.10167],[-58.05602,-32.1012],[-58.0562,-32.10185],[-58.05537,-32.10194],[-58.05444,-32.1012],[-58.0537,-32.10111],[-58.05352,-32.10065],[-58.05417,-32.10037],[-58.05481,-32.10056],[-58.05481,-32.10102],[-58.055,-32.10074]],[[-58.05444,-32.10185],[-58.05398,-32.10213],[-58.05398,-32.10148],[-58.05481,-32.10176],[-58.05472,-32.10204],[-58.05444,-32.10185]]],[[[-58.06685,-32.11019],[-58.0662,-32.11019],[-58.0663,-32.10972],[-58.06546,-32.11019],[-58.065,-32.11009],[-58.06417,-32.10889],[-58.06324,-32.10833],[-58.06259,-32.10833],[-58.06194,-32.1075],[-58.0613,-32.10722],[-58.06139,-32.10806],[-58.06185,-32.10769],[-58.0625,-32.10852],[-58.06324,-32.10852],[-58.06407,-32.10898],[-58.06472,-32.11],[-58.06472,-32.11046],[-58.06435,-32.11046],[-58.06407,-32.11009],[-58.0637,-32.11009],[-58.06426,-32.11056],[-58.06481,-32.11065],[-58.06491,-32.11083],[-58.06509,-32.11083],[-58.06509,-32.11093],[-58.06519,-32.11093],[-58.06519,-32.11102],[-58.06528,-32.11102],[-58.06519,-32.11037],[-58.06565,-32.11009],[-58.06611,-32.11028],[-58.06685,-32.11019]]],[[[-58.0662,-32.11176],[-58.06556,-32.1112],[-58.06574,-32.11167],[-58.0662,-32.11176]]],[[[-58.06037,-32.10824],[-58.06,-32.10852],[-58.0613,-32.10861],[-58.06167,-32.10917],[-58.06333,-32.10991],[-58.06241,-32.10907],[-58.06176,-32.10907],[-58.06185,-32.10833],[-58.0612,-32.10815],[-58.06093,-32.10843],[-58.06065,-32.10815],[-58.0612,-32.10759],[-58.06074,-32.10731],[-58.05981,-32.10741],[-58.05981,-32.10778],[-58.06037,-32.10824]]],[[[-58.05185,-32.10019],[-58.05176,-32.10111],[-58.05194,-32.1012],[-58.05194,-32.10185],[-58.05204,-32.10185],[-58.05222,-32.1],[-58.05185,-32.10019]]],[[[-58.05722,-32.10519],[-58.05685,-32.10528],[-58.05685,-32.10546],[-58.05722,-32.10556],[-58.05722,-32.10519]]],[[[-58.05935,-32.10454],[-58.05954,-32.10426],[-58.05926,-32.10398],[-58.05898,-32.10435],[-58.05935,-32.10454]]],[[[-58.04148,-32.10056],[-58.04231,-32.1],[-58.0412,-32.1],[-58.04148,-32.10056]]]]}},{"type":"Feature","properties":{"clase":3,"profundidad":"m\u00e1s de 1,5 m"},"geometry":{"type":"MultiPolygon","coordinates":[[[[-58.19537,-32.10694],[-58.19713,-32.10722],[-58.19741,-32.10759],[-58.19806,-32.10741],[-58.19759,-32.10694],[-58.19815,-32.10648],[-58.19778,-32.10639],[-58.19731,-32.10537],[-58.19602,-32.10463],[-58.1963,-32.10324],[-58.19593,-32.10315],[-58.19657,-32.10315],[-58.19667,-32.10259],[-58.19509,-32.1025],[-58.19417,-32.10491],[-58.19352,-32.10565],[-58.19204,-32.10519],[-58.19167,-32.10343],[-58.19176,-32.10241],[-58.19361,-32.10139],[-58.19472,-32.10194],[-58.19481,-32.10231],[-58.19574,-32.10213],[-58.19583,-32.10176],[-58.19546,-32.10139],[-58.19528,-32.10176],[-58.19481,-32.10157],[-58.19481,-32.10093],[-58.19519,-32.10102],[-58.19491,-32.1],[-58.18287,-32.1],[-58.18269,-32.10185],[-58.1825,-32.1],[-58.18167,-32.1],[-58.18157,-32.10056],[-58.18093,-32.10074],[-58.1812,-32.10213],[-58.18148,-32.10213],[-58.18148,-32.1012],[-58.18213,-32.10167],[-58.18157,-32.10361],[-58.18056,-32.10296],[-58.18028,-32.10065],[-58.18,-32.1],[-58.17963,-32.1],[-58.17981,-32.10222],[-58.18093,-32.1037],[-58.18111,-32.10444],[-58.18009,-32.10444],[-58.17963,-32.10389],[-58.17926,-32.10417],[-58.17917,-32.10546],[-58.17843,-32.10731],[-58.17852,-32.10824],[-58.17796,-32.10954],[-58.17796,-32.11037],[-58.17852,-32.11065],[-58.1787,-32.11157],[-58.17935,-32.11157],[-58.17954,-32.11194],[-58.17935,-32.11231],[-58.17898,-32.11231],[-58.17917,-32.11315],[-58.17861,-32.11435],[-58.1788,-32.11528],[-58.17917,-32.11519],[-58.17972,-32.11426],[-58.18065,-32.11157],[-58.18102,-32.11185],[-58.18056,-32.11324],[-58.18065,-32.11398],[-58.17981,-32.11574],[-58.17954,-32.12],[-58.17926,-32.12037],[-58.17852,-32.11796],[-58.17889,-32.11556],[-58.17815,-32.11565],[-58.17769,-32.11204],[-58.17704,-32.11037],[-58.17657,-32.10657],[-58.17593,-32.10454],[-58.17593,-32.10333],[-58.17546,-32.10278],[-58.17537,-32.1],[-58.17509,-32.1],[-58.17509,-32.10407],[-58.17565,-32.10463],[-58.17565,-32.10602],[-58.17593,-32.10602],[-58.17648,-32.11019],[-58.17676,-32.11019],[-58.17676,-32.11157],[-58.17704,-32.11157],[-58.17704,-32.11241],[-58.17731,-32.11241],[-58.17731,-32.11435],[-58.17759,-32.11435],[-58.17787,-32.11685],[-58.17815,-32.11685],[-58.17843,-32.12019],[-58.17898,-32.12074],[-58.17954,-32.12324],[-58.18037,-32.12407],[-58.18037,-32.12491],[-58.18065,-32.12491],[-58.18065,-32.12546],[-58.1812,-32.12602],[-58.1812,-32.12685],[-58.18148,-32.12685],[-58.18148,-32.12741],[-58.18204,-32.12796],[-58.18204,-32.1288],[-58.18259,-32.12935],[-58.18259,-32.13046],[-58.18287,-32.13046],[-58.18287,-32.13102],[-58.18343,-32.13157],[-58.18343,-32.13296],[-58.18398,-32.13324],[-58.18454,-32.13944],[-58.18519,-32.13954],[-58.18546,-32.14139],[-58.18574,-32.14148],[-58.18574,-32.14204],[-58.18602,-32.14204],[-58.18602,-32.14269],[-58.18657,-32.14306],[-58.18657,-32.14528],[-58.18685,-32.14537],[-58.18685,-32.14593],[-58.18713,-32.14593],[-58.18741,-32.1487],[-58.18852,-32.14898],[-58.18852,-32.14963],[-58.18796,-32.14963],[-58.18769,-32.15213],[-58.18685,-32.15296],[-58.18657,-32.15407],[-58.1863,-32.15407],[-58.1863,-32.15519],[-58.18602,-32.15528],[-58.18602,-32.15704],[-58.1863,-32.15704],[-58.18602,-32.15731],[-58.18611,-32.16306],[-58.18519,-32.16417],[-58.18519,-32.16463],[-58.18463,-32.16491],[-58.18463,-32.16546],[-58.1838,-32.16611],[-58.1838,-32.16657],[-58.18352,-32.16657],[-58.18269,-32.16778],[-58.18269,-32.16843],[-58.18361,-32.16898],[-58.18472,-32.16898],[-58.18481,-32.1687],[-58.18583,-32.16843],[-58.18593,-32.16787],[-58.18676,-32.16759],[-58.18731,-32.16676],[-58.18861,-32.16648],[-58.18954,-32.16593],[-58.18981,-32.16537],[-58.19074,-32.16509],[-58.19157,-32.16565],[-58.19157,-32.16611],[-58.19185,-32.1662],[-58.19204,-32.16852],[-58.19167,-32.16889],[-58.19167,-32.16972],[-58.19194,-32.17009],[-58.19306,-32.17009],[-58.1937,-32.16954],[-58.19639,-32.1687],[-58.19667,-32.16843],[-58.19657,-32.16787],[-58.19713,-32.16778],[-58.19731,-32.16731],[-58.19796,-32.16731],[-58.19824,-32.1688],[-58.19796,-32.16907],[-58.19685,-32.16907],[-58.19667,-32.16935],[-58.19565,-32.16935],[-58.19296,-32.17074],[-58.19176,-32.17046],[-58.1912,-32.16991],[-58.1912,-32.16935],[-58.19093,-32.16935],[-58.1912,-32.16926],[-58.1912,-32.16648],[-58.19148,-32.16583],[-58.1912,-32.16556],[-58.19009,-32.16556],[-58.18991,-32.1663],[-58.18704,-32.16741],[-58.18657,-32.16852],[-58.18519,-32.1688],[-58.18519,-32.16907],[-58.1788,-32.1688],[-58.17852,-32.16935],[-58.17796,-32.16935],[-58.17796,-32.16991],[-58.17685,-32.17065],[-58.17657,-32.1713],[-58.17602,-32.17148],[-58.17602,-32.17213],[-58.17519,-32.17278],[-58.17519,-32.17352],[-58.17491,-32.17352],[-58.17435,-32.17417],[-58.17435,-32.17463],[-58.17324,-32.17556],[-58.17296,-32.17685],[-58.17185,-32.17769],[-58.17157,-32.17852],[-58.16963,-32.18028],[-58.16963,-32.18065],[-58.1688,-32.18111],[-58.1688,-32.18157],[-58.16824,-32.18194],[-58.16796,-32.18269],[-58.16722,-32.18269],[-58.16602,-32.18407],[-58.16491,-32.18435],[-58.16407,-32.18546],[-58.16352,-32.18546],[-58.16296,-32.18602],[-58.16296,-32.18657],[-58.1625,-32.18657],[-58.16157,-32.18741],[-58.1613,-32.18852],[-58.15991,-32.18991],[-58.15991,-32.19046],[-58.15824,-32.19185],[-58.15824,-32.19241],[-58.15685,-32.1938],[-58.1563,-32.19389],[-58.1563,-32.19435],[-58.15407,-32.19657],[-58.15407,-32.19713],[-58.15324,-32.19796],[-58.1525,-32.19796],[-58.15213,-32.19852],[-58.15157,-32.19852],[-58.15157,-32.1988],[-58.15,-32.19935],[-58.14935,-32.19991],[-58.14907,-32.20037],[-58.14935,-32.20102],[-58.14833,-32.20139],[-58.14407,-32.20824],[-58.14296,-32.2088],[-58.14269,-32.20963],[-58.14222,-32.20963],[-58.14185,-32.21046],[-58.14046,-32.21157],[-58.14046,-32.21213],[-58.14,-32.21213],[-58.13907,-32.21324],[-58.13833,-32.21352],[-58.13769,-32.21463],[-58.13648,-32.21463],[-58.13407,-32.21611],[-58.13352,-32.21741],[-58.13241,-32.21843],[-58.13213,-32.21935],[-58.13185,-32.21935],[-58.13185,-32.21972],[-58.13102,-32.22056],[-58.13074,-32.22269],[-58.13019,-32.22296],[-58.13019,-32.22352],[-58.12991,-32.22352],[-58.12991,-32.22407],[-58.12963,-32.22407],[-58.12963,-32.22463],[-58.12935,-32.22472],[-58.12935,-32.22546],[-58.12824,-32.22667],[-58.12796,-32.2288],[-58.12713,-32.23],[-58.12713,-32.2313],[-58.12657,-32.23194],[-58.12574,-32.23407],[-58.12491,-32.23444],[-58.12491,-32.23519],[-58.12435,-32.23528],[-58.12435,-32.23574],[-58.1238,-32.23593],[-58.1238,-32.2363],[-58.12352,-32.2363],[-58.12269,-32.23722],[-58.12269,-32.23769],[-58.12213,-32.23806],[-58.12213,-32.23907],[-58.12157,-32.23944],[-58.12157,-32.24046],[-58.12102,-32.24083],[-58.12074,-32.24213],[-58.12019,-32.24241],[-58.12019,-32.24296],[-58.11963,-32.24333],[-58.11935,-32.24435],[-58.11852,-32.24519],[-58.11852,-32.24574],[-58.11713,-32.24713],[-58.11713,-32.24769],[-58.11574,-32.24907],[-58.11519,-32.24907],[-58.11491,-32.24963],[-58.11435,-32.24963],[-58.1138,-32.25046],[-58.11324,-32.25046],[-58.11269,-32.2513],[-58.11213,-32.2513],[-58.11157,-32.25185],[-58.10824,-32.25213],[-58.10824,-32.25241],[-58.10685,-32.25296],[-58.10685,-32.25324],[-58.10583,-32.25324],[-58.10574,-32.2538],[-58.10519,-32.25417],[-58.10491,-32.25657],[-58.10463,-32.25657],[-58.10463,-32.25889],[-58.10491,-32.25898],[-58.10491,-32.25981],[-58.10519,-32.25981],[-58.10519,-32.26204],[-58.10546,-32.26204],[-58.10546,-32.26444],[-58.10602,-32.26528],[-58.1063,-32.26852],[-58.10685,-32.26954],[-58.10685,-32.27083],[-58.10713,-32.27093],[-58.10741,-32.27306],[-58.10796,-32.27343],[-58.10824,-32.27546],[-58.10907,-32.27648],[-58.10907,-32.27731],[-58.10935,-32.27731],[-58.10991,-32.27889],[-58.11102,-32.27981],[-58.11157,-32.28111],[-58.11241,-32.28176],[-58.11241,-32.28231],[-58.11296,-32.28259],[-58.11296,-32.28306],[-58.11407,-32.28426],[-58.11435,-32.28537],[-58.11491,-32.28593],[-58.11491,-32.28667],[-58.11519,-32.28676],[-58.11519,-32.28778],[-58.11546,-32.28787],[-58.11546,-32.29102],[-58.11519,-32.29111],[-58.11491,-32.29324],[-58.11463,-32.29333],[-58.11463,-32.29593],[-58.11491,-32.29593],[-58.11463,-32.29602],[-58.11463,-32.29667],[-58.11491,-32.29778],[-58.11519,-32.29787],[-58.11556,-32.30028],[-58.11685,-32.30315],[-58.11713,-32.30611],[-58.11741,-32.3062],[-58.11741,-32.3075],[-58.11769,-32.30759],[-58.11769,-32.31028],[-58.11796,-32.31037],[-58.11796,-32.32056],[-58.11824,-32.32065],[-58.11824,-32.32472],[-58.11852,-32.32481],[-58.1188,-32.32694],[-58.11935,-32.32731],[-58.11935,-32.32778],[-58.12019,-32.3287],[-58.1213,-32.32981],[-58.12241,-32.33037],[-58.12241,-32.33065],[-58.12324,-32.33093],[-58.12324,-32.3312],[-58.12407,-32.33148],[-58.12491,-32.33231],[-58.12546,-32.33231],[-58.12546,-32.33259],[-58.12602,-32.33259],[-58.1275,-32.33361],[-58.12963,-32.33426],[-58.12972,-32.33454],[-58.13213,-32.33481],[-58.13222,-32.33509],[-58.13519,-32.33528],[-58.13528,-32.33556],[-58.1362,-32.33556],[-58.13611,-32.33481],[-58.13741,-32.335],[-58.13741,-32.33454],[-58.14,-32.33509],[-58.14,-32.33463],[-58.13944,-32.33463],[-58.13806,-32.33324],[-58.13759,-32.33324],[-58.13676,-32.33213],[-58.13324,-32.32907],[-58.13037,-32.32889],[-58.13,-32.32852],[-58.12898,-32.32852],[-58.12889,-32.32824],[-58.12843,-32.32824],[-58.12907,-32.32815],[-58.12917,-32.32843],[-58.13231,-32.32843],[-58.13204,-32.32704],[-58.13296,-32.32676],[-58.13296,-32.3275],[-58.13463,-32.32815],[-58.135,-32.3287],[-58.13546,-32.3287],[-58.13556,-32.32926],[-58.13694,-32.33037],[-58.13769,-32.33037],[-58.13824,-32.3312],[-58.13935,-32.33176],[-58.14074,-32.33315],[-58.14056,-32.33398],[-58.14111,-32.33398],[-58.14102,-32.33463],[-58.14074,-32.33472],[-58.14083,-32.33565],[-58.14213,-32.33593],[-58.14241,-32.33648],[-58.14324,-32.33676],[-58.1438,-32.33759],[-58.14491,-32.33815],[-58.14546,-32.33898],[-58.14611,-32.33954],[-58.14657,-32.33954],[-58.14694,-32.34009],[-58.14741,-32.34009],[-58.14806,-32.34065],[-58.1488,-32.34065],[-58.14935,-32.3412],[-58.14991,-32.3412],[-58.15222,-32.34259],[-58.15324,-32.34259],[-58.15352,-32.34315],[-58.15602,-32.3437],[-58.15602,-32.34398],[-58.15769,-32.34454],[-58.15907,-32.34593],[-58.15963,-32.34593],[-58.15991,-32.34648],[-58.16074,-32.34676],[-58.16185,-32.34787],[-58.16185,-32.34843],[-58.16269,-32.34898],[-58.16269,-32.34944],[-58.16324,-32.35],[-58.16389,-32.34981],[-58.16074,-32.34639],[-58.15917,-32.34546],[-58.15907,-32.34472],[-58.15861,-32.34491],[-58.1575,-32.34407],[-58.15704,-32.34407],[-58.15704,-32.34361],[-58.15509,-32.34324],[-58.15472,-32.34259],[-58.15398,-32.34278],[-58.15398,-32.34176],[-58.15287,-32.34176],[-58.15194,-32.34083],[-58.1513,-32.3412],[-58.15093,-32.34102],[-58.15083,-32.3413],[-58.14991,-32.34102],[-58.1512,-32.34074],[-58.15037,-32.34065],[-58.14981,-32.34019],[-58.14991,-32.33963],[-58.15056,-32.33972],[-58.15037,-32.33898],[-58.14991,-32.33898],[-58.14944,-32.33981],[-58.14907,-32.33972],[-58.14907,-32.33926],[-58.1487,-32.33935],[-58.14898,-32.3387],[-58.14852,-32.33824],[-58.14806,-32.33843],[-58.14824,-32.3388],[-58.14722,-32.33852],[-58.14778,-32.33796],[-58.14769,-32.33769],[-58.14694,-32.33769],[-58.14602,-32.33657],[-58.145,-32.33602],[-58.14463,-32.33546],[-58.14481,-32.33509],[-58.14435,-32.33435],[-58.14407,-32.33278],[-58.14444,-32.33259],[-58.14519,-32.33306],[-58.14519,-32.33231],[-58.14574,-32.3313],[-58.14546,-32.33065],[-58.14583,-32.33046],[-58.14574,-32.33],[-58.14528,-32.32991],[-58.14565,-32.32954],[-58.14565,-32.32917],[-58.14528,-32.32898],[-58.14574,-32.3287],[-58.14528,-32.32861],[-58.14546,-32.32815],[-58.14444,-32.32676],[-58.14435,-32.32611],[-58.14398,-32.32667],[-58.14361,-32.32602],[-58.1437,-32.32574],[-58.14407,-32.32602],[-58.14435,-32.32556],[-58.14407,-32.32463],[-58.14315,-32.32463],[-58.14306,-32.32407],[-58.14259,-32.3238],[-58.14287,-32.32509],[-58.1425,-32.32509],[-58.14213,-32.32565],[-58.14185,-32.32537],[-58.1412,-32.32565],[-58.1412,-32.32602],[-58.14185,-32.32602],[-58.14194,-32.3263],[-58.14111,-32.32704],[-58.14111,-32.32769],[-58.14167,-32.32787],[-58.14176,-32.32852],[-58.14213,-32.32824],[-58.14231,-32.32889],[-58.14315,-32.32907],[-58.14324,-32.33019],[-58.14296,-32.33046],[-58.14333,-32.33065],[-58.14306,-32.33111],[-58.1425,-32.33111],[-58.14222,-32.33157],[-58.14176,-32.33167],[-58.14185,-32.3312],[-58.14148,-32.3312],[-58.14102,-32.33056],[-58.13907,-32.33009],[-58.13833,-32.32926],[-58.13759,-32.32954],[-58.1362,-32.32852],[-58.13611,-32.32787],[-58.13176,-32.32593],[-58.13093,-32.32463],[-58.13037,-32.32454],[-58.12713,-32.3213],[-58.12741,-32.32019],[-58.12685,-32.32083],[-58.12648,-32.32074],[-58.12657,-32.31991],[-58.1263,-32.31944],[-58.12509,-32.31898],[-58.12519,-32.31843],[-58.12426,-32.31769],[-58.1237,-32.31611],[-58.12306,-32.31556],[-58.12315,-32.315],[-58.1238,-32.31537],[-58.12324,-32.31417],[-58.12287,-32.31398],[-58.12259,-32.31454],[-58.12241,-32.31407],[-58.12194,-32.31398],[-58.12213,-32.31574],[-58.12167,-32.31574],[-58.12139,-32.31509],[-58.12167,-32.31343],[-58.1213,-32.31009],[-58.12046,-32.30815],[-58.11991,-32.30519],[-58.11861,-32.30435],[-58.1187,-32.3038],[-58.11963,-32.3038],[-58.11917,-32.30139],[-58.11898,-32.30185],[-58.11926,-32.30194],[-58.11926,-32.30241],[-58.11907,-32.30296],[-58.1187,-32.30259],[-58.1188,-32.30333],[-58.11833,-32.30398],[-58.11861,-32.3062],[-58.11907,-32.30648],[-58.1187,-32.30676],[-58.11889,-32.30824],[-58.11972,-32.31065],[-58.11954,-32.3113],[-58.11991,-32.31148],[-58.11944,-32.31324],[-58.11907,-32.31361],[-58.11907,-32.31519],[-58.12009,-32.31694],[-58.12037,-32.31694],[-58.12028,-32.31537],[-58.12139,-32.31556],[-58.12148,-32.31611],[-58.12111,-32.3163],[-58.12213,-32.31704],[-58.12222,-32.31778],[-58.12296,-32.31824],[-58.12222,-32.31833],[-58.12056,-32.31926],[-58.11991,-32.31833],[-58.11889,-32.31759],[-58.11898,-32.31824],[-58.1187,-32.31852],[-58.11917,-32.3187],[-58.11917,-32.31907],[-58.1187,-32.31917],[-58.1188,-32.32019],[-58.11843,-32.31991],[-58.11815,-32.3188],[-58.11833,-32.31083],[-58.11778,-32.30741],[-58.11806,-32.30648],[-58.1175,-32.30574],[-58.11704,-32.30315],[-58.11843,-32.30139],[-58.11889,-32.30009],[-58.11935,-32.30037],[-58.11935,-32.29981],[-58.11926,-32.29815],[-58.11907,-32.29731],[-58.1188,-32.29722],[-58.11861,-32.29574],[-58.1188,-32.29222],[-58.11815,-32.29194],[-58.11796,-32.29241],[-58.11759,-32.29231],[-58.11741,-32.29157],[-58.11694,-32.29167],[-58.11694,-32.29111],[-58.1175,-32.29102],[-58.11722,-32.29065],[-58.11759,-32.29046],[-58.11787,-32.28944],[-58.11861,-32.28852],[-58.11843,-32.28796],[-58.11889,-32.28815],[-58.1188,-32.28898],[-58.11833,-32.28917],[-58.11843,-32.28991],[-58.11898,-32.28963],[-58.11898,-32.28917],[-58.12009,-32.28806],[-58.11889,-32.28769],[-58.11907,-32.28667],[-58.12083,-32.28657],[-58.11991,-32.28639],[-58.11991,-32.28574],[-58.11954,-32.28574],[-58.11944,-32.28537],[-58.11991,-32.285],[-58.12083,-32.28546],[-58.12083,-32.285],[-58.1213,-32.285],[-58.12176,-32.28574],[-58.12093,-32.28602],[-58.12083,-32.28639],[-58.12157,-32.2862],[-58.12148,-32.28657],[-58.12194,-32.28722],[-58.12204,-32.28639],[-58.1225,-32.2863],[-58.12213,-32.28593],[-58.12259,-32.28519],[-58.12361,-32.28463],[-58.12296,-32.28435],[-58.12306,-32.28407],[-58.12426,-32.28296],[-58.12454,-32.28352],[-58.12491,-32.28352],[-58.12472,-32.28315],[-58.12509,-32.28278],[-58.12565,-32.28296],[-58.12565,-32.28352],[-58.1262,-32.28306],[-58.12657,-32.28306],[-58.12667,-32.28343],[-58.12769,-32.28343],[-58.12722,-32.28417],[-58.12741,-32.28509],[-58.12787,-32.28463],[-58.12852,-32.28481],[-58.12861,-32.28426],[-58.12833,-32.28398],[-58.12898,-32.2838],[-58.12843,-32.28352],[-58.1288,-32.28296],[-58.12815,-32.28315],[-58.12787,-32.28287],[-58.12907,-32.28278],[-58.12944,-32.28315],[-58.12898,-32.28343],[-58.12907,-32.28472],[-58.12824,-32.28519],[-58.12981,-32.28583],[-58.12972,-32.28685],[-58.13028,-32.28722],[-58.13037,-32.28787],[-58.13093,-32.28806],[-58.13111,-32.28907],[-58.1325,-32.28889],[-58.1325,-32.28843],[-58.13287,-32.28815],[-58.13352,-32.28889],[-58.13398,-32.28815],[-58.13352,-32.2875],[-58.13269,-32.28796],[-58.13231,-32.28769],[-58.13296,-32.28759],[-58.13343,-32.28713],[-58.13296,-32.28676],[-58.13259,-32.28676],[-58.13287,-32.28704],[-58.13269,-32.28722],[-58.13157,-32.28694],[-58.13185,-32.2863],[-58.13176,-32.28528],[-58.13213,-32.28509],[-58.13306,-32.28565],[-58.13333,-32.28537],[-58.13324,-32.28509],[-58.13259,-32.28509],[-58.13269,-32.28426],[-58.13204,-32.28454],[-58.13139,-32.2838],[-58.13176,-32.28269],[-58.13213,-32.28259],[-58.13157,-32.2825],[-58.13019,-32.2813],[-58.12954,-32.28157],[-58.12907,-32.2813],[-58.12907,-32.28093],[-58.12759,-32.28074],[-58.1275,-32.2813],[-58.12889,-32.28204],[-58.12824,-32.28231],[-58.12722,-32.28111],[-58.12593,-32.28176],[-58.12463,-32.28176],[-58.12481,-32.28213],[-58.12435,-32.28176],[-58.12231,-32.28167],[-58.12157,-32.28176],[-58.12176,-32.28213],[-58.12139,-32.28222],[-58.12028,-32.28167],[-58.12056,-32.28111],[-58.1212,-32.28083],[-58.12213,-32.28102],[-58.12231,-32.28037],[-58.12361,-32.27991],[-58.12315,-32.27963],[-58.12324,-32.27935],[-58.12426,-32.2788],[-58.12481,-32.27889],[-58.12509,-32.27954],[-58.12537,-32.27917],[-58.12583,-32.27917],[-58.12657,-32.28019],[-58.12769,-32.27991],[-58.1275,-32.27944],[-58.12722,-32.27981],[-58.12685,-32.27972],[-58.12713,-32.27907],[-58.12694,-32.2787],[-58.12519,-32.27824],[-58.12565,-32.27769],[-58.12519,-32.27731],[-58.12537,-32.27704],[-58.12639,-32.27722],[-58.12574,-32.27759],[-58.12648,-32.27787],[-58.12602,-32.27824],[-58.12713,-32.27852],[-58.12731,-32.27815],[-58.12833,-32.27778],[-58.12806,-32.27731],[-58.12852,-32.27704],[-58.12787,-32.27676],[-58.12769,-32.27722],[-58.12731,-32.27713],[-58.1275,-32.27648],[-58.12704,-32.27639],[-58.12676,-32.27583],[-58.12528,-32.27556],[-58.12546,-32.27426],[-58.12519,-32.27389],[-58.12463,-32.27389],[-58.12417,-32.27481],[-58.12333,-32.27519],[-58.12296,-32.27611],[-58.12213,-32.27593],[-58.12231,-32.27685],[-58.12185,-32.27731],[-58.12148,-32.27713],[-58.1213,-32.2775],[-58.12065,-32.27759],[-58.12046,-32.27824],[-58.11954,-32.27843],[-58.11972,-32.2788],[-58.11889,-32.27917],[-58.11889,-32.28083],[-58.11843,-32.28102],[-58.11815,-32.28074],[-58.11815,-32.28037],[-58.11722,-32.27935],[-58.11704,-32.27852],[-58.11648,-32.27843],[-58.11648,-32.27759],[-58.1162,-32.27759],[-58.11611,-32.27704],[-58.11639,-32.27657],[-58.11704,-32.27657],[-58.11685,-32.2762],[-58.11778,-32.27602],[-58.11889,-32.27463],[-58.1188,-32.27435],[-58.11796,-32.27444],[-58.11759,-32.27398],[-58.11759,-32.27333],[-58.11704,-32.27296],[-58.11759,-32.27269],[-58.11722,-32.27241],[-58.11731,-32.27111],[-58.11787,-32.27074],[-58.11852,-32.27111],[-58.1188,-32.27046],[-58.11824,-32.26981],[-58.1175,-32.27009],[-58.11787,-32.2687],[-58.11935,-32.26898],[-58.11935,-32.26852],[-58.11889,-32.26861],[-58.1187,-32.26796],[-58.11926,-32.26704],[-58.11861,-32.26667],[-58.11833,-32.26583],[-58.11861,-32.26509],[-58.11815,-32.26454],[-58.11861,-32.26426],[-58.11333,-32.26435],[-58.11324,-32.26398],[-58.11861,-32.2638],[-58.11843,-32.26315],[-58.1187,-32.26306],[-58.1187,-32.2625],[-58.11907,-32.26306],[-58.11889,-32.26185],[-58.11926,-32.26157],[-58.11944,-32.26065],[-58.11981,-32.26046],[-58.12065,-32.26111],[-58.12093,-32.26074],[-58.1213,-32.26093],[-58.12194,-32.26065],[-58.12204,-32.26037],[-58.12324,-32.26102],[-58.12352,-32.26157],[-58.12204,-32.2613],[-58.12194,-32.26185],[-58.12296,-32.26231],[-58.12269,-32.26296],[-58.1238,-32.26306],[-58.12398,-32.26352],[-58.12463,-32.26343],[-58.12463,-32.26278],[-58.12509,-32.26269],[-58.12435,-32.26204],[-58.12491,-32.26231],[-58.12537,-32.26167],[-58.12583,-32.26157],[-58.12556,-32.26093],[-58.12481,-32.26102],[-58.12444,-32.26074],[-58.12472,-32.26046],[-58.12472,-32.25981],[-58.12444,-32.25972],[-58.12315,-32.25981],[-58.12167,-32.25926],[-58.12139,-32.25954],[-58.12167,-32.25991],[-58.12046,-32.25981],[-58.12102,-32.25972],[-58.12065,-32.25935],[-58.12083,-32.2588],[-58.12167,-32.2588],[-58.12157,-32.2563],[-58.12204,-32.25537],[-58.12306,-32.25491],[-58.12287,-32.25454],[-58.12556,-32.25472],[-58.12593,-32.25435],[-58.12519,-32.25343],[-58.12574,-32.25315],[-58.12565,-32.25231],[-58.12602,-32.25231],[-58.1262,-32.25176],[-58.12574,-32.25148],[-58.12444,-32.25148],[-58.12417,-32.25167],[-58.12435,-32.25213],[-58.12343,-32.25222],[-58.12306,-32.25194],[-58.12306,-32.25167],[-58.12352,-32.25167],[-58.12343,-32.25139],[-58.12278,-32.2513],[-58.12324,-32.24963],[-58.12278,-32.24926],[-58.12324,-32.24926],[-58.12324,-32.2488],[-58.12287,-32.24861],[-58.12296,-32.24787],[-58.1225,-32.24759],[-58.12296,-32.24722],[-58.12352,-32.24815],[-58.12398,-32.2462],[-58.12472,-32.24481],[-58.12537,-32.24435],[-58.1263,-32.24491],[-58.1262,-32.24574],[-58.12648,-32.2463],[-58.12704,-32.24583],[-58.12722,-32.24611],[-58.12778,-32.24583],[-58.12787,-32.24537],[-58.12731,-32.24472],[-58.12722,-32.24398],[-58.12843,-32.24389],[-58.1288,-32.24306],[-58.12852,-32.24222],[-58.12778,-32.24213],[-58.12787,-32.24176],[-58.12713,-32.24231],[-58.12639,-32.24185],[-58.12583,-32.24019],[-58.1262,-32.23944],[-58.12769,-32.23926],[-58.12759,-32.23972],[-58.12806,-32.23972],[-58.1288,-32.23963],[-58.12926,-32.23907],[-58.13019,-32.23926],[-58.13065,-32.23981],[-58.13213,-32.24],[-58.13269,-32.24037],[-58.13269,-32.2413],[-58.13361,-32.24185],[-58.13463,-32.24185],[-58.13491,-32.24157],[-58.13509,-32.24204],[-58.1363,-32.24231],[-58.13639,-32.24176],[-58.13685,-32.24176],[-58.13741,-32.24278],[-58.13796,-32.24287],[-58.13815,-32.24352],[-58.13861,-32.24361],[-58.13889,-32.24352],[-58.13898,-32.24287],[-58.13944,-32.24269],[-58.13917,-32.24176],[-58.14,-32.24176],[-58.14009,-32.24222],[-58.13935,-32.24315],[-58.13926,-32.24389],[-58.13963,-32.24463],[-58.14037,-32.24509],[-58.14065,-32.24481],[-58.14009,-32.2437],[-58.14056,-32.24333],[-58.14065,-32.24204],[-58.1412,-32.24185],[-58.14139,-32.24213],[-58.14102,-32.24324],[-58.14167,-32.24426],[-58.14222,-32.24454],[-58.14213,-32.24602],[-58.1425,-32.24657],[-58.14306,-32.24676],[-58.14315,-32.24722],[-58.14306,-32.24778],[-58.14231,-32.24806],[-58.14231,-32.24843],[-58.14269,-32.24824],[-58.14306,-32.24852],[-58.14231,-32.24852],[-58.1412,-32.24935],[-58.14148,-32.25046],[-58.14185,-32.25046],[-58.14167,-32.25009],[-58.14194,-32.24981],[-58.14269,-32.24991],[-58.14231,-32.2513],[-58.1437,-32.24991],[-58.14315,-32.24991],[-58.14278,-32.24917],[-58.14352,-32.24898],[-58.14361,-32.24815],[-58.14333,-32.24787],[-58.14361,-32.2475],[-58.14324,-32.24657],[-58.14361,-32.2463],[-58.14352,-32.24537],[-58.14426,-32.24444],[-58.14417,-32.24343],[-58.14463,-32.24324],[-58.14481,-32.24389],[-58.14657,-32.2438],[-58.14722,-32.24417],[-58.14778,-32.24361],[-58.14852,-32.24361],[-58.14889,-32.24417],[-58.15074,-32.24278],[-58.15074,-32.24231],[-58.15028,-32.24204],[-58.15028,-32.24037],[-58.14981,-32.24019],[-58.14972,-32.23917],[-58.14944,-32.23981],[-58.14852,-32.24009],[-58.1487,-32.24037],[-58.14935,-32.24037],[-58.14917,-32.24083],[-58.14944,-32.24102],[-58.1487,-32.2413],[-58.14898,-32.24093],[-58.14815,-32.24093],[-58.14787,-32.24065],[-58.14778,-32.24102],[-58.14731,-32.24111],[-58.1475,-32.24028],[-58.14648,-32.24093],[-58.14648,-32.24037],[-58.14454,-32.23981],[-58.14435,-32.23926],[-58.14324,-32.23852],[-58.14324,-32.23815],[-58.14259,-32.23852],[-58.14157,-32.23787],[-58.13981,-32.23769],[-58.13926,-32.23713],[-58.13815,-32.23713],[-58.13889,-32.23648],[-58.13685,-32.23713],[-58.13509,-32.23657],[-58.13528,-32.23565],[-58.13481,-32.23546],[-58.13435,-32.23435],[-58.13491,-32.23352],[-58.13574,-32.23315],[-58.13528,-32.23306],[-58.13398,-32.23398],[-58.13389,-32.2337],[-58.13463,-32.23306],[-58.13463,-32.2325],[-58.13157,-32.23444],[-58.13009,-32.23398],[-58.12963,-32.23315],[-58.12972,-32.23259],[-58.12926,-32.2325],[-58.12889,-32.23287],[-58.12769,-32.23269],[-58.12833,-32.23231],[-58.12713,-32.23259],[-58.12778,-32.23009],[-58.12852,-32.22963],[-58.12843,-32.22759],[-58.12889,-32.22704],[-58.12981,-32.22667],[-58.13046,-32.22685],[-58.12981,-32.22639],[-58.13009,-32.22574],[-58.12981,-32.22537],[-58.13083,-32.22481],[-58.13028,-32.22398],[-58.13102,-32.22398],[-58.13167,-32.22074],[-58.13278,-32.2187],[-58.13472,-32.2163],[-58.13593,-32.21537],[-58.13778,-32.21528],[-58.13954,-32.21352],[-58.14102,-32.2137],[-58.14111,-32.21315],[-58.14157,-32.21306],[-58.14139,-32.21231],[-58.14167,-32.21176],[-58.14139,-32.21148],[-58.14194,-32.2113],[-58.14204,-32.21167],[-58.14269,-32.21167],[-58.14213,-32.21102],[-58.14176,-32.21102],[-58.14241,-32.21009],[-58.14343,-32.20926],[-58.14407,-32.20981],[-58.14491,-32.20991],[-58.14676,-32.20824],[-58.14787,-32.20769],[-58.14963,-32.20769],[-58.15093,-32.2088],[-58.1513,-32.2088],[-58.15176,-32.20954],[-58.15157,-32.21009],[-58.15111,-32.21019],[-58.15139,-32.2112],[-58.15102,-32.21148],[-58.15074,-32.21278],[-58.1512,-32.21333],[-58.15176,-32.21296],[-58.15222,-32.21315],[-58.15231,-32.2138],[-58.15185,-32.21435],[-58.15204,-32.21491],[-58.15241,-32.21481],[-58.15231,-32.21546],[-58.15278,-32.21574],[-58.15269,-32.21685],[-58.15324,-32.21657],[-58.15343,-32.21593],[-58.15398,-32.21574],[-58.15463,-32.21583],[-58.15509,-32.21685],[-58.15574,-32.21667],[-58.15713,-32.21824],[-58.15722,-32.21889],[-58.15787,-32.21926],[-58.15713,-32.21972],[-58.15731,-32.22046],[-58.15787,-32.22019],[-58.15769,-32.21981],[-58.15806,-32.21954],[-58.15843,-32.21954],[-58.15889,-32.22019],[-58.15926,-32.21981],[-58.15972,-32.22009],[-58.16093,-32.21991],[-58.16111,-32.21917],[-58.15926,-32.21917],[-58.15889,-32.21824],[-58.15926,-32.21704],[-58.1588,-32.21704],[-58.1587,-32.21769],[-58.15815,-32.21778],[-58.15824,-32.21833],[-58.1575,-32.21824],[-58.1575,-32.21731],[-58.15824,-32.21731],[-58.15824,-32.21657],[-58.1575,-32.21676],[-58.15694,-32.21602],[-58.15565,-32.21556],[-58.15546,-32.21509],[-58.15343,-32.2138],[-58.15417,-32.21269],[-58.15407,-32.21139],[-58.15472,-32.21111],[-58.15546,-32.21148],[-58.15574,-32.2112],[-58.15574,-32.21093],[-58.15472,-32.21028],[-58.15528,-32.20843],[-58.15472,-32.20741],[-58.15454,-32.20537],[-58.15519,-32.20481],[-58.15556,-32.20389],[-58.15648,-32.2037],[-58.15694,-32.20417],[-58.15713,-32.20398],[-58.15676,-32.20343],[-58.15778,-32.20361],[-58.15787,-32.20278],[-58.15843,-32.2025],[-58.15944,-32.20269],[-58.15954,-32.20231],[-58.1587,-32.20241],[-58.1587,-32.20185],[-58.15991,-32.20222],[-58.16028,-32.20185],[-58.16019,-32.2012],[-58.15944,-32.20139],[-58.1588,-32.20083],[-58.15843,-32.20093],[-58.15806,-32.20204],[-58.15741,-32.20278],[-58.1562,-32.20296],[-58.15417,-32.20083],[-58.14972,-32.20074],[-58.14972,-32.20009],[-58.15213,-32.19889],[-58.15241,-32.19843],[-58.15398,-32.19824],[-58.1538,-32.19787],[-58.15444,-32.19676],[-58.15546,-32.19611],[-58.15565,-32.19546],[-58.15713,-32.1937],[-58.15852,-32.19343],[-58.15907,-32.1938],[-58.15944,-32.19278],[-58.15898,-32.19213],[-58.15935,-32.19185],[-58.15926,-32.19241],[-58.15963,-32.19259],[-58.16074,-32.19176],[-58.16111,-32.19102],[-58.16102,-32.19037],[-58.16,-32.1913],[-58.15981,-32.19093],[-58.16019,-32.19028],[-58.1613,-32.19],[-58.16176,-32.18787],[-58.16472,-32.18491],[-58.16546,-32.18491],[-58.1662,-32.18407],[-58.16741,-32.18417],[-58.16769,-32.18389],[-58.16843,-32.18602],[-58.16935,-32.18565],[-58.16981,-32.18593],[-58.16963,-32.18657],[-58.17046,-32.18657],[-58.17093,-32.18704],[-58.17222,-32.18731],[-58.17231,-32.18833],[-58.17343,-32.18852],[-58.17343,-32.18889],[-58.1737,-32.18843],[-58.17407,-32.18843],[-58.17407,-32.18889],[-58.17361,-32.18889],[-58.1737,-32.18917],[-58.1763,-32.18861],[-58.17787,-32.18944],[-58.17787,-32.1887],[-58.17713,-32.1887],[-58.17657,-32.18778],[-58.17574,-32.18778],[-58.17667,-32.18731],[-58.17491,-32.18731],[-58.17426,-32.18694],[-58.17343,-32.18778],[-58.17167,-32.1863],[-58.17093,-32.1862],[-58.17046,-32.18481],[-58.16935,-32.18435],[-58.16935,-32.1838],[-58.16991,-32.18361],[-58.17,-32.18324],[-58.16963,-32.18259],[-58.16926,-32.18269],[-58.16963,-32.18194],[-58.16926,-32.18194],[-58.16907,-32.18148],[-58.17,-32.18093],[-58.17009,-32.18037],[-58.17343,-32.17685],[-58.17352,-32.17593],[-58.17472,-32.17519],[-58.17565,-32.17315],[-58.17648,-32.17241],[-58.17648,-32.17148],[-58.17741,-32.17093],[-58.1787,-32.16926],[-58.18046,-32.16926],[-58.18009,-32.16981],[-58.18093,-32.16991],[-58.18083,-32.17028],[-58.18037,-32.17019],[-58.18046,-32.17074],[-58.18194,-32.17102],[-58.1825,-32.17102],[-58.18269,-32.17065],[-58.18176,-32.17056],[-58.1813,-32.17019],[-58.18167,-32.16991],[-58.18176,-32.16917],[-58.18361,-32.16944],[-58.18593,-32.16926],[-58.18519,-32.16981],[-58.18361,-32.16981],[-58.18426,-32.17056],[-58.18389,-32.17093],[-58.18417,-32.17148],[-58.18472,-32.17204],[-58.18519,-32.17194],[-58.18546,-32.17241],[-58.18593,-32.17213],[-58.1862,-32.17139],[-58.18574,-32.17037],[-58.18722,-32.16963],[-58.18685,-32.1687],[-58.18787,-32.16787],[-58.18898,-32.16759],[-58.18935,-32.16824],[-58.1887,-32.16889],[-58.18898,-32.16954],[-58.1887,-32.16991],[-58.1888,-32.17065],[-58.18787,-32.17157],[-58.18778,-32.17241],[-58.18935,-32.17287],[-58.18935,-32.1725],[-58.19009,-32.17204],[-58.1913,-32.17231],[-58.19213,-32.17111],[-58.19269,-32.17093],[-58.19231,-32.17259],[-58.19306,-32.17269],[-58.19361,-32.17343],[-58.19361,-32.17398],[-58.19259,-32.1738],[-58.19287,-32.17426],[-58.19435,-32.17417],[-58.19435,-32.1737],[-58.19565,-32.17324],[-58.19565,-32.17287],[-58.19769,-32.17315],[-58.19824,-32.17278],[-58.19833,-32.17315],[-58.19907,-32.17343],[-58.20019,-32.17593],[-58.20194,-32.17676],[-58.20213,-32.17787],[-58.20306,-32.17722],[-58.20269,-32.17639],[-58.20296,-32.17602],[-58.20296,-32.17454],[-58.2025,-32.17435],[-58.20269,-32.17398],[-58.20194,-32.17333],[-58.20259,-32.17259],[-58.20407,-32.17259],[-58.20509,-32.17315],[-58.20583,-32.17287],[-58.20685,-32.17343],[-58.20824,-32.17343],[-58.2087,-32.1737],[-58.20944,-32.17296],[-58.21065,-32.17324],[-58.21083,-32.17269],[-58.21231,-32.17185],[-58.21389,-32.17185],[-58.21472,-32.17222],[-58.215,-32.17278],[-58.21574,-32.17287],[-58.21593,-32.17324],[-58.21648,-32.17306],[-58.21648,-32.17278],[-58.21713,-32.17324],[-58.21824,-32.17287],[-58.21824,-32.17231],[-58.21796,-32.17204],[-58.21704,-32.17204],[-58.2163,-32.17139],[-58.21574,-32.17028],[-58.21491,-32.17037],[-58.21407,-32.17139],[-58.21333,-32.17111],[-58.21324,-32.17157],[-58.21204,-32.17167],[-58.21148,-32.17065],[-58.21204,-32.17019],[-58.21259,-32.17019],[-58.21278,-32.16935],[-58.21194,-32.16806],[-58.21194,-32.16713],[-58.21102,-32.16694],[-58.21102,-32.16639],[-58.21157,-32.16639],[-58.21222,-32.16704],[-58.21213,-32.16741],[-58.21315,-32.16815],[-58.21324,-32.16963],[-58.21361,-32.17019],[-58.21435,-32.16991],[-58.21444,-32.16898],[-58.21491,-32.1688],[-58.21537,-32.16907],[-58.21537,-32.16963],[-58.21657,-32.16991],[-58.21704,-32.17074],[-58.21769,-32.17102],[-58.2175,-32.17037],[-58.21787,-32.16981],[-58.21833,-32.16991],[-58.21787,-32.16889],[-58.21824,-32.16824],[-58.21796,-32.1675],[-58.21861,-32.16694],[-58.21935,-32.16713],[-58.21926,-32.16667],[-58.2213,-32.16676],[-58.22148,-32.16713],[-58.22324,-32.16741],[-58.22574,-32.16657],[-58.22731,-32.165],[-58.22833,-32.16556],[-58.22806,-32.16509],[-58.22889,-32.16444],[-58.23102,-32.1638],[-58.23139,-32.16333],[-58.23157,-32.16259],[-58.2312,-32.16231],[-58.23167,-32.16204],[-58.2312,-32.16176],[-58.23176,-32.16176],[-58.23185,-32.16139],[-58.23241,-32.1612],[-58.23148,-32.16139],[-58.2313,-32.16093],[-58.23185,-32.16074],[-58.23185,-32.16028],[-58.23241,-32.16037],[-58.23241,-32.16009],[-58.2313,-32.15981],[-58.2313,-32.16019],[-58.23111,-32.16019],[-58.23102,-32.15954],[-58.22898,-32.15954],[-58.22843,-32.16009],[-58.22806,-32.1613],[-58.22667,-32.16231],[-58.22509,-32.16204],[-58.2237,-32.16009],[-58.22259,-32.1612],[-58.22148,-32.16176],[-58.22111,-32.1625],[-58.22056,-32.16269],[-58.22,-32.16398],[-58.21796,-32.16435],[-58.21481,-32.16389],[-58.21269,-32.16278],[-58.21111,-32.16259],[-58.21111,-32.16213],[-58.21157,-32.16222],[-58.21167,-32.1613],[-58.21296,-32.16148],[-58.21315,-32.1612],[-58.21167,-32.16083],[-58.2113,-32.16046],[-58.21093,-32.16074],[-58.21093,-32.16037],[-58.21065,-32.16037],[-58.20963,-32.16111],[-58.20833,-32.1612],[-58.20852,-32.16213],[-58.20778,-32.16231],[-58.20741,-32.1637],[-58.20815,-32.16426],[-58.20806,-32.16565],[-58.20704,-32.16639],[-58.20667,-32.16713],[-58.2062,-32.16713],[-58.20556,-32.16685],[-58.20398,-32.16528],[-58.20333,-32.16352],[-58.20269,-32.16324],[-58.20269,-32.16296],[-58.20093,-32.16343],[-58.19963,-32.16269],[-58.19704,-32.16231],[-58.19639,-32.16278],[-58.19556,-32.16417],[-58.19611,-32.16222],[-58.19481,-32.16083],[-58.19463,-32.16009],[-58.19352,-32.15898],[-58.19296,-32.15778],[-58.19259,-32.15769],[-58.19306,-32.15731],[-58.19204,-32.15741],[-58.19176,-32.15713],[-58.1913,-32.15787],[-58.19056,-32.15787],[-58.18963,-32.15694],[-58.18694,-32.1575],[-58.1863,-32.15676],[-58.1862,-32.15583],[-58.18713,-32.15315],[-58.18778,-32.1525],[-58.18843,-32.15241],[-58.18907,-32.15157],[-58.18861,-32.1513],[-58.18926,-32.15019],[-58.18898,-32.14981],[-58.18926,-32.14917],[-58.19,-32.14917],[-58.18991,-32.1487],[-58.18917,-32.14852],[-58.18926,-32.14713],[-58.18972,-32.14731],[-58.18954,-32.14769],[-58.18981,-32.14824],[-58.19046,-32.14833],[-58.19074,-32.14713],[-58.1912,-32.14685],[-58.19102,-32.14648],[-58.19176,-32.14667],[-58.19231,-32.1463],[-58.19102,-32.14574],[-58.19176,-32.14491],[-58.19157,-32.14426],[-58.19102,-32.14407],[-58.19028,-32.14491],[-58.19028,-32.14593],[-58.18963,-32.14565],[-58.19009,-32.145],[-58.19019,-32.14426],[-58.18991,-32.14389],[-58.19046,-32.14333],[-58.19083,-32.1412],[-58.19204,-32.14009],[-58.19167,-32.13926],[-58.19296,-32.13685],[-58.19315,-32.13389],[-58.1925,-32.13361],[-58.1925,-32.13287],[-58.19333,-32.13333],[-58.19343,-32.1338],[-58.1937,-32.13296],[-58.19426,-32.13315],[-58.19389,-32.13343],[-58.19417,-32.13417],[-58.19463,-32.13407],[-58.19481,-32.13306],[-58.19528,-32.13296],[-58.19491,-32.13259],[-58.195,-32.13204],[-58.19444,-32.13222],[-58.19435,-32.13148],[-58.19343,-32.13111],[-58.19315,-32.13056],[-58.19352,-32.13046],[-58.1937,-32.12972],[-58.19407,-32.13],[-58.19444,-32.12963],[-58.19417,-32.12917],[-58.19435,-32.12889],[-58.19519,-32.12898],[-58.19509,-32.12935],[-58.19676,-32.12926],[-58.19843,-32.12991],[-58.19898,-32.12926],[-58.19935,-32.12926],[-58.19907,-32.12843],[-58.19861,-32.12843],[-58.1988,-32.12778],[-58.19778,-32.12769],[-58.19778,-32.12694],[-58.1975,-32.12704],[-58.19759,-32.12741],[-58.19722,-32.12741],[-58.1975,-32.12648],[-58.19704,-32.1263],[-58.19722,-32.12593],[-58.19694,-32.12537],[-58.1963,-32.12519],[-58.19648,-32.12417],[-58.1962,-32.1238],[-58.19657,-32.12343],[-58.1962,-32.12343],[-58.19593,-32.12259],[-58.19537,-32.12222],[-58.19537,-32.12176],[-58.19602,-32.12148],[-58.19574,-32.1212],[-58.19519,-32.1213],[-58.19556,-32.12093],[-58.195,-32.12093],[-58.19472,-32.12046],[-58.19546,-32.12037],[-58.19481,-32.11889],[-58.19509,-32.11796],[-58.19472,-32.11722],[-58.19472,-32.11676],[-58.19509,-32.11657],[-58.19481,-32.1163],[-58.19509,-32.11593],[-58.19472,-32.11546],[-58.19472,-32.11481],[-58.195,-32.11472],[-58.19481,-32.11398],[-58.19509,-32.1138],[-58.19472,-32.11324],[-58.195,-32.11204],[-58.19463,-32.10972],[-58.19417,-32.10926],[-58.19435,-32.10769],[-58.19537,-32.10694]],[[-58.18093,-32.11111],[-58.1812,-32.11028],[-58.18148,-32.11037],[-58.1813,-32.11111],[-58.18093,-32.11111]],[[-58.18269,-32.12074],[-58.18167,-32.12056],[-58.18167,-32.12028],[-58.18296,-32.12009],[-58.18269,-32.12074]],[[-58.18389,-32.12111],[-58.18389,-32.12491],[-58.18417,-32.12546],[-58.18333,-32.12667],[-58.1837,-32.12694],[-58.1838,-32.12759],[-58.18361,-32.12898],[-58.1837,-32.12935],[-58.18435,-32.12907],[-58.18472,-32.12944],[-58.18481,-32.13102],[-58.18528,-32.13185],[-58.1862,-32.13259],[-58.18593,-32.13278],[-58.18602,-32.13463],[-58.1863,-32.13528],[-58.18694,-32.13565],[-58.18648,-32.13639],[-58.18648,-32.13593],[-58.18593,-32.13556],[-58.18583,-32.13694],[-58.18639,-32.13759],[-58.18639,-32.13889],[-58.18593,-32.1388],[-58.18593,-32.13963],[-58.18537,-32.13935],[-58.18509,-32.13861],[-58.18417,-32.1325],[-58.1837,-32.13185],[-58.18296,-32.12917],[-58.18333,-32.12861],[-58.18343,-32.12741],[-58.18278,-32.1262],[-58.18278,-32.12509],[-58.18324,-32.12444],[-58.18306,-32.12231],[-58.18333,-32.12009],[-58.18389,-32.12111]],[[-58.17972,-32.1213],[-58.17935,-32.12083],[-58.17944,-32.12046],[-58.17981,-32.12065],[-58.17972,-32.1213]],[[-58.1812,-32.12278],[-58.18241,-32.12333],[-58.18148,-32.12306],[-58.1813,-32.12407],[-58.18176,-32.12463],[-58.18176,-32.1237],[-58.18269,-32.12426],[-58.18194,-32.12537],[-58.18231,-32.12565],[-58.18204,-32.12602],[-58.18269,-32.12796],[-58.18231,-32.12769],[-58.18213,-32.12676],[-58.18157,-32.1263],[-58.18139,-32.12528],[-58.18065,-32.12435],[-58.18037,-32.12333],[-58.18037,-32.12296],[-58.18083,-32.12315],[-58.1812,-32.12278]],[[-58.1862,-32.12519],[-58.18648,-32.12824],[-58.18713,-32.12963],[-58.18769,-32.13],[-58.18769,-32.13102],[-58.18731,-32.13074],[-58.18731,-32.13],[-58.18639,-32.12944],[-58.18639,-32.1287],[-58.18593,-32.12824],[-58.18602,-32.12704],[-58.18574,-32.12648],[-58.1862,-32.12519]],[[-58.18852,-32.12657],[-58.1887,-32.12685],[-58.18843,-32.12722],[-58.18815,-32.12574],[-58.18843,-32.12528],[-58.1888,-32.12537],[-58.18852,-32.12657]],[[-58.19213,-32.12787],[-58.1913,-32.12759],[-58.1912,-32.12731],[-58.19222,-32.12759],[-58.19213,-32.12787]],[[-58.18704,-32.14222],[-58.1875,-32.14102],[-58.18778,-32.13731],[-58.18815,-32.13648],[-58.18824,-32.13241],[-58.1887,-32.13083],[-58.18843,-32.12806],[-58.1888,-32.12787],[-58.1888,-32.13167],[-58.18917,-32.13241],[-58.1887,-32.13278],[-58.18972,-32.13296],[-58.18917,-32.13361],[-58.18935,-32.13444],[-58.18861,-32.13546],[-58.18954,-32.13667],[-58.18917,-32.13713],[-58.19028,-32.13806],[-58.19028,-32.13861],[-58.19009,-32.1388],[-58.18981,-32.13843],[-58.18963,-32.1387],[-58.1888,-32.14176],[-58.18815,-32.14139],[-58.18778,-32.14269],[-58.18741,-32.14287],[-58.18824,-32.14407],[-58.18824,-32.14472],[-58.18787,-32.14472],[-58.18787,-32.145],[-58.18824,-32.14491],[-58.18833,-32.14519],[-58.18769,-32.14593],[-58.18713,-32.14546],[-58.18704,-32.14222]],[[-58.19241,-32.12806],[-58.19194,-32.1287],[-58.19176,-32.12796],[-58.19241,-32.12806]],[[-58.18639,-32.13074],[-58.18565,-32.13074],[-58.18565,-32.13037],[-58.18602,-32.13037],[-58.1862,-32.12991],[-58.18667,-32.13],[-58.18639,-32.13074]],[[-58.18769,-32.16009],[-58.18824,-32.16056],[-58.18815,-32.16213],[-58.18759,-32.1625],[-58.18759,-32.16352],[-58.18704,-32.16389],[-58.18704,-32.16435],[-58.18731,-32.16454],[-58.18731,-32.16528],[-58.18907,-32.16491],[-58.18926,-32.16546],[-58.18787,-32.16602],[-58.18565,-32.16796],[-58.18426,-32.16806],[-58.18389,-32.16815],[-58.18389,-32.16852],[-58.18315,-32.16852],[-58.18296,-32.16815],[-58.18361,-32.16713],[-58.18667,-32.16306],[-58.18704,-32.15944],[-58.18741,-32.15926],[-58.18769,-32.16009]],[[-58.21046,-32.16102],[-58.21102,-32.16213],[-58.21037,-32.16204],[-58.21028,-32.16231],[-58.21093,-32.1625],[-58.21093,-32.16296],[-58.21,-32.16278],[-58.20944,-32.16333],[-58.20954,-32.16269],[-58.21009,-32.16241],[-58.20954,-32.16213],[-58.20981,-32.16148],[-58.21046,-32.16102]],[[-58.21056,-32.16509],[-58.21,-32.16528],[-58.20972,-32.165],[-58.21009,-32.16417],[-58.21046,-32.16426],[-58.21056,-32.16509]],[[-58.19546,-32.16417],[-58.195,-32.16546],[-58.19454,-32.16657],[-58.19454,-32.16593],[-58.19546,-32.16417]],[[-58.20102,-32.1662],[-58.20046,-32.16648],[-58.19991,-32.1663],[-58.20074,-32.16602],[-58.20037,-32.16546],[-58.20102,-32.16565],[-58.20102,-32.1662]],[[-58.2037,-32.16815],[-58.20269,-32.16917],[-58.20185,-32.16907],[-58.20296,-32.16843],[-58.20324,-32.16787],[-58.2037,-32.16815]],[[-58.20139,-32.16954],[-58.2012,-32.17019],[-58.2,-32.16898],[-58.20102,-32.16852],[-58.20139,-32.16954]],[[-58.19991,-32.16963],[-58.19944,-32.16981],[-58.19954,-32.17019],[-58.19889,-32.17019],[-58.19889,-32.16944],[-58.19861,-32.16926],[-58.19907,-32.16907],[-58.19991,-32.16963]],[[-58.19454,-32.17102],[-58.1937,-32.1713],[-58.19343,-32.17093],[-58.19435,-32.17065],[-58.19454,-32.17102]],[[-58.19815,-32.1712],[-58.19861,-32.1712],[-58.19852,-32.17176],[-58.19815,-32.17157],[-58.19815,-32.1712]],[[-58.20741,-32.17213],[-58.20676,-32.17194],[-58.20657,-32.17176],[-58.20778,-32.17148],[-58.20741,-32.17213]],[[-58.19981,-32.17259],[-58.19926,-32.17269],[-58.19944,-32.17231],[-58.19889,-32.17176],[-58.19963,-32.17167],[-58.19981,-32.17259]],[[-58.20056,-32.17324],[-58.19981,-32.17306],[-58.19972,-32.17278],[-58.20037,-32.17287],[-58.20056,-32.17324]],[[-58.1688,-32.18435],[-58.16806,-32.18407],[-58.16824,-32.18352],[-58.16769,-32.18315],[-58.16778,-32.18287],[-58.16861,-32.18278],[-58.1688,-32.18435]],[[-58.15315,-32.20963],[-58.15352,-32.20926],[-58.15389,-32.20926],[-58.1538,-32.20972],[-58.15315,-32.20963]],[[-58.11426,-32.28417],[-58.11528,-32.28111],[-58.11519,-32.28009],[-58.11444,-32.28093],[-58.11398,-32.28074],[-58.1137,-32.28102],[-58.11333,-32.27833],[-58.11278,-32.27824],[-58.11333,-32.27741],[-58.11241,-32.27389],[-58.11176,-32.27306],[-58.11194,-32.27463],[-58.11148,-32.27481],[-58.11148,-32.27398],[-58.11111,-32.27389],[-58.11111,-32.27296],[-58.11083,-32.27269],[-58.1112,-32.27148],[-58.11019,-32.27074],[-58.11037,-32.26963],[-58.10898,-32.26546],[-58.10926,-32.26509],[-58.10972,-32.26519],[-58.10981,-32.26454],[-58.10907,-32.26481],[-58.10861,-32.26454],[-58.10806,-32.26509],[-58.10769,-32.26509],[-58.1075,-32.26454],[-58.10722,-32.26454],[-58.10694,-32.26491],[-58.10731,-32.26574],[-58.10796,-32.26519],[-58.10889,-32.2662],[-58.10843,-32.26787],[-58.1088,-32.26806],[-58.10898,-32.26926],[-58.1087,-32.26972],[-58.10907,-32.26963],[-58.10935,-32.27009],[-58.10954,-32.27185],[-58.11,-32.27148],[-58.11,-32.27352],[-58.11056,-32.27481],[-58.11037,-32.27519],[-58.11102,-32.27676],[-58.11167,-32.28019],[-58.11028,-32.2787],[-58.10898,-32.27602],[-58.10778,-32.27241],[-58.10787,-32.27194],[-58.1075,-32.27148],[-58.10731,-32.26963],[-58.10704,-32.26944],[-58.10676,-32.26722],[-58.10731,-32.26676],[-58.10667,-32.2663],[-58.10694,-32.26583],[-58.10657,-32.26546],[-58.10648,-32.26444],[-58.10593,-32.2638],[-58.10593,-32.26333],[-58.10685,-32.26324],[-58.10704,-32.26417],[-58.10926,-32.26407],[-58.10907,-32.26333],[-58.11,-32.26231],[-58.10963,-32.26222],[-58.10935,-32.26093],[-58.10843,-32.26],[-58.10843,-32.25926],[-58.10769,-32.25741],[-58.1075,-32.25917],[-58.10796,-32.25981],[-58.10741,-32.26],[-58.1075,-32.26083],[-58.10722,-32.26083],[-58.10713,-32.25731],[-58.10759,-32.25704],[-58.10685,-32.25685],[-58.10694,-32.25583],[-58.10639,-32.25491],[-58.10611,-32.25509],[-58.10648,-32.2562],[-58.1062,-32.25648],[-58.10639,-32.25991],[-58.10694,-32.26269],[-58.10657,-32.26296],[-58.10574,-32.26269],[-58.105,-32.25833],[-58.10509,-32.25537],[-58.10565,-32.25463],[-58.10648,-32.25463],[-58.10583,-32.25426],[-58.10657,-32.25352],[-58.10731,-32.25361],[-58.10731,-32.25463],[-58.10787,-32.25491],[-58.10741,-32.25444],[-58.10741,-32.25324],[-58.10815,-32.25296],[-58.10815,-32.25259],[-58.11167,-32.25194],[-58.11306,-32.2512],[-58.11546,-32.24917],[-58.11602,-32.24907],[-58.11963,-32.24463],[-58.12194,-32.24019],[-58.12278,-32.23935],[-58.12361,-32.23704],[-58.12454,-32.2363],[-58.12444,-32.23593],[-58.12528,-32.23546],[-58.12685,-32.23602],[-58.12556,-32.23537],[-58.12528,-32.23472],[-58.12583,-32.23444],[-58.12676,-32.23296],[-58.12731,-32.23306],[-58.12759,-32.23454],[-58.12843,-32.2338],[-58.12843,-32.23324],[-58.12889,-32.23333],[-58.12907,-32.23463],[-58.12843,-32.23491],[-58.12769,-32.23602],[-58.12722,-32.23593],[-58.12722,-32.2363],[-58.12787,-32.23648],[-58.12787,-32.23769],[-58.12944,-32.23731],[-58.13028,-32.23787],[-58.13019,-32.23833],[-58.12981,-32.23843],[-58.12972,-32.23769],[-58.12907,-32.23778],[-58.12917,-32.23824],[-58.12806,-32.23824],[-58.12722,-32.23861],[-58.12657,-32.23852],[-58.12648,-32.23778],[-58.12519,-32.23815],[-58.12519,-32.23852],[-58.12463,-32.23898],[-58.12444,-32.24046],[-58.125,-32.24037],[-58.12537,-32.24111],[-58.12426,-32.2412],[-58.12463,-32.24148],[-58.12435,-32.24259],[-58.12463,-32.24296],[-58.12398,-32.24269],[-58.12343,-32.24306],[-58.12306,-32.24241],[-58.12222,-32.24287],[-58.12204,-32.24352],[-58.12167,-32.2437],[-58.12139,-32.24546],[-58.12102,-32.24574],[-58.12083,-32.24741],[-58.12046,-32.24796],[-58.11954,-32.24769],[-58.11972,-32.24676],[-58.11944,-32.24657],[-58.11843,-32.24787],[-58.11852,-32.24861],[-58.11769,-32.24926],[-58.11806,-32.24963],[-58.11731,-32.24972],[-58.11685,-32.25037],[-58.11648,-32.25037],[-58.11657,-32.25074],[-58.11565,-32.25102],[-58.11546,-32.2525],[-58.11574,-32.25361],[-58.11546,-32.25398],[-58.11537,-32.25204],[-58.11519,-32.25167],[-58.11481,-32.25176],[-58.11463,-32.25259],[-58.11426,-32.25269],[-58.11463,-32.25352],[-58.11407,-32.25352],[-58.11435,-32.25463],[-58.11389,-32.25481],[-58.1138,-32.25611],[-58.11343,-32.25583],[-58.11324,-32.2538],[-58.11259,-32.25398],[-58.11241,-32.25352],[-58.11204,-32.25463],[-58.11204,-32.25509],[-58.11241,-32.25519],[-58.11204,-32.25556],[-58.11148,-32.25565],[-58.11111,-32.2538],[-58.11037,-32.25417],[-58.10935,-32.25556],[-58.10972,-32.25593],[-58.10963,-32.2563],[-58.11019,-32.25648],[-58.11009,-32.25713],[-58.11083,-32.25815],[-58.11093,-32.26037],[-58.1112,-32.26065],[-58.11102,-32.26259],[-58.11046,-32.2613],[-58.11028,-32.26157],[-58.11056,-32.26389],[-58.10981,-32.26315],[-58.10972,-32.26407],[-58.11315,-32.26417],[-58.11296,-32.26444],[-58.11065,-32.26454],[-58.11083,-32.26546],[-58.11056,-32.26574],[-58.11102,-32.26722],[-58.11176,-32.26648],[-58.11204,-32.26657],[-58.11231,-32.26824],[-58.11259,-32.26815],[-58.11259,-32.26685],[-58.11315,-32.26731],[-58.11315,-32.26852],[-58.11352,-32.26898],[-58.11315,-32.26926],[-58.11324,-32.27046],[-58.11426,-32.27361],[-58.11444,-32.27222],[-58.11472,-32.27213],[-58.11481,-32.27241],[-58.115,-32.27657],[-58.11463,-32.27657],[-58.11435,-32.27556],[-58.11417,-32.27639],[-58.115,-32.27852],[-58.11602,-32.27981],[-58.1162,-32.28157],[-58.11676,-32.28269],[-58.11731,-32.28889],[-58.11639,-32.2913],[-58.11639,-32.29213],[-58.11694,-32.29287],[-58.11704,-32.2938],[-58.11824,-32.29565],[-58.11815,-32.29694],[-58.11843,-32.29713],[-58.11806,-32.29741],[-58.11843,-32.29759],[-58.11852,-32.29815],[-58.11824,-32.29917],[-58.11778,-32.29676],[-58.11722,-32.29565],[-58.11676,-32.29537],[-58.11657,-32.29343],[-58.11583,-32.29259],[-58.11574,-32.29185],[-58.11556,-32.29296],[-58.11583,-32.29324],[-58.11546,-32.29417],[-58.11509,-32.2937],[-58.11509,-32.29241],[-58.11537,-32.29176],[-58.11583,-32.29167],[-58.11556,-32.28981],[-58.11593,-32.28898],[-58.1162,-32.28972],[-58.11667,-32.28926],[-58.11667,-32.28741],[-58.11593,-32.28231],[-58.11546,-32.28231],[-58.11537,-32.28343],[-58.11602,-32.28667],[-58.11537,-32.28667],[-58.11426,-32.28417]],[[-58.14259,-32.24222],[-58.14222,-32.24324],[-58.14204,-32.24333],[-58.14204,-32.24259],[-58.14259,-32.24222]],[[-58.14796,-32.24296],[-58.14787,-32.24333],[-58.14722,-32.24269],[-58.14722,-32.24315],[-58.1475,-32.24324],[-58.14713,-32.24324],[-58.14667,-32.24231],[-58.1475,-32.24231],[-58.14796,-32.24296]],[[-58.12,-32.24898],[-58.11963,-32.24889],[-58.11954,-32.24806],[-58.12009,-32.24843],[-58.12,-32.24898]],[[-58.11815,-32.2513],[-58.11796,-32.25343],[-58.11778,-32.25343],[-58.1175,-32.25324],[-58.11778,-32.25269],[-58.11778,-32.25111],[-58.11815,-32.2513]],[[-58.12324,-32.25324],[-58.12407,-32.25306],[-58.12426,-32.2537],[-58.12389,-32.2537],[-58.12324,-32.25324]],[[-58.11787,-32.25537],[-58.11824,-32.2563],[-58.11796,-32.25685],[-58.11769,-32.25611],[-58.11731,-32.25648],[-58.11731,-32.25454],[-58.11787,-32.25454],[-58.1175,-32.25546],[-58.11787,-32.25537]],[[-58.1162,-32.25583],[-58.1162,-32.25694],[-58.11565,-32.25722],[-58.11565,-32.25472],[-58.1162,-32.25583]],[[-58.11611,-32.25713],[-58.11685,-32.25889],[-58.11648,-32.25898],[-58.11667,-32.25935],[-58.1162,-32.26083],[-58.11611,-32.25713]],[[-58.11315,-32.2612],[-58.11352,-32.26102],[-58.11352,-32.2613],[-58.11306,-32.26139],[-58.11296,-32.26269],[-58.11324,-32.26352],[-58.11278,-32.26306],[-58.11259,-32.26139],[-58.11287,-32.26111],[-58.11259,-32.26102],[-58.1125,-32.26037],[-58.11315,-32.2612]],[[-58.10833,-32.2612],[-58.10806,-32.26111],[-58.10796,-32.26037],[-58.10833,-32.26037],[-58.10833,-32.2612]],[[-58.11648,-32.26083],[-58.11685,-32.26241],[-58.11648,-32.26241],[-58.1162,-32.2613],[-58.11648,-32.26083]],[[-58.10954,-32.26259],[-58.10926,-32.26278],[-58.10898,-32.26111],[-58.10926,-32.2612],[-58.10917,-32.26185],[-58.10954,-32.26194],[-58.10954,-32.26259]],[[-58.11444,-32.26759],[-58.11463,-32.26972],[-58.11426,-32.26981],[-58.11398,-32.2675],[-58.11444,-32.26759]],[[-58.11463,-32.27019],[-58.11546,-32.27139],[-58.11556,-32.27213],[-58.11519,-32.27157],[-58.11454,-32.27204],[-58.11426,-32.27028],[-58.11463,-32.27019]],[[-58.11148,-32.27491],[-58.11185,-32.27657],[-58.11222,-32.27676],[-58.11213,-32.2775],[-58.11139,-32.27565],[-58.11148,-32.27491]],[[-58.11296,-32.28222],[-58.11213,-32.2787],[-58.11231,-32.27759],[-58.11361,-32.28204],[-58.11352,-32.28287],[-58.11296,-32.28222]],[[-58.11778,-32.28296],[-58.11713,-32.28287],[-58.11704,-32.28167],[-58.1175,-32.28176],[-58.11778,-32.28296]],[[-58.12731,-32.28278],[-58.12537,-32.28259],[-58.12537,-32.28213],[-58.12574,-32.28194],[-58.12648,-32.28241],[-58.12731,-32.28241],[-58.12731,-32.28278]],[[-58.12019,-32.28352],[-58.11935,-32.28407],[-58.11843,-32.28361],[-58.11815,-32.28407],[-58.11852,-32.2838],[-58.11898,-32.28435],[-58.11796,-32.28481],[-58.11731,-32.2838],[-58.1175,-32.28333],[-58.11833,-32.28306],[-58.11963,-32.28306],[-58.11991,-32.28333],[-58.12019,-32.28296],[-58.12019,-32.28352]],[[-58.12111,-32.2837],[-58.12065,-32.28361],[-58.12093,-32.28315],[-58.12139,-32.28343],[-58.12111,-32.2837]],[[-58.13111,-32.2862],[-58.13083,-32.28685],[-58.13056,-32.28694],[-58.13037,-32.28611],[-58.13083,-32.28593],[-58.13111,-32.2862]],[[-58.11565,-32.28713],[-58.11611,-32.28815],[-58.11565,-32.28815],[-58.11565,-32.28713]],[[-58.11565,-32.29593],[-58.11546,-32.29667],[-58.11509,-32.29639],[-58.11509,-32.29583],[-58.11565,-32.29593]],[[-58.11713,-32.29778],[-58.11741,-32.29852],[-58.11694,-32.29861],[-58.11694,-32.2962],[-58.11722,-32.29639],[-58.11713,-32.29778]],[[-58.11667,-32.29889],[-58.11648,-32.29944],[-58.11713,-32.29917],[-58.11685,-32.30102],[-58.11741,-32.30139],[-58.11741,-32.30204],[-58.11685,-32.30213],[-58.11685,-32.30241],[-58.1162,-32.30028],[-58.1163,-32.29954],[-58.11583,-32.29907],[-58.11583,-32.29852],[-58.11537,-32.29824],[-58.1162,-32.29787],[-58.11537,-32.29778],[-58.11537,-32.2975],[-58.1163,-32.2975],[-58.11667,-32.29889]],[[-58.12,-32.31361],[-58.12019,-32.31472],[-58.11944,-32.31472],[-58.11944,-32.31333],[-58.12,-32.31361]],[[-58.11963,-32.31991],[-58.12111,-32.32213],[-58.12083,-32.32259],[-58.12019,-32.32231],[-58.12009,-32.32278],[-58.11944,-32.32296],[-58.11954,-32.3225],[-58.12009,-32.3225],[-58.11991,-32.32194],[-58.11926,-32.32185],[-58.11981,-32.32148],[-58.11935,-32.32083],[-58.11843,-32.32111],[-58.11843,-32.32028],[-58.11852,-32.32056],[-58.11926,-32.32056],[-58.11917,-32.32],[-58.11963,-32.31991]],[[-58.12139,-32.32315],[-58.12213,-32.32333],[-58.12194,-32.32491],[-58.12296,-32.32593],[-58.12259,-32.3262],[-58.12259,-32.32685],[-58.12287,-32.32704],[-58.1238,-32.32713],[-58.12546,-32.32806],[-58.12648,-32.32815],[-58.1275,-32.3287],[-58.13241,-32.33],[-58.13287,-32.33056],[-58.13426,-32.33093],[-58.13444,-32.33157],[-58.13528,-32.33167],[-58.13685,-32.33269],[-58.13852,-32.33435],[-58.13722,-32.33407],[-58.13602,-32.33333],[-58.13556,-32.33343],[-58.13519,-32.33306],[-58.13463,-32.33324],[-58.13574,-32.33352],[-58.13602,-32.33407],[-58.12778,-32.33241],[-58.12546,-32.33167],[-58.125,-32.3312],[-58.1237,-32.33102],[-58.12287,-32.33],[-58.12176,-32.32972],[-58.11926,-32.32685],[-58.11944,-32.32648],[-58.12009,-32.32694],[-58.12093,-32.32694],[-58.12065,-32.32593],[-58.12093,-32.32454],[-58.12074,-32.32333],[-58.12037,-32.32324],[-58.12037,-32.32287],[-58.12102,-32.32259],[-58.12139,-32.32315]],[[-58.11917,-32.32435],[-58.1187,-32.32463],[-58.1187,-32.32333],[-58.11907,-32.32343],[-58.11917,-32.32435]],[[-58.11907,-32.32528],[-58.11907,-32.32472],[-58.11963,-32.32463],[-58.11944,-32.32528],[-58.11907,-32.32528]],[[-58.14296,-32.32648],[-58.14222,-32.32602],[-58.14287,-32.32528],[-58.14315,-32.32593],[-58.14296,-32.32648]],[[-58.14333,-32.33491],[-58.14306,-32.33519],[-58.14269,-32.335],[-58.14287,-32.33435],[-58.14333,-32.33491]]],[[[-58.17861,-32.18796],[-58.1775,-32.18769],[-58.17713,-32.18787],[-58.17778,-32.18806],[-58.17787,-32.1887],[-58.17833,-32.18861],[-58.17861,-32.18796]]],[[[-58.17787,-32.18991],[-58.1788,-32.18963],[-58.17907,-32.19],[-58.17935,-32.18963],[-58.17963,-32.19019],[-58.18019,-32.19028],[-58.18037,-32.18954],[-58.17972,-32.18954],[-58.17907,-32.18907],[-58.17787,-32.18944],[-58.17787,-32.18991]]],[[[-58.16491,-32.22204],[-58.16519,-32.22176],[-58.16444,-32.2212],[-58.16454,-32.22167],[-58.16491,-32.22204]]],[[[-58.16648,-32.2213],[-58.16583,-32.2212],[-58.16537,-32.22083],[-58.16556,-32.22139],[-58.16648,-32.2213]]],[[[-58.16194,-32.22046],[-58.16139,-32.22019],[-58.16167,-32.21972],[-58.1613,-32.21981],[-58.16,-32.22139],[-58.16,-32.22176],[-58.16204,-32.2213],[-58.1638,-32.22157],[-58.16417,-32.2213],[-58.16389,-32.22065],[-58.16222,-32.22],[-58.16231,-32.21972],[-58.16269,-32.22],[-58.16278,-32.21954],[-58.16185,-32.21954],[-58.16194,-32.22046]]],[[[-58.16435,-32.21954],[-58.16491,-32.21981],[-58.16546,-32.21954],[-58.16435,-32.21954]]],[[[-58.18093,-32.19037],[-58.18102,-32.19009],[-58.18046,-32.18981],[-58.18056,-32.19009],[-58.18093,-32.19037]]],[[[-58.1912,-32.17435],[-58.19231,-32.1737],[-58.1912,-32.17343],[-58.1912,-32.17435]]],[[[-58.16213,-32.17176],[-58.1625,-32.17185],[-58.16259,-32.17259],[-58.16296,-32.17241],[-58.16287,-32.17139],[-58.16241,-32.17111],[-58.16231,-32.17037],[-58.16306,-32.17056],[-58.16343,-32.1712],[-58.1638,-32.17111],[-58.16296,-32.17194],[-58.16343,-32.17231],[-58.16343,-32.17296],[-58.16269,-32.17398],[-58.16269,-32.17444],[-58.16315,-32.17444],[-58.1638,-32.1737],[-58.16417,-32.17194],[-58.16556,-32.17046],[-58.16546,-32.16991],[-58.16454,-32.17009],[-58.16491,-32.16861],[-58.16426,-32.1687],[-58.16398,-32.16824],[-58.16361,-32.1687],[-58.1637,-32.16935],[-58.16306,-32.16926],[-58.16139,-32.17065],[-58.16111,-32.1725],[-58.16185,-32.17241],[-58.16213,-32.17176]]],[[[-58.18722,-32.17009],[-58.18843,-32.16963],[-58.18843,-32.16944],[-58.1875,-32.16944],[-58.18722,-32.16972],[-58.18722,-32.17009]]],[[[-58.18685,-32.1662],[-58.18648,-32.16593],[-58.18574,-32.16657],[-58.18657,-32.16676],[-58.18685,-32.1662]]],[[[-58.16019,-32.16176],[-58.15898,-32.16343],[-58.15889,-32.16389],[-58.15926,-32.1638],[-58.15944,-32.16315],[-58.16009,-32.16259],[-58.16019,-32.16176]]],[[[-58.21333,-32.16148],[-58.21426,-32.16185],[-58.21435,-32.16148],[-58.2137,-32.1612],[-58.21333,-32.16148]]],[[[-58.21343,-32.16065],[-58.2138,-32.16046],[-58.21352,-32.16009],[-58.21324,-32.16037],[-58.21343,-32.16065]]],[[[-58.22824,-32.15759],[-58.22565,-32.1588],[-58.22537,-32.15944],[-58.22417,-32.15954],[-58.22537,-32.16111],[-58.22657,-32.1613],[-58.22704,-32.15944],[-58.22741,-32.15944],[-58.22741,-32.15907],[-58.22704,-32.15907],[-58.22731,-32.1587],[-58.2288,-32.15852],[-58.22889,-32.15907],[-58.22917,-32.15907],[-58.22917,-32.15843],[-58.2288,-32.15815],[-58.22843,-32.15833],[-58.22824,-32.15759]]],[[[-58.17537,-32.15685],[-58.17565,-32.15815],[-58.17593,-32.15815],[-58.17593,-32.15713],[-58.17537,-32.15685]]],[[[-58.17398,-32.15407],[-58.17444,-32.155],[-58.17519,-32.15565],[-58.17509,-32.15648],[-58.17537,-32.15648],[-58.17537,-32.15546],[-58.17509,-32.15546],[-58.17454,-32.15491],[-58.17454,-32.15435],[-58.17398,-32.15407]]],[[[-58.17315,-32.15213],[-58.17333,-32.15269],[-58.17343,-32.15269],[-58.17343,-32.15213],[-58.17315,-32.15213]]],[[[-58.16787,-32.14954],[-58.16648,-32.15065],[-58.1662,-32.14991],[-58.16593,-32.15139],[-58.16565,-32.15157],[-58.16759,-32.15046],[-58.16833,-32.14954],[-58.16787,-32.14954]]],[[[-58.15972,-32.14796],[-58.16019,-32.14759],[-58.15972,-32.14731],[-58.15972,-32.14796]]],[[[-58.15972,-32.14639],[-58.16019,-32.1462],[-58.16019,-32.14593],[-58.15981,-32.14593],[-58.15972,-32.14639]]],[[[-58.16102,-32.14398],[-58.15981,-32.14491],[-58.16083,-32.14537],[-58.1612,-32.14611],[-58.16148,-32.14611],[-58.16167,-32.14491],[-58.16111,-32.14426],[-58.16185,-32.14407],[-58.16194,-32.14315],[-58.16111,-32.14315],[-58.16102,-32.14398]]],[[[-58.1612,-32.14102],[-58.15954,-32.14222],[-58.15787,-32.14426],[-58.15676,-32.1475],[-58.15713,-32.14741],[-58.15713,-32.14685],[-58.1575,-32.14685],[-58.15861,-32.14361],[-58.1612,-32.14194],[-58.16148,-32.1412],[-58.1612,-32.14102]]],[[[-58.1912,-32.14343],[-58.19065,-32.14361],[-58.19065,-32.14389],[-58.19102,-32.14398],[-58.19111,-32.14352],[-58.19157,-32.14352],[-58.19269,-32.14463],[-58.19222,-32.1438],[-58.19269,-32.14315],[-58.19167,-32.14278],[-58.1912,-32.14343]]],[[[-58.15889,-32.13787],[-58.15833,-32.13917],[-58.1563,-32.14093],[-58.15593,-32.14222],[-58.15815,-32.14102],[-58.1588,-32.14046],[-58.15907,-32.13972],[-58.16083,-32.13824],[-58.15954,-32.1375],[-58.15889,-32.13787]]],[[[-58.19972,-32.13074],[-58.20046,-32.13111],[-58.20019,-32.12981],[-58.19981,-32.12991],[-58.19972,-32.13074]]],[[[-58.16102,-32.12741],[-58.15917,-32.13009],[-58.15917,-32.1313],[-58.15963,-32.13102],[-58.16046,-32.12898],[-58.16102,-32.12852],[-58.16102,-32.12741]]],[[[-58.15889,-32.12806],[-58.15861,-32.12806],[-58.1587,-32.1287],[-58.1588,-32.1287],[-58.15889,-32.12806]]],[[[-58.18074,-32.10037],[-58.18102,-32.10028],[-58.18102,-32.1],[-58.18065,-32.1],[-58.18074,-32.10037]]],[[[-58.15667,-32.34954],[-58.1575,-32.35],[-58.1575,-32.34954],[-58.15704,-32.34926],[-58.15667,-32.34954]]],[[[-58.1487,-32.34639],[-58.14843,-32.34722],[-58.14926,-32.34713],[-58.14907,-32.34639],[-58.1487,-32.34639]]],[[[-58.1487,-32.33787],[-58.14981,-32.33759],[-58.1487,-32.33722],[-58.1487,-32.33787]]],[[[-58.15296,-32.32509],[-58.15444,-32.32528],[-58.15454,-32.32509],[-58.15361,-32.32509],[-58.15333,-32.32454],[-58.15287,-32.32454],[-58.15296,-32.32509]]],[[[-58.14787,-32.32231],[-58.14796,-32.32269],[-58.14731,-32.32259],[-58.14713,-32.32287],[-58.1475,-32.32343],[-58.14704,-32.32398],[-58.14713,-32.32435],[-58.14537,-32.32472],[-58.14593,-32.32528],[-58.14491,-32.32528],[-58.14481,-32.32593],[-58.14676,-32.32574],[-58.14639,-32.32481],[-58.14769,-32.32463],[-58.14787,-32.32398],[-58.14926,-32.32463],[-58.15028,-32.32435],[-58.14861,-32.32324],[-58.14935,-32.32278],[-58.14907,-32.32231],[-58.14861,-32.32231],[-58.14815,-32.32185],[-58.14722,-32.32204],[-58.14787,-32.32231]]],[[[-58.15148,-32.32315],[-58.15185,-32.32361],[-58.15259,-32.32287],[-58.15148,-32.32315]]],[[[-58.15269,-32.32204],[-58.15306,-32.32333],[-58.15407,-32.32324],[-58.15389,-32.32287],[-58.15324,-32.32278],[-58.15324,-32.32194],[-58.15269,-32.32204]]],[[[-58.14981,-32.32259],[-58.15046,-32.32296],[-58.15056,-32.32231],[-58.14981,-32.32259]]],[[[-58.14935,-32.24417],[-58.14815,-32.24509],[-58.14926,-32.24463],[-58.14935,-32.24417]]],[[[-58.1563,-32.2062],[-58.15593,-32.20556],[-58.15593,-32.20611],[-58.1563,-32.2062]]],[[[-58.15435,-32.16676],[-58.15306,-32.1687],[-58.1525,-32.17083],[-58.15213,-32.17111],[-58.15222,-32.17213],[-58.15352,-32.17019],[-58.15435,-32.16676]]],[[[-58.15889,-32.16398],[-58.15759,-32.16546],[-58.15639,-32.16778],[-58.15722,-32.16722],[-58.15787,-32.16593],[-58.15917,-32.16463],[-58.15889,-32.16398]]],[[[-58.15361,-32.1775],[-58.15269,-32.18046],[-58.15333,-32.18019],[-58.15528,-32.17676],[-58.15593,-32.1762],[-58.15593,-32.17528],[-58.15713,-32.17546],[-58.15676,-32.17546],[-58.15657,-32.1762],[-58.15583,-32.17667],[-58.15583,-32.17722],[-58.15537,-32.17759],[-58.15546,-32.17852],[-58.15611,-32.1788],[-58.15731,-32.17769],[-58.15676,-32.17713],[-58.15676,-32.17667],[-58.15731,-32.17685],[-58.1575,-32.17722],[-58.15731,-32.17796],[-58.15769,-32.17796],[-58.15852,-32.17519],[-58.1613,-32.16926],[-58.16593,-32.16491],[-58.16667,-32.16491],[-58.16796,-32.16361],[-58.16843,-32.16352],[-58.16981,-32.16185],[-58.16954,-32.16139],[-58.17,-32.1613],[-58.16981,-32.16093],[-58.16843,-32.16056],[-58.16796,-32.1612],[-58.16824,-32.16241],[-58.1675,-32.16324],[-58.16685,-32.1637],[-58.1662,-32.16352],[-58.165,-32.16519],[-58.16435,-32.16491],[-58.16537,-32.16315],[-58.16778,-32.16074],[-58.16843,-32.15944],[-58.16954,-32.15935],[-58.1688,-32.15926],[-58.1687,-32.15898],[-58.16963,-32.15741],[-58.16991,-32.15657],[-58.16981,-32.15583],[-58.1688,-32.15722],[-58.16815,-32.15694],[-58.16731,-32.15759],[-58.16602,-32.16157],[-58.16556,-32.16176],[-58.16556,-32.16222],[-58.16426,-32.16231],[-58.16398,-32.16306],[-58.16278,-32.16435],[-58.16204,-32.16676],[-58.1613,-32.16769],[-58.16009,-32.16769],[-58.15972,-32.16991],[-58.15926,-32.17019],[-58.15889,-32.16944],[-58.15843,-32.16963],[-58.15778,-32.17194],[-58.15778,-32.17306],[-58.15722,-32.17361],[-58.15713,-32.17444],[-58.15667,-32.17444],[-58.15685,-32.17194],[-58.15556,-32.1738],[-58.15519,-32.1738],[-58.15611,-32.17241],[-58.15593,-32.17194],[-58.15444,-32.17398],[-58.15407,-32.17546],[-58.1537,-32.17556],[-58.1537,-32.175],[-58.15398,-32.17491],[-58.1538,-32.17343],[-58.15426,-32.17231],[-58.15574,-32.17056],[-58.15972,-32.16694],[-58.16111,-32.16528],[-58.16204,-32.16352],[-58.16296,-32.15796],[-58.16296,-32.15593],[-58.16231,-32.15648],[-58.16213,-32.15833],[-58.16176,-32.15778],[-58.1612,-32.16157],[-58.15963,-32.16519],[-58.15713,-32.16778],[-58.15657,-32.16824],[-58.15593,-32.16824],[-58.15546,-32.16907],[-58.15509,-32.16898],[-58.15639,-32.16565],[-58.15852,-32.16287],[-58.15991,-32.16019],[-58.16074,-32.15935],[-58.16102,-32.15731],[-58.16056,-32.15731],[-58.16056,-32.15648],[-58.16222,-32.15574],[-58.16213,-32.15546],[-58.16148,-32.15574],[-58.16148,-32.15528],[-58.16222,-32.15481],[-58.16213,-32.15537],[-58.16241,-32.15546],[-58.16306,-32.15389],[-58.1638,-32.15315],[-58.16611,-32.15241],[-58.16685,-32.15185],[-58.16537,-32.15213],[-58.16565,-32.15176],[-58.16528,-32.15176],[-58.16278,-32.15352],[-58.1637,-32.15241],[-58.16435,-32.14861],[-58.16509,-32.14769],[-58.16481,-32.1475],[-58.1637,-32.14852],[-58.16389,-32.14722],[-58.16361,-32.14444],[-58.16463,-32.14065],[-58.16435,-32.13917],[-58.16398,-32.13917],[-58.16352,-32.14065],[-58.16361,-32.1413],[-58.16333,-32.14148],[-58.16333,-32.14241],[-58.16306,-32.14259],[-58.1625,-32.14519],[-58.1625,-32.14713],[-58.16278,-32.14731],[-58.16306,-32.14991],[-58.16194,-32.15407],[-58.16083,-32.15593],[-58.16,-32.15648],[-58.16009,-32.15741],[-58.15954,-32.15815],[-58.15907,-32.16019],[-58.1587,-32.16028],[-58.155,-32.16611],[-58.1538,-32.17046],[-58.15259,-32.17259],[-58.15241,-32.17444],[-58.15194,-32.17454],[-58.1512,-32.1763],[-58.1512,-32.17713],[-58.15065,-32.1775],[-58.14907,-32.18019],[-58.1487,-32.18],[-58.14889,-32.17889],[-58.14926,-32.17843],[-58.14972,-32.17852],[-58.15,-32.17778],[-58.15,-32.17713],[-58.14926,-32.17722],[-58.14926,-32.17694],[-58.1512,-32.17407],[-58.1512,-32.17306],[-58.15204,-32.17093],[-58.15222,-32.17093],[-58.15213,-32.17028],[-58.15185,-32.17065],[-58.15167,-32.17028],[-58.15241,-32.16963],[-58.15259,-32.16815],[-58.15185,-32.16806],[-58.15148,-32.16759],[-58.15287,-32.16648],[-58.15352,-32.16676],[-58.15417,-32.1662],[-58.15444,-32.16565],[-58.15398,-32.16537],[-58.15472,-32.16454],[-58.15389,-32.16481],[-58.15333,-32.16435],[-58.15343,-32.16398],[-58.15287,-32.16398],[-58.15278,-32.16463],[-58.15204,-32.16454],[-58.1513,-32.16556],[-58.15093,-32.16556],[-58.15074,-32.16537],[-58.15111,-32.16519],[-58.15102,-32.16435],[-58.15139,-32.16361],[-58.15074,-32.16426],[-58.15037,-32.16417],[-58.15056,-32.16231],[-58.14898,-32.16167],[-58.14889,-32.16287],[-58.14935,-32.1637],[-58.14898,-32.16417],[-58.14759,-32.1612],[-58.14778,-32.16278],[-58.14704,-32.16287],[-58.14722,-32.16491],[-58.14843,-32.16611],[-58.14917,-32.16731],[-58.14898,-32.1675],[-58.14741,-32.16611],[-58.14713,-32.16537],[-58.1462,-32.16463],[-58.1462,-32.16426],[-58.14574,-32.16417],[-58.1463,-32.16537],[-58.14657,-32.16537],[-58.1463,-32.16574],[-58.14704,-32.16648],[-58.14741,-32.16648],[-58.14778,-32.16731],[-58.14759,-32.16769],[-58.14806,-32.16824],[-58.14972,-32.16954],[-58.15056,-32.17139],[-58.14991,-32.17287],[-58.14954,-32.17287],[-58.14981,-32.17296],[-58.14963,-32.17407],[-58.1487,-32.17556],[-58.14898,-32.17481],[-58.14861,-32.17463],[-58.14861,-32.17398],[-58.1488,-32.17287],[-58.14917,-32.17269],[-58.1487,-32.1713],[-58.14852,-32.17259],[-58.14741,-32.17537],[-58.14722,-32.1775],[-58.14583,-32.18056],[-58.14565,-32.18343],[-58.1463,-32.18324],[-58.1462,-32.18407],[-58.14694,-32.18426],[-58.14741,-32.18324],[-58.14704,-32.18315],[-58.14704,-32.18278],[-58.14769,-32.18278],[-58.14787,-32.18194],[-58.14806,-32.18194],[-58.14806,-32.18056],[-58.1488,-32.18028],[-58.14824,-32.18213],[-58.14796,-32.18213],[-58.14796,-32.1825],[-58.14852,-32.18269],[-58.14713,-32.18435],[-58.14713,-32.18509],[-58.14769,-32.18519],[-58.15009,-32.18278],[-58.15139,-32.18083],[-58.15148,-32.18019],[-58.15204,-32.17972],[-58.15287,-32.17769],[-58.15315,-32.17741],[-58.15361,-32.1775]],[[-58.15037,-32.165],[-58.15065,-32.16546],[-58.14991,-32.16565],[-58.14935,-32.16519],[-58.15037,-32.16444],[-58.15093,-32.16481],[-58.15037,-32.165]],[[-58.1537,-32.165],[-58.15324,-32.16574],[-58.15241,-32.16602],[-58.15259,-32.16556],[-58.15315,-32.16537],[-58.15315,-32.16481],[-58.1537,-32.165]],[[-58.15519,-32.17491],[-58.15407,-32.17648],[-58.15361,-32.1762],[-58.1537,-32.17574],[-58.15417,-32.17611],[-58.15417,-32.17556],[-58.15491,-32.17472],[-58.15519,-32.17491]]],[[[-58.15731,-32.15028],[-58.15741,-32.14981],[-58.15694,-32.14981],[-58.15704,-32.15019],[-58.15657,-32.15065],[-58.15593,-32.15037],[-58.15519,-32.1512],[-58.15574,-32.1512],[-58.15574,-32.15185],[-58.15454,-32.15194],[-58.15454,-32.15269],[-58.15417,-32.15287],[-58.15287,-32.15296],[-58.15296,-32.15435],[-58.15213,-32.15444],[-58.15213,-32.15519],[-58.15176,-32.15537],[-58.15213,-32.15602],[-58.1512,-32.15639],[-58.15009,-32.15759],[-58.14972,-32.1588],[-58.15037,-32.15972],[-58.15157,-32.16028],[-58.15157,-32.16083],[-58.14917,-32.15981],[-58.14889,-32.15935],[-58.14917,-32.15704],[-58.1487,-32.15722],[-58.14815,-32.15917],[-58.14843,-32.16019],[-58.14778,-32.16102],[-58.14861,-32.16065],[-58.15009,-32.16083],[-58.15102,-32.16185],[-58.15139,-32.16361],[-58.15241,-32.16352],[-58.15259,-32.16259],[-58.15324,-32.16185],[-58.15306,-32.16148],[-58.15352,-32.16139],[-58.15407,-32.16019],[-58.1538,-32.15926],[-58.15528,-32.15907],[-58.15657,-32.15713],[-58.15472,-32.15731],[-58.15454,-32.15769],[-58.15444,-32.15694],[-58.15472,-32.15657],[-58.15509,-32.1563],[-58.15685,-32.15639],[-58.15731,-32.15611],[-58.15824,-32.155],[-58.15843,-32.15398],[-58.15935,-32.15361],[-58.15954,-32.15306],[-58.16056,-32.15231],[-58.16148,-32.15037],[-58.16065,-32.15019],[-58.16019,-32.15065],[-58.16056,-32.15102],[-58.16056,-32.15194],[-58.15972,-32.15176],[-58.15824,-32.15343],[-58.15796,-32.15398],[-58.15815,-32.15454],[-58.1575,-32.15472],[-58.15741,-32.15528],[-58.15676,-32.15537],[-58.1562,-32.15611],[-58.15556,-32.15602],[-58.15565,-32.155],[-58.1563,-32.15463],[-58.15648,-32.15389],[-58.15722,-32.15324],[-58.15769,-32.15222],[-58.15648,-32.15278],[-58.15583,-32.15269],[-58.15583,-32.15231],[-58.15694,-32.15167],[-58.15843,-32.15176],[-58.1588,-32.15139],[-58.15981,-32.1513],[-58.16,-32.15093],[-58.1587,-32.15111],[-58.15852,-32.15056],[-58.1588,-32.15],[-58.16019,-32.14972],[-58.16056,-32.14898],[-58.16102,-32.1488],[-58.16139,-32.14796],[-58.1613,-32.14731],[-58.16065,-32.1475],[-58.16019,-32.14824],[-58.15843,-32.14898],[-58.15861,-32.14963],[-58.15796,-32.14972],[-58.15731,-32.15028]]],[[[-58.15741,-32.14954],[-58.15796,-32.14972],[-58.15806,-32.14926],[-58.15759,-32.14917],[-58.15741,-32.14954]]],[[[-58.16009,-32.15398],[-58.15778,-32.15583],[-58.15704,-32.15731],[-58.1562,-32.15935],[-58.15583,-32.16139],[-58.15509,-32.1612],[-58.15491,-32.16296],[-58.15537,-32.16324],[-58.15852,-32.15593],[-58.15963,-32.15491],[-58.15954,-32.15454],[-58.16009,-32.15398]]],[[[-58.15213,-32.14861],[-58.14907,-32.15306],[-58.14833,-32.15269],[-58.1487,-32.1525],[-58.14852,-32.15213],[-58.14787,-32.1525],[-58.14787,-32.15296],[-58.14852,-32.15324],[-58.14787,-32.1537],[-58.14796,-32.15435],[-58.14778,-32.15426],[-58.14731,-32.15435],[-58.14806,-32.15546],[-58.14769,-32.15593],[-58.14722,-32.15593],[-58.14704,-32.15546],[-58.14667,-32.15593],[-58.14667,-32.15731],[-58.14593,-32.15778],[-58.14556,-32.15954],[-58.14472,-32.16111],[-58.1463,-32.15852],[-58.14833,-32.1563],[-58.14861,-32.15491],[-58.14944,-32.15463],[-58.14917,-32.15426],[-58.15213,-32.14935],[-58.15213,-32.14861]]],[[[-58.14852,-32.15194],[-58.14917,-32.15204],[-58.14917,-32.1512],[-58.1488,-32.15093],[-58.14843,-32.15139],[-58.14852,-32.15194]]],[[[-58.15157,-32.14722],[-58.15204,-32.14713],[-58.15204,-32.14694],[-58.15167,-32.14685],[-58.15157,-32.14722]]],[[[-58.15287,-32.13898],[-58.15241,-32.14194],[-58.15204,-32.14213],[-58.15222,-32.14148],[-58.15157,-32.1413],[-58.15046,-32.14231],[-58.15028,-32.14324],[-58.15,-32.14333],[-58.15046,-32.14472],[-58.15046,-32.14583],[-58.14963,-32.14593],[-58.14926,-32.14694],[-58.1488,-32.14731],[-58.1487,-32.14833],[-58.14898,-32.14852],[-58.14833,-32.15],[-58.14722,-32.15139],[-58.14639,-32.15361],[-58.14648,-32.15417],[-58.14944,-32.14843],[-58.15074,-32.14796],[-58.15,-32.14778],[-58.14926,-32.14824],[-58.14944,-32.14759],[-58.15009,-32.14676],[-58.15083,-32.14685],[-58.15093,-32.14648],[-58.15185,-32.14611],[-58.15176,-32.14528],[-58.15241,-32.14472],[-58.1525,-32.14259],[-58.15287,-32.14241],[-58.15278,-32.14185],[-58.15315,-32.14139],[-58.15324,-32.13889],[-58.15287,-32.13898]]],[[[-58.14944,-32.14481],[-58.15,-32.14491],[-58.14991,-32.14454],[-58.14944,-32.14481]]],[[[-58.15491,-32.14185],[-58.15398,-32.14426],[-58.15259,-32.14574],[-58.1525,-32.14639],[-58.15324,-32.14583],[-58.15407,-32.14454],[-58.155,-32.14278],[-58.15491,-32.14185]]],[[[-58.15546,-32.13917],[-58.15481,-32.14176],[-58.15519,-32.14176],[-58.15574,-32.14019],[-58.15546,-32.13917]]],[[[-58.15731,-32.13157],[-58.1575,-32.13269],[-58.15713,-32.13306],[-58.15676,-32.13287],[-58.15593,-32.1337],[-58.15528,-32.1362],[-58.15528,-32.13806],[-58.15593,-32.1387],[-58.15639,-32.13824],[-58.15611,-32.13796],[-58.15602,-32.13676],[-58.15667,-32.13537],[-58.15806,-32.1338],[-58.15759,-32.1338],[-58.15778,-32.13306],[-58.15843,-32.13241],[-58.15796,-32.13167],[-58.1588,-32.13157],[-58.15833,-32.13139],[-58.15833,-32.13056],[-58.15787,-32.13065],[-58.15796,-32.13157],[-58.15731,-32.13157]]],[[[-58.15454,-32.13407],[-58.15417,-32.13463],[-58.15454,-32.13463],[-58.155,-32.1337],[-58.15454,-32.13361],[-58.15454,-32.13407]]],[[[-58.15685,-32.12963],[-58.15509,-32.13269],[-58.15509,-32.13315],[-58.15546,-32.13315],[-58.15602,-32.13231],[-58.15602,-32.13176],[-58.15694,-32.13019],[-58.15685,-32.12963]]],[[[-58.15731,-32.12926],[-58.15769,-32.1288],[-58.15769,-32.12833],[-58.15731,-32.12861],[-58.15731,-32.12926]]],[[[-58.15787,-32.12833],[-58.15833,-32.12796],[-58.15824,-32.12741],[-58.15778,-32.12787],[-58.15787,-32.12833]]],[[[-58.15759,-32.10333],[-58.15815,-32.10287],[-58.1575,-32.10287],[-58.15759,-32.10333]]],[[[-58.14926,-32.34435],[-58.14843,-32.34407],[-58.14815,-32.34352],[-58.14759,-32.34352],[-58.14704,-32.34269],[-58.14648,-32.34269],[-58.14537,-32.3413],[-58.14454,-32.34102],[-58.14417,-32.34046],[-58.1437,-32.34046],[-58.14343,-32.33991],[-58.14287,-32.33991],[-58.14231,-32.33907],[-58.14176,-32.33907],[-58.14139,-32.33852],[-58.14065,-32.33852],[-58.14028,-32.33796],[-58.13787,-32.33741],[-58.13787,-32.33713],[-58.13704,-32.33713],[-58.13694,-32.33685],[-58.13324,-32.33685],[-58.13324,-32.33713],[-58.13269,-32.33713],[-58.13296,-32.3387],[-58.13435,-32.34009],[-58.13519,-32.34037],[-58.13583,-32.3412],[-58.13685,-32.34148],[-58.13769,-32.34231],[-58.13824,-32.34231],[-58.1388,-32.34315],[-58.13963,-32.34343],[-58.13963,-32.3437],[-58.14074,-32.34426],[-58.14139,-32.34509],[-58.14241,-32.34537],[-58.14278,-32.34593],[-58.14546,-32.34704],[-58.14546,-32.34731],[-58.14602,-32.34731],[-58.1463,-32.34787],[-58.14741,-32.34815],[-58.1475,-32.34843],[-58.14852,-32.3487],[-58.14852,-32.34898],[-58.14907,-32.34898],[-58.14907,-32.34926],[-58.14963,-32.34926],[-58.14991,-32.34981],[-58.15102,-32.35],[-58.14639,-32.34741],[-58.1462,-32.34694],[-58.14694,-32.34694],[-58.14731,-32.34593],[-58.1462,-32.34583],[-58.14426,-32.345],[-58.14296,-32.34389],[-58.14259,-32.34435],[-58.14333,-32.34528],[-58.14389,-32.34537],[-58.14389,-32.34574],[-58.14287,-32.34556],[-58.1375,-32.34157],[-58.13472,-32.33991],[-58.13296,-32.33806],[-58.13287,-32.33741],[-58.13398,-32.33694],[-58.13565,-32.33694],[-58.13963,-32.33806],[-58.14389,-32.34065],[-58.14398,-32.34157],[-58.14444,-32.3412],[-58.14556,-32.34222],[-58.14713,-32.34306],[-58.14741,-32.34361],[-58.14694,-32.3438],[-58.14954,-32.34593],[-58.14991,-32.34602],[-58.14991,-32.34565],[-58.14861,-32.34444],[-58.15093,-32.34574],[-58.15065,-32.34519],[-58.15009,-32.34519],[-58.14926,-32.34435]]],[[[-58.15417,-32.34759],[-58.15769,-32.34824],[-58.15861,-32.34898],[-58.15843,-32.34963],[-58.15778,-32.35],[-58.15861,-32.35],[-58.15917,-32.34944],[-58.15981,-32.34954],[-58.15954,-32.35],[-58.16065,-32.35],[-58.16065,-32.34963],[-58.16009,-32.34963],[-58.1587,-32.34806],[-58.15722,-32.34769],[-58.15574,-32.34667],[-58.15231,-32.3463],[-58.15222,-32.34602],[-58.15093,-32.34574],[-58.15241,-32.34648],[-58.15343,-32.34778],[-58.15426,-32.34796],[-58.15417,-32.34759]]],[[[-58.15407,-32.34889],[-58.15546,-32.35],[-58.15667,-32.35],[-58.155,-32.34889],[-58.15491,-32.34833],[-58.15519,-32.34815],[-58.15491,-32.34787],[-58.15426,-32.34796],[-58.15407,-32.34889]]],[[[-58.1413,-32.34361],[-58.14176,-32.34398],[-58.14222,-32.34389],[-58.14157,-32.34278],[-58.14093,-32.34231],[-58.1413,-32.34361]]],[[[-58.14056,-32.34222],[-58.14009,-32.34176],[-58.13991,-32.34213],[-58.14056,-32.34222]]],[[[-58.1325,-32.33278],[-58.13361,-32.33306],[-58.13426,-32.33296],[-58.13213,-32.33231],[-58.1325,-32.33278]]],[[[-58.14361,-32.32324],[-58.145,-32.32324],[-58.14546,-32.32352],[-58.14537,-32.32315],[-58.14463,-32.32287],[-58.14343,-32.32278],[-58.14361,-32.32324]]],[[[-58.1412,-32.2463],[-58.14111,-32.24583],[-58.14056,-32.24583],[-58.14056,-32.2463],[-58.1412,-32.2463]]],[[[-58.14407,-32.18639],[-58.14407,-32.18602],[-58.1437,-32.1862],[-58.1437,-32.18657],[-58.14407,-32.18639]]],[[[-58.13935,-32.18481],[-58.13787,-32.18509],[-58.13741,-32.18574],[-58.13704,-32.18565],[-58.1363,-32.18648],[-58.13648,-32.18704],[-58.13704,-32.18704],[-58.13815,-32.18639],[-58.14009,-32.18463],[-58.14,-32.18435],[-58.13963,-32.18435],[-58.13935,-32.18481]]],[[[-58.14565,-32.18657],[-58.14602,-32.18426],[-58.14565,-32.18417],[-58.14565,-32.18657]]],[[[-58.13787,-32.18102],[-58.13759,-32.1825],[-58.13796,-32.18259],[-58.13769,-32.18296],[-58.13833,-32.18333],[-58.13731,-32.18352],[-58.13685,-32.18398],[-58.13704,-32.18417],[-58.14157,-32.18296],[-58.14556,-32.1788],[-58.14639,-32.17694],[-58.14676,-32.17407],[-58.14639,-32.17296],[-58.14657,-32.16861],[-58.1463,-32.16833],[-58.14602,-32.16898],[-58.14528,-32.16861],[-58.145,-32.1688],[-58.14509,-32.17028],[-58.14546,-32.17009],[-58.14574,-32.17065],[-58.14574,-32.17231],[-58.14398,-32.17009],[-58.14454,-32.17148],[-58.14565,-32.17259],[-58.14556,-32.17296],[-58.14611,-32.17398],[-58.14611,-32.17583],[-58.14574,-32.17676],[-58.14528,-32.17648],[-58.14556,-32.17713],[-58.14509,-32.17731],[-58.14435,-32.17898],[-58.14306,-32.17991],[-58.14435,-32.17769],[-58.14463,-32.17593],[-58.14426,-32.17528],[-58.1437,-32.17741],[-58.14287,-32.17806],[-58.14185,-32.18009],[-58.14148,-32.18028],[-58.14167,-32.1788],[-58.14148,-32.17852],[-58.14056,-32.17963],[-58.14046,-32.18019],[-58.14,-32.18019],[-58.14,-32.18102],[-58.13926,-32.18019],[-58.13861,-32.18139],[-58.13806,-32.18139],[-58.13787,-32.18102]],[[-58.14065,-32.18157],[-58.14093,-32.18083],[-58.1413,-32.18046],[-58.1413,-32.18102],[-58.14065,-32.18157]],[[-58.13963,-32.18306],[-58.13972,-32.1825],[-58.14019,-32.18241],[-58.14019,-32.18287],[-58.13963,-32.18306]]],[[[-58.14537,-32.16759],[-58.14546,-32.16694],[-58.14481,-32.16676],[-58.14481,-32.16759],[-58.145,-32.16731],[-58.14537,-32.16759]]],[[[-58.1337,-32.16185],[-58.13389,-32.16148],[-58.13306,-32.16185],[-58.1337,-32.16185]]],[[[-58.16935,-32.13019],[-58.16935,-32.1263],[-58.16963,-32.1263],[-58.16963,-32.12537],[-58.16935,-32.12537],[-58.16907,-32.12009],[-58.1688,-32.12009],[-58.1688,-32.11898],[-58.16852,-32.11898],[-58.1688,-32.1188],[-58.1688,-32.11815],[-58.16852,-32.11815],[-58.16852,-32.11731],[-58.16824,-32.11731],[-58.16824,-32.1162],[-58.16769,-32.11593],[-58.16741,-32.11398],[-58.16713,-32.11398],[-58.16657,-32.11231],[-58.16602,-32.11204],[-58.16602,-32.11102],[-58.1662,-32.11185],[-58.16741,-32.11185],[-58.16769,-32.11157],[-58.16769,-32.11065],[-58.16741,-32.11065],[-58.16769,-32.11046],[-58.16769,-32.10815],[-58.16741,-32.10815],[-58.16769,-32.10704],[-58.16676,-32.10704],[-58.16648,-32.10787],[-58.1662,-32.10787],[-58.1662,-32.10898],[-58.16593,-32.10898],[-58.16593,-32.11093],[-58.16546,-32.11009],[-58.16454,-32.11009],[-58.16454,-32.11037],[-58.1637,-32.11065],[-58.16343,-32.11176],[-58.16287,-32.11204],[-58.16259,-32.11315],[-58.16204,-32.1137],[-58.16204,-32.11454],[-58.16176,-32.11454],[-58.1612,-32.1162],[-58.16093,-32.1162],[-58.16093,-32.11704],[-58.16065,-32.11704],[-58.16037,-32.11815],[-58.15981,-32.11843],[-58.15981,-32.11926],[-58.15926,-32.11954],[-58.15898,-32.12065],[-58.1587,-32.12065],[-58.1587,-32.1212],[-58.15815,-32.12176],[-58.15815,-32.12287],[-58.15787,-32.12287],[-58.15731,-32.12454],[-58.15648,-32.12509],[-58.15648,-32.12565],[-58.15593,-32.1262],[-58.15593,-32.12704],[-58.15565,-32.12704],[-58.15565,-32.12787],[-58.15537,-32.12787],[-58.15537,-32.12954],[-58.15509,-32.12954],[-58.15509,-32.13009],[-58.15481,-32.13009],[-58.15454,-32.1312],[-58.15426,-32.1312],[-58.15435,-32.13269],[-58.1538,-32.13296],[-58.1538,-32.13352],[-58.15324,-32.1338],[-58.15269,-32.13546],[-58.15213,-32.13574],[-58.15213,-32.1363],[-58.15157,-32.13657],[-58.15157,-32.13713],[-58.15102,-32.13741],[-58.15074,-32.13824],[-58.15019,-32.13861],[-58.14991,-32.13991],[-58.14963,-32.13991],[-58.14963,-32.14074],[-58.1488,-32.14157],[-58.1488,-32.14241],[-58.14852,-32.14241],[-58.14833,-32.14296],[-58.14852,-32.14352],[-58.14824,-32.14361],[-58.14824,-32.14546],[-58.14769,-32.14602],[-58.14769,-32.14685],[-58.14741,-32.14685],[-58.14741,-32.14769],[-58.14713,-32.14769],[-58.14713,-32.1488],[-58.14657,-32.14907],[-58.1463,-32.15019],[-58.14574,-32.15074],[-58.14574,-32.15157],[-58.14546,-32.15157],[-58.14463,-32.15852],[-58.14435,-32.15852],[-58.14407,-32.16074],[-58.1438,-32.16074],[-58.1438,-32.16269],[-58.14324,-32.16324],[-58.14324,-32.1638],[-58.14296,-32.1638],[-58.14269,-32.16602],[-58.14213,-32.16657],[-58.14213,-32.16769],[-58.14185,-32.16769],[-58.14185,-32.16852],[-58.14157,-32.16852],[-58.14102,-32.17102],[-58.14074,-32.17102],[-58.14046,-32.17213],[-58.13991,-32.17241],[-58.13991,-32.17324],[-58.13935,-32.17352],[-58.1388,-32.17519],[-58.13824,-32.17546],[-58.13796,-32.17685],[-58.13657,-32.17796],[-58.13574,-32.18019],[-58.13546,-32.18019],[-58.13546,-32.18074],[-58.13463,-32.1813],[-58.13435,-32.18241],[-58.1338,-32.18269],[-58.1338,-32.18324],[-58.13296,-32.18389],[-58.13269,-32.18491],[-58.13102,-32.1863],[-58.13102,-32.18685],[-58.12935,-32.18852],[-58.1288,-32.18852],[-58.12713,-32.19019],[-58.12685,-32.19157],[-58.1263,-32.19213],[-58.1263,-32.19296],[-58.12602,-32.19296],[-58.12602,-32.19352],[-58.12546,-32.19407],[-58.12519,-32.19519],[-58.12491,-32.19519],[-58.12491,-32.19602],[-58.12435,-32.19657],[-58.12435,-32.19741],[-58.1238,-32.19796],[-58.1238,-32.19852],[-58.12324,-32.19907],[-58.12296,-32.20074],[-58.12213,-32.20157],[-58.12213,-32.20213],[-58.12185,-32.20213],[-58.12185,-32.20269],[-58.12157,-32.20269],[-58.12157,-32.20324],[-58.1213,-32.20333],[-58.1213,-32.20407],[-58.12102,-32.20407],[-58.12102,-32.20463],[-58.12046,-32.20528],[-58.12046,-32.2063],[-58.12019,-32.2063],[-58.11991,-32.20769],[-58.11963,-32.20769],[-58.11963,-32.20852],[-58.11935,-32.20852],[-58.11935,-32.20907],[-58.11907,-32.20917],[-58.11917,-32.20981],[-58.12194,-32.20954],[-58.12259,-32.20898],[-58.12361,-32.20898],[-58.1237,-32.2087],[-58.12435,-32.20889],[-58.12509,-32.20843],[-58.12583,-32.20843],[-58.1262,-32.20787],[-58.12676,-32.20787],[-58.12676,-32.20759],[-58.12806,-32.20731],[-58.12843,-32.20676],[-58.12889,-32.20676],[-58.12954,-32.20593],[-58.13037,-32.20593],[-58.13231,-32.20398],[-58.13315,-32.20398],[-58.13343,-32.20343],[-58.13481,-32.20287],[-58.13509,-32.20231],[-58.13657,-32.20176],[-58.13815,-32.20065],[-58.13843,-32.20009],[-58.13889,-32.20009],[-58.13926,-32.19926],[-58.13954,-32.19926],[-58.13954,-32.19843],[-58.14009,-32.19806],[-58.14009,-32.19759],[-58.1412,-32.19676],[-58.1412,-32.1962],[-58.14259,-32.19481],[-58.14259,-32.19398],[-58.14287,-32.19398],[-58.14315,-32.19259],[-58.1437,-32.19231],[-58.14398,-32.1912],[-58.14454,-32.19093],[-58.14454,-32.19037],[-58.14509,-32.19009],[-58.14509,-32.18954],[-58.14556,-32.18954],[-58.14565,-32.18898],[-58.1462,-32.1887],[-58.1462,-32.18815],[-58.14704,-32.18787],[-58.14704,-32.18731],[-58.14981,-32.18454],[-58.15065,-32.18426],[-58.15148,-32.18315],[-58.1525,-32.18287],[-58.15343,-32.18148],[-58.15417,-32.18148],[-58.15537,-32.18037],[-58.15593,-32.18037],[-58.15926,-32.17787],[-58.16009,-32.17759],[-58.16009,-32.17731],[-58.16056,-32.17731],[-58.16287,-32.17593],[-58.16315,-32.17537],[-58.16398,-32.17509],[-58.16481,-32.17398],[-58.16537,-32.17389],[-58.16565,-32.17287],[-58.16639,-32.17259],[-58.16648,-32.17176],[-58.16694,-32.17176],[-58.16704,-32.1712],[-58.16731,-32.1712],[-58.16722,-32.17065],[-58.165,-32.1737],[-58.16361,-32.17491],[-58.1613,-32.1763],[-58.16065,-32.17639],[-58.16056,-32.17685],[-58.16009,-32.17685],[-58.15963,-32.17741],[-58.15333,-32.1813],[-58.15241,-32.18241],[-58.15074,-32.18333],[-58.14852,-32.18574],[-58.14722,-32.18667],[-58.14685,-32.18741],[-58.14583,-32.18815],[-58.14574,-32.1887],[-58.14389,-32.19102],[-58.14278,-32.19306],[-58.14222,-32.19481],[-58.14028,-32.19704],[-58.13944,-32.19833],[-58.13926,-32.19907],[-58.13824,-32.20009],[-58.13648,-32.20093],[-58.13602,-32.20148],[-58.13556,-32.20139],[-58.13546,-32.20185],[-58.13463,-32.2025],[-58.13167,-32.20417],[-58.13046,-32.20537],[-58.12954,-32.20574],[-58.12815,-32.20685],[-58.12444,-32.20843],[-58.1237,-32.20833],[-58.12324,-32.2087],[-58.12167,-32.20889],[-58.12148,-32.20843],[-58.12259,-32.20852],[-58.12231,-32.20815],[-58.1238,-32.20759],[-58.12426,-32.20676],[-58.12472,-32.20657],[-58.12463,-32.2062],[-58.12519,-32.20611],[-58.12537,-32.20574],[-58.12583,-32.20611],[-58.12648,-32.20509],[-58.12741,-32.20509],[-58.12741,-32.20463],[-58.12704,-32.20472],[-58.12694,-32.20426],[-58.12769,-32.2038],[-58.1275,-32.20343],[-58.12778,-32.20278],[-58.12843,-32.20204],[-58.12981,-32.2013],[-58.13,-32.20056],[-58.13074,-32.19972],[-58.13065,-32.19898],[-58.13102,-32.1987],[-58.13102,-32.19815],[-58.13056,-32.19833],[-58.13056,-32.19806],[-58.13148,-32.19593],[-58.13185,-32.1962],[-58.13176,-32.19806],[-58.13222,-32.19806],[-58.13176,-32.19843],[-58.13176,-32.19991],[-58.13148,-32.20009],[-58.13157,-32.20056],[-58.13213,-32.20037],[-58.13213,-32.20194],[-58.13176,-32.20185],[-58.13176,-32.20111],[-58.1312,-32.20046],[-58.12991,-32.2025],[-58.12917,-32.20269],[-58.12907,-32.20361],[-58.12806,-32.20426],[-58.12833,-32.20463],[-58.12806,-32.20509],[-58.1275,-32.20519],[-58.12713,-32.20593],[-58.12731,-32.20639],[-58.12796,-32.20602],[-58.12833,-32.20528],[-58.12907,-32.20519],[-58.13157,-32.20315],[-58.13176,-32.20269],[-58.13241,-32.20278],[-58.13287,-32.20167],[-58.13407,-32.20194],[-58.135,-32.20157],[-58.13602,-32.20028],[-58.13667,-32.2],[-58.13741,-32.20019],[-58.13759,-32.19861],[-58.13852,-32.1975],[-58.13944,-32.19528],[-58.14,-32.19481],[-58.14,-32.19398],[-58.14102,-32.19333],[-58.14102,-32.19259],[-58.14139,-32.19213],[-58.1412,-32.19176],[-58.1438,-32.18907],[-58.14444,-32.18796],[-58.14435,-32.18713],[-58.14407,-32.18667],[-58.14343,-32.18685],[-58.14241,-32.18833],[-58.14204,-32.18806],[-58.14046,-32.18972],[-58.13981,-32.19],[-58.14028,-32.1887],[-58.14185,-32.18759],[-58.14231,-32.18648],[-58.14296,-32.18593],[-58.14296,-32.18565],[-58.14231,-32.18565],[-58.14185,-32.18657],[-58.13935,-32.1887],[-58.13852,-32.18935],[-58.13796,-32.18926],[-58.14009,-32.18676],[-58.14324,-32.18407],[-58.14333,-32.18361],[-58.14241,-32.18389],[-58.14278,-32.18352],[-58.14259,-32.18287],[-58.14389,-32.18231],[-58.14398,-32.18176],[-58.14472,-32.18185],[-58.14426,-32.18176],[-58.14426,-32.18148],[-58.14537,-32.18028],[-58.14287,-32.18194],[-58.14111,-32.18407],[-58.14009,-32.18481],[-58.13954,-32.18565],[-58.13963,-32.18639],[-58.13935,-32.18583],[-58.13898,-32.18583],[-58.13731,-32.18713],[-58.13667,-32.1887],[-58.1363,-32.18852],[-58.13593,-32.18741],[-58.13593,-32.18907],[-58.13639,-32.18981],[-58.13639,-32.1913],[-58.13593,-32.19148],[-58.13602,-32.19269],[-58.13546,-32.19231],[-58.135,-32.19241],[-58.13509,-32.1912],[-58.13454,-32.19065],[-58.13472,-32.18907],[-58.13426,-32.18926],[-58.13454,-32.18796],[-58.13519,-32.1875],[-58.13519,-32.1863],[-58.13574,-32.18435],[-58.13454,-32.185],[-58.13444,-32.18546],[-58.13398,-32.18556],[-58.13343,-32.18648],[-58.13324,-32.18833],[-58.13352,-32.18917],[-58.13287,-32.18926],[-58.13343,-32.19009],[-58.13333,-32.19111],[-58.13296,-32.19167],[-58.13269,-32.1912],[-58.13213,-32.19139],[-58.13213,-32.19176],[-58.13269,-32.19176],[-58.13287,-32.19213],[-58.1325,-32.19222],[-58.13231,-32.19278],[-58.13185,-32.19028],[-58.1313,-32.18981],[-58.13083,-32.19019],[-58.13083,-32.19157],[-58.13139,-32.19194],[-58.1313,-32.1925],[-58.13019,-32.19093],[-58.12991,-32.19093],[-58.12963,-32.1925],[-58.12843,-32.19315],[-58.12889,-32.19352],[-58.12806,-32.19426],[-58.12824,-32.19481],[-58.12898,-32.19519],[-58.12611,-32.19731],[-58.12713,-32.19843],[-58.12713,-32.20019],[-58.12676,-32.20019],[-58.1263,-32.20102],[-58.12602,-32.20056],[-58.12537,-32.20056],[-58.12444,-32.20176],[-58.12444,-32.20269],[-58.12389,-32.20324],[-58.12296,-32.20731],[-58.1212,-32.20787],[-58.12111,-32.2088],[-58.11972,-32.20926],[-58.11981,-32.20815],[-58.12185,-32.20287],[-58.12315,-32.20074],[-58.12741,-32.19046],[-58.13083,-32.18731],[-58.13361,-32.18389],[-58.13398,-32.18287],[-58.13454,-32.18241],[-58.13556,-32.18083],[-58.13676,-32.17843],[-58.13815,-32.17685],[-58.13898,-32.17481],[-58.14,-32.17343],[-58.14009,-32.17278],[-58.1412,-32.17102],[-58.1412,-32.17046],[-58.14231,-32.16759],[-58.14324,-32.16398],[-58.14398,-32.16269],[-58.14417,-32.16167],[-58.14454,-32.16157],[-58.14417,-32.16139],[-58.14417,-32.16083],[-58.145,-32.15694],[-58.14556,-32.1563],[-58.14519,-32.15519],[-58.14583,-32.15167],[-58.14648,-32.14991],[-58.14722,-32.14889],[-58.14833,-32.14565],[-58.14898,-32.14194],[-58.14972,-32.14083],[-58.15046,-32.13889],[-58.15315,-32.13519],[-58.15352,-32.13398],[-58.15444,-32.13278],[-58.15472,-32.13139],[-58.15583,-32.12935],[-58.15565,-32.12898],[-58.1563,-32.12852],[-58.15713,-32.12639],[-58.15676,-32.12556],[-58.15713,-32.12528],[-58.15741,-32.12565],[-58.15898,-32.12093],[-58.16083,-32.11796],[-58.16296,-32.11287],[-58.16472,-32.11046],[-58.16556,-32.11083],[-58.16583,-32.11213],[-58.16722,-32.11444],[-58.1675,-32.1163],[-58.16806,-32.11676],[-58.16815,-32.11889],[-58.16907,-32.12204],[-58.16935,-32.12602],[-58.16889,-32.12704],[-58.16889,-32.13278],[-58.16917,-32.13417],[-58.16889,-32.1363],[-58.16898,-32.13593],[-58.16935,-32.13593],[-58.16935,-32.13148],[-58.16907,-32.13148],[-58.16907,-32.13102],[-58.16935,-32.13102],[-58.16935,-32.13037],[-58.16907,-32.13019],[-58.16935,-32.13019]],[[-58.16722,-32.11102],[-58.16667,-32.1113],[-58.16639,-32.11065],[-58.16667,-32.11019],[-58.16667,-32.1087],[-58.16713,-32.10815],[-58.16722,-32.11102]],[[-58.14046,-32.19083],[-58.13981,-32.19222],[-58.13972,-32.19167],[-58.14046,-32.19083]],[[-58.13389,-32.19259],[-58.13426,-32.19167],[-58.13454,-32.19176],[-58.13435,-32.1925],[-58.13389,-32.19259]],[[-58.13537,-32.19315],[-58.135,-32.19352],[-58.13454,-32.19343],[-58.13444,-32.19398],[-58.135,-32.19509],[-58.13491,-32.19759],[-58.13454,-32.19824],[-58.13417,-32.19704],[-58.13472,-32.19565],[-58.1337,-32.19556],[-58.13333,-32.19426],[-58.13343,-32.19398],[-58.1338,-32.19417],[-58.13352,-32.1937],[-58.13417,-32.19269],[-58.135,-32.19269],[-58.13537,-32.19315]],[[-58.13278,-32.19444],[-58.13269,-32.19556],[-58.13231,-32.19565],[-58.13222,-32.19454],[-58.13296,-32.1938],[-58.13315,-32.19417],[-58.13278,-32.19444]],[[-58.13269,-32.19694],[-58.13296,-32.19806],[-58.13324,-32.19824],[-58.13287,-32.19824],[-58.13259,-32.19759],[-58.13204,-32.19741],[-58.13194,-32.19648],[-58.13269,-32.19694]],[[-58.12935,-32.19926],[-58.12852,-32.20102],[-58.12796,-32.20074],[-58.12833,-32.19981],[-58.12898,-32.19972],[-58.12935,-32.19926]],[[-58.12685,-32.20259],[-58.12639,-32.20259],[-58.1263,-32.20333],[-58.12574,-32.2037],[-58.12574,-32.20435],[-58.12537,-32.20454],[-58.12509,-32.20574],[-58.12454,-32.20611],[-58.12481,-32.20454],[-58.12565,-32.2038],[-58.12565,-32.20315],[-58.12648,-32.20204],[-58.12713,-32.20222],[-58.12685,-32.20259]]],[[[-58.17176,-32.14741],[-58.17176,-32.14657],[-58.17148,-32.14657],[-58.1712,-32.14472],[-58.17093,-32.14463],[-58.17093,-32.14296],[-58.17065,-32.14296],[-58.17065,-32.14185],[-58.17037,-32.14185],[-58.17037,-32.14046],[-58.16981,-32.13991],[-58.17009,-32.13981],[-58.17009,-32.1388],[-58.16954,-32.13852],[-58.16926,-32.1363],[-58.16898,-32.1363],[-58.16944,-32.13861],[-58.16991,-32.13907],[-58.16972,-32.14],[-58.17028,-32.14194],[-58.17046,-32.14204],[-58.17046,-32.14296],[-58.17074,-32.14324],[-58.17102,-32.14574],[-58.17194,-32.14796],[-58.17222,-32.15083],[-58.17287,-32.1513],[-58.17231,-32.15046],[-58.17231,-32.1488],[-58.17204,-32.1488],[-58.17204,-32.14741],[-58.17176,-32.14741]]],[[[-58.16787,-32.17065],[-58.16926,-32.16926],[-58.16926,-32.1687],[-58.1712,-32.16694],[-58.1712,-32.16657],[-58.17204,-32.16611],[-58.17204,-32.16565],[-58.17537,-32.1625],[-58.17565,-32.16148],[-58.17593,-32.16148],[-58.17593,-32.15991],[-58.17565,-32.15991],[-58.17583,-32.16074],[-58.17491,-32.1625],[-58.17065,-32.16676],[-58.1687,-32.16935],[-58.16731,-32.17065],[-58.16787,-32.17065]]],[[[-58.14241,-32.15667],[-58.14241,-32.15741],[-58.14185,-32.15806],[-58.14185,-32.16074],[-58.14231,-32.16074],[-58.14259,-32.15926],[-58.14287,-32.15926],[-58.14287,-32.1587],[-58.14343,-32.15806],[-58.14343,-32.1575],[-58.14315,-32.15741],[-58.14343,-32.15611],[-58.14296,-32.15611],[-58.14241,-32.15667]]],[[[-58.13509,-32.15583],[-58.13481,-32.15565],[-58.13454,-32.15565],[-58.13481,-32.1562],[-58.13509,-32.15583]]],[[[-58.14593,-32.15537],[-58.14639,-32.15472],[-58.1463,-32.15417],[-58.14593,-32.15472],[-58.14593,-32.15537]]],[[[-58.13333,-32.14917],[-58.1325,-32.15056],[-58.13259,-32.15102],[-58.13352,-32.15111],[-58.13407,-32.15074],[-58.13417,-32.14981],[-58.1338,-32.14917],[-58.13333,-32.14917]]],[[[-58.13667,-32.1487],[-58.135,-32.15037],[-58.13537,-32.1512],[-58.13639,-32.15019],[-58.13667,-32.1487]]],[[[-58.1337,-32.1487],[-58.13472,-32.14907],[-58.13519,-32.1487],[-58.13426,-32.14843],[-58.1337,-32.1487]]],[[[-58.14028,-32.13648],[-58.14111,-32.13667],[-58.14157,-32.13611],[-58.14083,-32.1362],[-58.14028,-32.13648]]],[[[-58.13315,-32.13667],[-58.13333,-32.13565],[-58.13315,-32.13546],[-58.13315,-32.13667]]],[[[-58.13639,-32.10546],[-58.13704,-32.10583],[-58.1375,-32.10574],[-58.13694,-32.10509],[-58.13648,-32.10519],[-58.13639,-32.10546]]],[[[-58.13426,-32.10185],[-58.13472,-32.10185],[-58.13472,-32.10176],[-58.13426,-32.10148],[-58.13426,-32.10185]]],[[[-58.13176,-32.35],[-58.13167,-32.34954],[-58.1312,-32.34954],[-58.1312,-32.35],[-58.13176,-32.35]]],[[[-58.13139,-32.33241],[-58.13148,-32.33269],[-58.13185,-32.33269],[-58.13176,-32.33231],[-58.13139,-32.33241]]],[[[-58.12444,-32.3175],[-58.12565,-32.31796],[-58.12574,-32.3175],[-58.12444,-32.31722],[-58.12444,-32.3175]]],[[[-58.13241,-32.28935],[-58.13324,-32.28917],[-58.13324,-32.28889],[-58.13278,-32.2888],[-58.13241,-32.28935]]],[[[-58.12722,-32.2837],[-58.12713,-32.28352],[-58.12676,-32.28352],[-58.12676,-32.2838],[-58.12722,-32.2837]]],[[[-58.12815,-32.27917],[-58.12824,-32.27972],[-58.12935,-32.2787],[-58.1287,-32.27861],[-58.12815,-32.27917]]],[[[-58.1287,-32.27602],[-58.12833,-32.27583],[-58.12833,-32.2762],[-58.12852,-32.2763],[-58.1287,-32.27602]]],[[[-58.125,-32.25991],[-58.12546,-32.25972],[-58.12519,-32.25926],[-58.12481,-32.25954],[-58.125,-32.25991]]],[[[-58.12722,-32.24657],[-58.12713,-32.2463],[-58.12676,-32.24639],[-58.12676,-32.24685],[-58.12722,-32.24657]]],[[[-58.13185,-32.22463],[-58.13111,-32.22481],[-58.13111,-32.22519],[-58.13176,-32.22519],[-58.13185,-32.22463]]],[[[-58.1288,-32.20296],[-58.1287,-32.20259],[-58.12824,-32.20296],[-58.1288,-32.20296]]],[[[-58.12593,-32.19907],[-58.12556,-32.19972],[-58.12565,-32.2],[-58.1262,-32.19935],[-58.12593,-32.19907]]],[[[-58.12935,-32.17963],[-58.12852,-32.18046],[-58.12824,-32.18157],[-58.12796,-32.18157],[-58.12796,-32.18241],[-58.12769,-32.18241],[-58.12741,-32.18352],[-58.12713,-32.18352],[-58.12713,-32.18435],[-58.12685,-32.18435],[-58.1263,-32.18676],[-58.12731,-32.18676],[-58.12759,-32.18565],[-58.1287,-32.18481],[-58.12926,-32.18481],[-58.13037,-32.1837],[-58.13093,-32.18204],[-58.13231,-32.18065],[-58.13259,-32.17824],[-58.13231,-32.17796],[-58.13074,-32.17796],[-58.13074,-32.17824],[-58.13019,-32.17824],[-58.12935,-32.17907],[-58.12935,-32.17963]],[[-58.12815,-32.18454],[-58.12722,-32.1863],[-58.12676,-32.18657],[-58.12704,-32.18463],[-58.12963,-32.17935],[-58.13093,-32.17824],[-58.13213,-32.17824],[-58.13241,-32.17861],[-58.13213,-32.18046],[-58.13111,-32.18139],[-58.13019,-32.18352],[-58.12963,-32.1837],[-58.12935,-32.18435],[-58.12889,-32.18389],[-58.12815,-32.18454]]],[[[-58.12889,-32.17269],[-58.12806,-32.17491],[-58.12815,-32.17611],[-58.12889,-32.17454],[-58.12889,-32.17269]]],[[[-58.12491,-32.17074],[-58.12519,-32.17074],[-58.12519,-32.17028],[-58.12491,-32.17037],[-58.12491,-32.17074]]],[[[-58.13204,-32.17019],[-58.13222,-32.16954],[-58.13185,-32.16944],[-58.13176,-32.16972],[-58.13204,-32.17019]]],[[[-58.13185,-32.16287],[-58.13009,-32.1637],[-58.13028,-32.16435],[-58.1312,-32.16491],[-58.13222,-32.16417],[-58.13176,-32.16352],[-58.13185,-32.16287]]],[[[-58.12926,-32.16343],[-58.12954,-32.16407],[-58.12981,-32.1638],[-58.12963,-32.16306],[-58.12926,-32.16343]]],[[[-58.13278,-32.16204],[-58.13213,-32.16185],[-58.13185,-32.16194],[-58.13213,-32.16222],[-58.13278,-32.16204]]],[[[-58.12639,-32.16037],[-58.12574,-32.16],[-58.12556,-32.16],[-58.12583,-32.16046],[-58.12639,-32.16037]]],[[[-58.12454,-32.15907],[-58.12481,-32.15954],[-58.12546,-32.16],[-58.12556,-32.15944],[-58.12519,-32.1588],[-58.12481,-32.15861],[-58.12454,-32.15907]]],[[[-58.13454,-32.15148],[-58.13287,-32.15361],[-58.13278,-32.15194],[-58.13222,-32.15204],[-58.1325,-32.15231],[-58.13222,-32.15324],[-58.13093,-32.15343],[-58.13074,-32.15194],[-58.13009,-32.15269],[-58.12963,-32.15185],[-58.12843,-32.15241],[-58.12778,-32.15167],[-58.12648,-32.15176],[-58.12574,-32.15231],[-58.12574,-32.15324],[-58.12509,-32.15343],[-58.125,-32.15407],[-58.12426,-32.15509],[-58.12481,-32.15676],[-58.12574,-32.15694],[-58.12667,-32.15759],[-58.1263,-32.1587],[-58.12593,-32.1588],[-58.12713,-32.1588],[-58.12806,-32.15926],[-58.12806,-32.15963],[-58.12769,-32.15981],[-58.12769,-32.16065],[-58.12731,-32.16074],[-58.12759,-32.16102],[-58.12972,-32.16093],[-58.12972,-32.16185],[-58.12926,-32.16194],[-58.12926,-32.16222],[-58.12991,-32.16231],[-58.12954,-32.16259],[-58.12972,-32.16278],[-58.13157,-32.16241],[-58.13111,-32.16204],[-58.13157,-32.16204],[-58.13361,-32.16083],[-58.13426,-32.15963],[-58.13472,-32.15935],[-58.13463,-32.15787],[-58.13398,-32.1575],[-58.1337,-32.15676],[-58.13444,-32.15463],[-58.13444,-32.1538],[-58.13519,-32.15269],[-58.13528,-32.15148],[-58.13454,-32.15148]],[[-58.1312,-32.15435],[-58.13213,-32.1538],[-58.1325,-32.15426],[-58.13213,-32.15528],[-58.13176,-32.15537],[-58.13185,-32.15574],[-58.1312,-32.15546],[-58.1313,-32.155],[-58.13028,-32.15481],[-58.13028,-32.15546],[-58.12972,-32.1563],[-58.12917,-32.15694],[-58.1288,-32.15685],[-58.13009,-32.15509],[-58.13065,-32.15361],[-58.13111,-32.15361],[-58.1312,-32.15435]],[[-58.12954,-32.15537],[-58.12898,-32.15593],[-58.12907,-32.155],[-58.12972,-32.15444],[-58.12954,-32.15537]],[[-58.13352,-32.15481],[-58.13306,-32.15602],[-58.13241,-32.15602],[-58.13315,-32.15463],[-58.13352,-32.15481]],[[-58.13204,-32.1575],[-58.13167,-32.15704],[-58.13222,-32.15667],[-58.13241,-32.15704],[-58.13204,-32.1575]],[[-58.12769,-32.15778],[-58.12722,-32.15843],[-58.12704,-32.15843],[-58.12704,-32.15787],[-58.12759,-32.15778],[-58.12796,-32.15741],[-58.12769,-32.15704],[-58.12796,-32.15694],[-58.12843,-32.15731],[-58.12833,-32.15778],[-58.12769,-32.15778]],[[-58.13407,-32.15907],[-58.13389,-32.15861],[-58.13454,-32.15861],[-58.13444,-32.15889],[-58.13407,-32.15907]]],[[[-58.14204,-32.14481],[-58.14231,-32.14481],[-58.14231,-32.14426],[-58.14287,-32.1437],[-58.14287,-32.14176],[-58.14315,-32.14176],[-58.14315,-32.14093],[-58.14343,-32.14093],[-58.14343,-32.13991],[-58.14315,-32.13963],[-58.14148,-32.13963],[-58.14148,-32.13935],[-58.14037,-32.13935],[-58.14037,-32.13907],[-58.1388,-32.13907],[-58.1388,-32.13935],[-58.13843,-32.13935],[-58.13843,-32.13907],[-58.13519,-32.13907],[-58.13519,-32.13935],[-58.13444,-32.13935],[-58.13352,-32.14019],[-58.13269,-32.14241],[-58.13157,-32.14324],[-58.13157,-32.1438],[-58.13074,-32.14435],[-58.13074,-32.14491],[-58.12991,-32.14519],[-58.12907,-32.1463],[-58.12796,-32.14657],[-58.12741,-32.14713],[-58.1263,-32.14713],[-58.1263,-32.14741],[-58.12407,-32.14741],[-58.12407,-32.14769],[-58.12185,-32.14796],[-58.12185,-32.14824],[-58.12019,-32.14824],[-58.12019,-32.14852],[-58.11796,-32.1488],[-58.11796,-32.14907],[-58.1163,-32.14963],[-58.11519,-32.15074],[-58.11519,-32.1513],[-58.11491,-32.1513],[-58.11491,-32.15398],[-58.11546,-32.15454],[-58.11574,-32.15565],[-58.1163,-32.15593],[-58.1163,-32.15648],[-58.11713,-32.15731],[-58.1188,-32.15759],[-58.1188,-32.15787],[-58.11935,-32.15787],[-58.12019,-32.1587],[-58.12074,-32.1587],[-58.12102,-32.15926],[-58.12157,-32.15926],[-58.12241,-32.16009],[-58.12296,-32.16009],[-58.12324,-32.16065],[-58.12435,-32.16093],[-58.12519,-32.16204],[-58.12602,-32.16231],[-58.12667,-32.16315],[-58.12713,-32.16315],[-58.12769,-32.16398],[-58.12824,-32.16398],[-58.12991,-32.16565],[-58.13019,-32.16704],[-58.13046,-32.16704],[-58.13046,-32.16787],[-58.13074,-32.16787],[-58.13102,-32.17065],[-58.1313,-32.17065],[-58.13157,-32.17259],[-58.13185,-32.17259],[-58.13157,-32.17269],[-58.13157,-32.17315],[-58.13185,-32.17315],[-58.13157,-32.17333],[-58.13167,-32.17398],[-58.1325,-32.17398],[-58.13315,-32.17343],[-58.13315,-32.17287],[-58.1337,-32.17259],[-58.13398,-32.17148],[-58.13435,-32.17148],[-58.13454,-32.17093],[-58.13509,-32.17065],[-58.13537,-32.16954],[-58.13593,-32.16907],[-58.13648,-32.16676],[-58.13676,-32.16676],[-58.13676,-32.16593],[-58.13704,-32.16593],[-58.13704,-32.16509],[-58.13731,-32.16509],[-58.13759,-32.16259],[-58.13657,-32.16657],[-58.13611,-32.16713],[-58.13463,-32.17074],[-58.13398,-32.17093],[-58.13389,-32.16944],[-58.13463,-32.16889],[-58.13444,-32.16833],[-58.135,-32.16722],[-58.135,-32.16593],[-58.13537,-32.16519],[-58.13472,-32.16463],[-58.13454,-32.1637],[-58.13565,-32.16241],[-58.1375,-32.15852],[-58.13704,-32.15824],[-58.1363,-32.15935],[-58.13593,-32.16009],[-58.13602,-32.16074],[-58.13528,-32.16204],[-58.13435,-32.16296],[-58.13343,-32.16333],[-58.13185,-32.16509],[-58.13213,-32.16519],[-58.13194,-32.16648],[-58.13231,-32.16685],[-58.13287,-32.16676],[-58.13287,-32.16759],[-58.13361,-32.16778],[-58.13361,-32.16833],[-58.13306,-32.16815],[-58.13361,-32.16954],[-58.13361,-32.17185],[-58.13296,-32.17324],[-58.13222,-32.17352],[-58.13194,-32.17324],[-58.13167,-32.17009],[-58.13139,-32.17],[-58.13009,-32.16556],[-58.12722,-32.16278],[-58.12602,-32.16213],[-58.12593,-32.16167],[-58.12537,-32.16167],[-58.12454,-32.16074],[-58.12009,-32.15806],[-58.11685,-32.15657],[-58.11537,-32.15426],[-58.11509,-32.15148],[-58.11648,-32.14991],[-58.1187,-32.14889],[-58.12194,-32.14833],[-58.12417,-32.14778],[-58.12426,-32.14759],[-58.12639,-32.1475],[-58.12648,-32.14731],[-58.1275,-32.14722],[-58.12907,-32.14648],[-58.13139,-32.14435],[-58.13287,-32.14241],[-58.13398,-32.14019],[-58.13602,-32.13917],[-58.13833,-32.13944],[-58.14019,-32.13926],[-58.14028,-32.13944],[-58.1412,-32.13954],[-58.1413,-32.13972],[-58.14296,-32.13981],[-58.14333,-32.14046],[-58.14278,-32.14148],[-58.14259,-32.14352],[-58.14111,-32.14639],[-58.14065,-32.1487],[-58.14093,-32.1487],[-58.14093,-32.14759],[-58.1412,-32.14759],[-58.1412,-32.14676],[-58.14148,-32.14676],[-58.14148,-32.14593],[-58.14176,-32.14593],[-58.14204,-32.14481]]],[[[-58.14009,-32.1512],[-58.14037,-32.1512],[-58.14037,-32.15009],[-58.14065,-32.15009],[-58.14065,-32.1487],[-58.13917,-32.15417],[-58.13907,-32.15713],[-58.13889,-32.15722],[-58.1387,-32.15843],[-58.13898,-32.15843],[-58.13898,-32.15731],[-58.13926,-32.15731],[-58.13926,-32.15426],[-58.13954,-32.15426],[-58.13981,-32.15231],[-58.14009,-32.15231],[-58.14009,-32.1512]]],[[[-58.1387,-32.15843],[-58.13815,-32.16009],[-58.1387,-32.15954],[-58.1387,-32.15843]]],[[[-58.13815,-32.16009],[-58.13759,-32.16259],[-58.13787,-32.16259],[-58.13787,-32.16176],[-58.13815,-32.16176],[-58.13815,-32.16009]]],[[[-58.1313,-32.15231],[-58.13194,-32.15287],[-58.13157,-32.15213],[-58.1313,-32.15231]]],[[[-58.13056,-32.15074],[-58.13074,-32.15148],[-58.13102,-32.15009],[-58.13093,-32.15037],[-58.13056,-32.15074]]],[[[-58.12491,-32.1225],[-58.12593,-32.12343],[-58.12583,-32.12213],[-58.12546,-32.12157],[-58.125,-32.12157],[-58.12509,-32.12093],[-58.12454,-32.12093],[-58.12491,-32.1225]]],[[[-58.13028,-32.10491],[-58.13028,-32.10444],[-58.13009,-32.10435],[-58.13,-32.10491],[-58.13028,-32.10491]]],[[[-58.13037,-32.10435],[-58.13102,-32.10426],[-58.13102,-32.10389],[-58.13037,-32.10398],[-58.13037,-32.10435]]],[[[-58.12713,-32.10333],[-58.12685,-32.10333],[-58.12694,-32.1038],[-58.12722,-32.1038],[-58.12713,-32.10333]]],[[[-58.12481,-32.10037],[-58.12491,-32.10102],[-58.12454,-32.10111],[-58.12435,-32.10213],[-58.12519,-32.10185],[-58.125,-32.1012],[-58.12556,-32.10102],[-58.12583,-32.10028],[-58.12528,-32.10028],[-58.12519,-32.10056],[-58.12481,-32.10037]]],[[[-58.11833,-32.29167],[-58.11907,-32.2912],[-58.11843,-32.29093],[-58.11833,-32.29167]]],[[[-58.12083,-32.28759],[-58.12028,-32.28787],[-58.12065,-32.28861],[-58.1213,-32.2887],[-58.12176,-32.28824],[-58.12157,-32.2875],[-58.12139,-32.28787],[-58.12083,-32.28759]]],[[[-58.125,-32.28102],[-58.12454,-32.28065],[-58.12444,-32.28102],[-58.125,-32.28102]]],[[[-58.11741,-32.27704],[-58.1175,-32.27667],[-58.11731,-32.27639],[-58.11713,-32.27657],[-58.11741,-32.27704]]],[[[-58.12176,-32.27667],[-58.12204,-32.27657],[-58.12194,-32.2762],[-58.12176,-32.2762],[-58.12176,-32.27667]]],[[[-58.11917,-32.27407],[-58.11935,-32.27463],[-58.11944,-32.27417],[-58.12019,-32.27454],[-58.12056,-32.27398],[-58.11972,-32.27398],[-58.11981,-32.27343],[-58.11954,-32.27333],[-58.11917,-32.27407]]],[[[-58.11889,-32.27407],[-58.11833,-32.27361],[-58.11833,-32.27407],[-58.11889,-32.27407]]],[[[-58.11815,-32.27352],[-58.11796,-32.27306],[-58.11769,-32.27315],[-58.11778,-32.27352],[-58.11815,-32.27352]]],[[[-58.1175,-32.27213],[-58.11806,-32.27213],[-58.11833,-32.27148],[-58.11787,-32.2713],[-58.1175,-32.27213]]],[[[-58.12139,-32.26241],[-58.12176,-32.26241],[-58.12157,-32.26204],[-58.12139,-32.26204],[-58.12139,-32.26241]]],[[[-58.1188,-32.19296],[-58.11741,-32.19435],[-58.11741,-32.19519],[-58.11713,-32.19519],[-58.11741,-32.1962],[-58.11796,-32.19648],[-58.11796,-32.19704],[-58.11852,-32.1975],[-58.11926,-32.19731],[-58.11954,-32.19648],[-58.12009,-32.1962],[-58.12009,-32.19565],[-58.12065,-32.19509],[-58.12065,-32.19426],[-58.12093,-32.19426],[-58.12093,-32.19111],[-58.12065,-32.19102],[-58.12065,-32.19046],[-58.11991,-32.19046],[-58.11991,-32.19102],[-58.11935,-32.1913],[-58.11935,-32.19213],[-58.11907,-32.19213],[-58.1188,-32.19296]],[[-58.12074,-32.19148],[-58.12083,-32.19361],[-58.12028,-32.19528],[-58.11907,-32.19694],[-58.11852,-32.19713],[-58.11759,-32.19602],[-58.1175,-32.19491],[-58.1187,-32.19352],[-58.12009,-32.19083],[-58.12074,-32.19148]]],[[[-58.12204,-32.1825],[-58.12157,-32.18296],[-58.1225,-32.18333],[-58.1225,-32.18296],[-58.12204,-32.1825]]],[[[-58.11713,-32.18019],[-58.11769,-32.18046],[-58.11852,-32.17972],[-58.11769,-32.17954],[-58.11713,-32.18019]]],[[[-58.12454,-32.15759],[-58.12398,-32.15731],[-58.1238,-32.15796],[-58.12481,-32.15824],[-58.12454,-32.15759]]],[[[-58.12389,-32.1588],[-58.12426,-32.1588],[-58.12426,-32.15824],[-58.12398,-32.15824],[-58.12389,-32.1588]]],[[[-58.12315,-32.15139],[-58.12315,-32.15204],[-58.12278,-32.15204],[-58.12241,-32.15269],[-58.12148,-32.1525],[-58.12167,-32.15463],[-58.12065,-32.15398],[-58.12019,-32.15194],[-58.11954,-32.15333],[-58.11991,-32.1537],[-58.12,-32.15519],[-58.12046,-32.15593],[-58.12037,-32.15694],[-58.12213,-32.15796],[-58.12306,-32.15759],[-58.12315,-32.15667],[-58.12343,-32.15704],[-58.12407,-32.15694],[-58.1238,-32.15556],[-58.12343,-32.15519],[-58.12407,-32.15222],[-58.12352,-32.15259],[-58.12361,-32.15324],[-58.12296,-32.15352],[-58.12296,-32.15231],[-58.12407,-32.15111],[-58.12361,-32.15102],[-58.12315,-32.15139]],[[-58.12278,-32.15546],[-58.12269,-32.155],[-58.12296,-32.15417],[-58.12306,-32.15546],[-58.12278,-32.15546]]],[[[-58.12407,-32.15194],[-58.12463,-32.15185],[-58.12546,-32.15111],[-58.12472,-32.15111],[-58.12407,-32.15194]]],[[[-58.12426,-32.15065],[-58.12435,-32.15028],[-58.1238,-32.15037],[-58.12426,-32.15065]]],[[[-58.11769,-32.14722],[-58.11778,-32.14667],[-58.11676,-32.14685],[-58.11676,-32.14741],[-58.11769,-32.14722]]],[[[-58.1237,-32.14583],[-58.12435,-32.14574],[-58.12435,-32.14556],[-58.1237,-32.14556],[-58.1237,-32.14583]]],[[[-58.12287,-32.12269],[-58.12315,-32.12306],[-58.12407,-32.12306],[-58.12417,-32.12278],[-58.12352,-32.12204],[-58.12287,-32.12269]]],[[[-58.12167,-32.12037],[-58.12222,-32.12111],[-58.12241,-32.12074],[-58.12213,-32.12028],[-58.12167,-32.12037]]],[[[-58.12194,-32.10444],[-58.12185,-32.10417],[-58.12148,-32.10417],[-58.12157,-32.10444],[-58.12194,-32.10444]]],[[[-58.12306,-32.10259],[-58.12352,-32.10296],[-58.1238,-32.1025],[-58.12407,-32.10296],[-58.12435,-32.10222],[-58.12398,-32.10222],[-58.1237,-32.10176],[-58.12361,-32.1025],[-58.12306,-32.10259]]],[[[-58.11102,-32.3412],[-58.11065,-32.34111],[-58.11028,-32.3413],[-58.11056,-32.34139],[-58.11102,-32.3412]]],[[[-58.11407,-32.3113],[-58.11296,-32.31306],[-58.11269,-32.31731],[-58.11296,-32.31731],[-58.11296,-32.31843],[-58.11352,-32.3187],[-58.11352,-32.31972],[-58.11407,-32.32037],[-58.11407,-32.32093],[-58.11509,-32.32093],[-58.11509,-32.31981],[-58.11537,-32.31972],[-58.11537,-32.31917],[-58.11509,-32.31907],[-58.11537,-32.31898],[-58.11537,-32.31796],[-58.11509,-32.31796],[-58.11537,-32.31769],[-58.11537,-32.31435],[-58.11509,-32.31435],[-58.11472,-32.31148],[-58.11407,-32.3113]],[[-58.11491,-32.31343],[-58.11509,-32.3188],[-58.11454,-32.32074],[-58.11398,-32.31898],[-58.11324,-32.31806],[-58.11296,-32.31657],[-58.11324,-32.31417],[-58.11426,-32.31222],[-58.11463,-32.31241],[-58.11491,-32.31343]]],[[[-58.10713,-32.28824],[-58.10685,-32.28833],[-58.10685,-32.28889],[-58.10713,-32.28898],[-58.10713,-32.29148],[-58.10741,-32.29204],[-58.10741,-32.29361],[-58.10769,-32.2937],[-58.10741,-32.2938],[-58.10741,-32.29481],[-58.10769,-32.29481],[-58.10787,-32.2937],[-58.10741,-32.29009],[-58.1075,-32.28759],[-58.10713,-32.28657],[-58.10713,-32.28389],[-58.10676,-32.28333],[-58.10694,-32.28231],[-58.10648,-32.2813],[-58.10685,-32.28083],[-58.10769,-32.28111],[-58.10806,-32.28167],[-58.11,-32.28333],[-58.11083,-32.2837],[-58.11111,-32.28444],[-58.1125,-32.28574],[-58.11324,-32.28769],[-58.11333,-32.29028],[-58.11269,-32.29287],[-58.11269,-32.29491],[-58.11241,-32.29509],[-58.11222,-32.2962],[-58.11241,-32.29787],[-58.11194,-32.2975],[-58.11167,-32.29426],[-58.11056,-32.29074],[-58.11046,-32.2887],[-58.11009,-32.28926],[-58.11028,-32.29009],[-58.11019,-32.2913],[-58.10991,-32.29148],[-58.10991,-32.29463],[-58.11019,-32.29491],[-58.11019,-32.29657],[-58.10972,-32.29704],[-58.10991,-32.29778],[-58.10963,-32.29806],[-58.10991,-32.29852],[-58.11,-32.29806],[-58.11046,-32.29796],[-58.11074,-32.29954],[-58.11009,-32.29898],[-58.10972,-32.29935],[-58.11037,-32.30019],[-58.11046,-32.29963],[-58.11102,-32.30009],[-58.11074,-32.30046],[-58.11083,-32.30139],[-58.1113,-32.30157],[-58.1113,-32.30491],[-58.11185,-32.30565],[-58.11157,-32.3062],[-58.11065,-32.30333],[-58.10889,-32.29963],[-58.1087,-32.29833],[-58.10815,-32.2975],[-58.10824,-32.29667],[-58.10769,-32.29491],[-58.10769,-32.29648],[-58.10796,-32.29648],[-58.10778,-32.29778],[-58.10852,-32.29843],[-58.10852,-32.29972],[-58.10907,-32.30009],[-58.10907,-32.30093],[-58.10935,-32.30093],[-58.10935,-32.30148],[-58.10991,-32.30204],[-58.10991,-32.30287],[-58.11019,-32.30287],[-58.11019,-32.3038],[-58.11074,-32.30454],[-58.11074,-32.30509],[-58.11102,-32.30509],[-58.11102,-32.30639],[-58.11157,-32.30731],[-58.11139,-32.30815],[-58.11157,-32.30944],[-58.11185,-32.30954],[-58.11185,-32.31009],[-58.11213,-32.31009],[-58.11213,-32.3113],[-58.11278,-32.31139],[-58.11287,-32.31093],[-58.11315,-32.31093],[-58.11315,-32.31009],[-58.11343,-32.31009],[-58.11343,-32.30898],[-58.1137,-32.30898],[-58.1137,-32.30759],[-58.11398,-32.3075],[-58.11398,-32.30667],[-58.1137,-32.30657],[-58.11398,-32.30546],[-58.1137,-32.30546],[-58.1137,-32.3038],[-58.11343,-32.3038],[-58.11343,-32.30241],[-58.11315,-32.30241],[-58.11315,-32.30046],[-58.11287,-32.30046],[-58.11287,-32.29935],[-58.11259,-32.29935],[-58.11259,-32.29509],[-58.11287,-32.29509],[-58.11287,-32.29287],[-58.11315,-32.29287],[-58.11315,-32.2912],[-58.11343,-32.2912],[-58.11343,-32.28741],[-58.11315,-32.28741],[-58.11287,-32.28574],[-58.11204,-32.28519],[-58.11204,-32.28463],[-58.1112,-32.28407],[-58.1112,-32.28352],[-58.11009,-32.28324],[-58.10898,-32.28213],[-58.10889,-32.28167],[-58.10815,-32.28157],[-58.10759,-32.28074],[-58.1063,-32.28074],[-58.10657,-32.28565],[-58.10685,-32.28565],[-58.10685,-32.28806],[-58.10713,-32.28824]],[[-58.11296,-32.30194],[-58.11287,-32.30148],[-58.1125,-32.3013],[-58.11259,-32.30037],[-58.11296,-32.30093],[-58.11296,-32.30194]],[[-58.11324,-32.30278],[-58.11352,-32.30861],[-58.11259,-32.31093],[-58.11176,-32.30843],[-58.11222,-32.30815],[-58.11213,-32.3062],[-58.11315,-32.30574],[-58.11278,-32.30444],[-58.11287,-32.30259],[-58.11324,-32.30278]]],[[[-58.1112,-32.28574],[-58.1113,-32.28519],[-58.11093,-32.28472],[-58.1112,-32.28574]]],[[[-58.10944,-32.28454],[-58.10954,-32.28546],[-58.11019,-32.28602],[-58.11019,-32.28509],[-58.11056,-32.28463],[-58.11028,-32.28426],[-58.11056,-32.28398],[-58.11009,-32.28398],[-58.10991,-32.28444],[-58.10944,-32.28454]]],[[[-58.11407,-32.27481],[-58.1137,-32.27407],[-58.1137,-32.27463],[-58.11407,-32.27481]]],[[[-58.11463,-32.27426],[-58.11481,-32.27398],[-58.11426,-32.2738],[-58.11417,-32.27407],[-58.11463,-32.27426]]],[[[-58.1137,-32.27398],[-58.11352,-32.27315],[-58.11306,-32.27278],[-58.11343,-32.27398],[-58.1137,-32.27398]]],[[[-58.11056,-32.27046],[-58.11093,-32.27009],[-58.11056,-32.26963],[-58.11056,-32.27046]]],[[[-58.10963,-32.25991],[-58.11028,-32.26083],[-58.10972,-32.25963],[-58.10963,-32.25991]]],[[[-58.10917,-32.25843],[-58.10833,-32.25713],[-58.10815,-32.2562],[-58.10806,-32.25713],[-58.10917,-32.25843]]],[[[-58.10954,-32.2588],[-58.10935,-32.25843],[-58.10917,-32.25843],[-58.10926,-32.25889],[-58.10954,-32.2588]]],[[[-58.10824,-32.25565],[-58.10815,-32.25537],[-58.10787,-32.25519],[-58.10787,-32.25565],[-58.10824,-32.25565]]],[[[-58.11241,-32.24407],[-58.1113,-32.24546],[-58.11074,-32.24546],[-58.10824,-32.24796],[-58.10796,-32.2488],[-58.10713,-32.24963],[-58.10713,-32.25028],[-58.10843,-32.25009],[-58.10843,-32.24981],[-58.10926,-32.24981],[-58.10926,-32.24954],[-58.11,-32.24954],[-58.11065,-32.24898],[-58.1112,-32.24898],[-58.11204,-32.24815],[-58.11259,-32.24815],[-58.11343,-32.24704],[-58.11398,-32.24704],[-58.11481,-32.2462],[-58.11509,-32.24509],[-58.11537,-32.24509],[-58.11537,-32.24333],[-58.11352,-32.24352],[-58.11352,-32.2438],[-58.11241,-32.24407]],[[-58.11509,-32.24426],[-58.11444,-32.24611],[-58.11333,-32.24694],[-58.11269,-32.24778],[-58.11222,-32.24787],[-58.11074,-32.24889],[-58.1075,-32.24991],[-58.10917,-32.24741],[-58.11259,-32.24444],[-58.11324,-32.24435],[-58.11398,-32.2437],[-58.11472,-32.2437],[-58.11509,-32.24426]]],[[[-58.11509,-32.22343],[-58.11426,-32.22417],[-58.11398,-32.22519],[-58.11306,-32.22602],[-58.11324,-32.22657],[-58.1137,-32.22648],[-58.11454,-32.22556],[-58.11491,-32.22556],[-58.115,-32.22611],[-58.11556,-32.22574],[-58.11556,-32.22537],[-58.11519,-32.22528],[-58.11519,-32.22472],[-58.11574,-32.22435],[-58.11556,-32.22343],[-58.11509,-32.22343]]],[[[-58.11852,-32.21546],[-58.11796,-32.21546],[-58.11713,-32.21657],[-58.1163,-32.21685],[-58.1163,-32.21741],[-58.11519,-32.21824],[-58.11519,-32.2188],[-58.11463,-32.21907],[-58.11463,-32.21963],[-58.11407,-32.21991],[-58.11407,-32.22074],[-58.11352,-32.22102],[-58.11324,-32.22241],[-58.11269,-32.22296],[-58.11269,-32.2238],[-58.11241,-32.2238],[-58.11241,-32.22463],[-58.11213,-32.22463],[-58.11213,-32.22574],[-58.11157,-32.2263],[-58.1113,-32.22796],[-58.11102,-32.22796],[-58.11074,-32.22935],[-58.11019,-32.22991],[-58.11019,-32.23065],[-58.11046,-32.23065],[-58.11019,-32.23083],[-58.11019,-32.23148],[-58.1113,-32.23148],[-58.11204,-32.23065],[-58.11472,-32.22917],[-58.11509,-32.22815],[-58.1162,-32.22731],[-58.11648,-32.2262],[-58.11676,-32.2262],[-58.11731,-32.22454],[-58.11787,-32.22398],[-58.11787,-32.22315],[-58.11843,-32.22287],[-58.11843,-32.22231],[-58.11926,-32.22148],[-58.11954,-32.22037],[-58.12065,-32.21954],[-58.12065,-32.21898],[-58.12148,-32.21815],[-58.12176,-32.21676],[-58.12204,-32.21676],[-58.12204,-32.21519],[-58.12148,-32.21491],[-58.12148,-32.21435],[-58.11963,-32.21463],[-58.11963,-32.21491],[-58.11852,-32.21519],[-58.11852,-32.21546]],[[-58.12148,-32.215],[-58.12194,-32.21556],[-58.12157,-32.21731],[-58.11806,-32.2225],[-58.1163,-32.22657],[-58.11574,-32.22694],[-58.11546,-32.22769],[-58.115,-32.22796],[-58.11537,-32.22676],[-58.11574,-32.22648],[-58.11435,-32.22648],[-58.11417,-32.22704],[-58.11343,-32.22731],[-58.11287,-32.22907],[-58.11352,-32.22907],[-58.11481,-32.22806],[-58.11491,-32.22852],[-58.11074,-32.23083],[-58.11102,-32.2288],[-58.11222,-32.22611],[-58.11259,-32.22435],[-58.11361,-32.22167],[-58.11509,-32.21898],[-58.11667,-32.21704],[-58.11843,-32.21602],[-58.1188,-32.21537],[-58.12074,-32.21454],[-58.12139,-32.21463],[-58.12148,-32.215]]],[[[-58.1138,-32.19713],[-58.11343,-32.19657],[-58.11278,-32.19685],[-58.11407,-32.19759],[-58.11602,-32.19639],[-58.11556,-32.1962],[-58.11519,-32.19667],[-58.11426,-32.19667],[-58.11407,-32.19611],[-58.11361,-32.19611],[-58.1138,-32.19713]]],[[[-58.1163,-32.17907],[-58.11454,-32.17954],[-58.11444,-32.17926],[-58.1138,-32.17926],[-58.11407,-32.17991],[-58.11324,-32.18065],[-58.11398,-32.18065],[-58.11389,-32.1812],[-58.11324,-32.18185],[-58.11407,-32.18213],[-58.1138,-32.18269],[-58.11333,-32.18269],[-58.11315,-32.18361],[-58.1137,-32.18352],[-58.11426,-32.18407],[-58.11426,-32.18315],[-58.11491,-32.18315],[-58.115,-32.18269],[-58.11444,-32.18241],[-58.11463,-32.18046],[-58.11426,-32.18046],[-58.11417,-32.18],[-58.11463,-32.17963],[-58.11639,-32.18],[-58.1163,-32.17907]]],[[[-58.11685,-32.17565],[-58.11593,-32.1762],[-58.1162,-32.17685],[-58.11537,-32.17731],[-58.11537,-32.17769],[-58.11574,-32.17778],[-58.1163,-32.17731],[-58.11611,-32.17824],[-58.11639,-32.17824],[-58.1163,-32.17778],[-58.11657,-32.17769],[-58.11769,-32.17815],[-58.11815,-32.1762],[-58.11759,-32.17611],[-58.1175,-32.17565],[-58.11713,-32.17593],[-58.11685,-32.17565]]],[[[-58.1125,-32.12417],[-58.11306,-32.12407],[-58.11324,-32.1237],[-58.11287,-32.12352],[-58.1125,-32.12417]]],[[[-58.11315,-32.12287],[-58.11361,-32.12324],[-58.11352,-32.12241],[-58.11315,-32.12287]]],[[[-58.11046,-32.11769],[-58.11056,-32.11731],[-58.11037,-32.11722],[-58.11009,-32.11769],[-58.11046,-32.11769]]],[[[-58.10241,-32.34278],[-58.10306,-32.34287],[-58.10306,-32.34231],[-58.10231,-32.34259],[-58.10231,-32.34315],[-58.10241,-32.34278]]],[[[-58.10167,-32.34167],[-58.10083,-32.34148],[-58.10102,-32.34185],[-58.10176,-32.34194],[-58.10185,-32.34222],[-58.10185,-32.34185],[-58.10167,-32.34167]]],[[[-58.09852,-32.34194],[-58.09889,-32.34194],[-58.09898,-32.34167],[-58.09852,-32.34157],[-58.09852,-32.34194]]],[[[-58.09565,-32.33046],[-58.09519,-32.33037],[-58.09491,-32.33102],[-58.09407,-32.3312],[-58.09398,-32.33222],[-58.09287,-32.33259],[-58.09231,-32.33204],[-58.09176,-32.3325],[-58.08963,-32.33287],[-58.08806,-32.33417],[-58.08861,-32.33454],[-58.08889,-32.3338],[-58.08972,-32.33343],[-58.09,-32.33463],[-58.09019,-32.33398],[-58.09111,-32.33398],[-58.09148,-32.33352],[-58.09185,-32.33352],[-58.09204,-32.33417],[-58.09269,-32.33435],[-58.09315,-32.3338],[-58.09287,-32.33306],[-58.09509,-32.33296],[-58.09509,-32.33269],[-58.09546,-32.33269],[-58.09574,-32.33148],[-58.09648,-32.33167],[-58.09648,-32.33231],[-58.09713,-32.33204],[-58.09731,-32.33241],[-58.09667,-32.33296],[-58.0975,-32.33343],[-58.09722,-32.33407],[-58.09769,-32.33426],[-58.09769,-32.33491],[-58.09722,-32.335],[-58.09713,-32.33685],[-58.09639,-32.33676],[-58.0962,-32.3362],[-58.0962,-32.33657],[-58.09565,-32.33676],[-58.09556,-32.33713],[-58.0963,-32.33694],[-58.09667,-32.33731],[-58.09657,-32.33787],[-58.09741,-32.33778],[-58.09796,-32.33824],[-58.09852,-32.33806],[-58.09935,-32.33685],[-58.10046,-32.33648],[-58.10111,-32.33704],[-58.10111,-32.33824],[-58.10157,-32.33843],[-58.10157,-32.3388],[-58.1012,-32.33852],[-58.10028,-32.33861],[-58.10037,-32.33898],[-58.10074,-32.33889],[-58.10111,-32.33926],[-58.10102,-32.34009],[-58.10065,-32.34009],[-58.10046,-32.34056],[-58.1,-32.34037],[-58.09963,-32.33954],[-58.09926,-32.33954],[-58.09843,-32.34037],[-58.09824,-32.3412],[-58.09787,-32.34083],[-58.09741,-32.34157],[-58.09796,-32.34176],[-58.09815,-32.3413],[-58.09889,-32.34148],[-58.09889,-32.3412],[-58.09954,-32.3412],[-58.09981,-32.34074],[-58.10065,-32.34102],[-58.10111,-32.34083],[-58.10148,-32.3412],[-58.10241,-32.34093],[-58.1025,-32.34167],[-58.1038,-32.34194],[-58.10407,-32.34231],[-58.10361,-32.3425],[-58.1038,-32.34296],[-58.10315,-32.34306],[-58.10306,-32.34352],[-58.10259,-32.34333],[-58.10204,-32.34398],[-58.10259,-32.34491],[-58.10315,-32.3438],[-58.105,-32.34259],[-58.10556,-32.34259],[-58.10454,-32.3437],[-58.10519,-32.34361],[-58.10537,-32.34426],[-58.105,-32.34454],[-58.10426,-32.34435],[-58.10389,-32.3463],[-58.10426,-32.3462],[-58.10426,-32.34574],[-58.10472,-32.34611],[-58.10481,-32.34537],[-58.10556,-32.34537],[-58.10491,-32.34574],[-58.10574,-32.34593],[-58.10565,-32.34667],[-58.1062,-32.3462],[-58.1062,-32.34583],[-58.10676,-32.34667],[-58.1075,-32.34667],[-58.10741,-32.3463],[-58.10694,-32.3462],[-58.10769,-32.34574],[-58.10833,-32.3462],[-58.10806,-32.34685],[-58.10861,-32.34731],[-58.10889,-32.34685],[-58.10935,-32.34676],[-58.10972,-32.34676],[-58.10954,-32.34722],[-58.11019,-32.34704],[-58.11056,-32.34639],[-58.11028,-32.34741],[-58.11083,-32.34741],[-58.11093,-32.34778],[-58.11046,-32.34796],[-58.11046,-32.34843],[-58.11093,-32.34852],[-58.1112,-32.34694],[-58.11157,-32.34694],[-58.11167,-32.34648],[-58.1112,-32.34611],[-58.1113,-32.34657],[-58.11074,-32.34657],[-58.11083,-32.34537],[-58.11037,-32.34528],[-58.11046,-32.34444],[-58.10991,-32.34463],[-58.11028,-32.34398],[-58.10991,-32.3438],[-58.10981,-32.34287],[-58.11037,-32.34231],[-58.11019,-32.34148],[-58.10972,-32.34167],[-58.10972,-32.3412],[-58.11028,-32.34074],[-58.11,-32.34037],[-58.11056,-32.33963],[-58.11093,-32.33963],[-58.11102,-32.34019],[-58.11185,-32.34037],[-58.11213,-32.34111],[-58.11528,-32.34333],[-58.11565,-32.34407],[-58.11648,-32.34417],[-58.11722,-32.3462],[-58.11648,-32.34602],[-58.11648,-32.34657],[-58.11694,-32.34676],[-58.11731,-32.34852],[-58.11889,-32.34843],[-58.11935,-32.34889],[-58.11907,-32.34815],[-58.12019,-32.34713],[-58.12167,-32.3487],[-58.12176,-32.34954],[-58.12194,-32.34917],[-58.12278,-32.34898],[-58.12444,-32.35],[-58.12741,-32.35],[-58.12639,-32.34843],[-58.12574,-32.34843],[-58.12537,-32.34796],[-58.12481,-32.34852],[-58.12481,-32.34815],[-58.12398,-32.34769],[-58.12444,-32.34741],[-58.12444,-32.34676],[-58.12519,-32.34676],[-58.12741,-32.34778],[-58.13046,-32.34787],[-58.13269,-32.34898],[-58.13269,-32.34954],[-58.13194,-32.34926],[-58.13185,-32.34963],[-58.13222,-32.34963],[-58.13231,-32.35],[-58.13343,-32.35],[-58.13343,-32.34935],[-58.13287,-32.34907],[-58.13287,-32.34852],[-58.13204,-32.34852],[-58.13176,-32.34796],[-58.12954,-32.34769],[-58.12954,-32.34741],[-58.12907,-32.34741],[-58.12907,-32.34769],[-58.1287,-32.34769],[-58.1287,-32.34741],[-58.12731,-32.34741],[-58.12694,-32.34685],[-58.1262,-32.34685],[-58.1262,-32.34657],[-58.12306,-32.34639],[-58.12204,-32.34546],[-58.12167,-32.34435],[-58.12009,-32.34435],[-58.11917,-32.3438],[-58.11704,-32.34352],[-58.11639,-32.34269],[-58.11593,-32.34269],[-58.11583,-32.34213],[-58.11426,-32.34157],[-58.11417,-32.34083],[-58.1137,-32.34056],[-58.11389,-32.33944],[-58.11361,-32.3388],[-58.11176,-32.33824],[-58.1112,-32.33787],[-58.11074,-32.33694],[-58.10972,-32.33648],[-58.10972,-32.33565],[-58.10926,-32.33546],[-58.10954,-32.33528],[-58.10954,-32.33444],[-58.10926,-32.33435],[-58.10898,-32.33296],[-58.1075,-32.33324],[-58.10713,-32.33407],[-58.10491,-32.3363],[-58.10435,-32.33648],[-58.10407,-32.33741],[-58.10361,-32.33741],[-58.10324,-32.33796],[-58.10204,-32.33796],[-58.10231,-32.33759],[-58.10306,-32.33778],[-58.10343,-32.33731],[-58.10343,-32.33648],[-58.10444,-32.3362],[-58.10481,-32.33537],[-58.10611,-32.33417],[-58.1062,-32.33278],[-58.10537,-32.3325],[-58.10519,-32.33148],[-58.10593,-32.33102],[-58.10639,-32.32954],[-58.10676,-32.32944],[-58.10676,-32.32889],[-58.10722,-32.32981],[-58.10787,-32.32963],[-58.10759,-32.32704],[-58.10704,-32.32639],[-58.10731,-32.32315],[-58.10704,-32.32296],[-58.10648,-32.32028],[-58.10676,-32.31917],[-58.10444,-32.31769],[-58.10454,-32.31611],[-58.10426,-32.31602],[-58.10426,-32.31546],[-58.10398,-32.31546],[-58.10398,-32.31454],[-58.10481,-32.31398],[-58.10481,-32.31352],[-58.10398,-32.31324],[-58.10389,-32.31278],[-58.10343,-32.31269],[-58.10241,-32.31157],[-58.10102,-32.31185],[-58.10093,-32.31157],[-58.10037,-32.31157],[-58.10037,-32.3113],[-58.09981,-32.3113],[-58.09981,-32.31074],[-58.09898,-32.31019],[-58.0987,-32.30907],[-58.09787,-32.30889],[-58.09759,-32.30852],[-58.09731,-32.30704],[-58.09676,-32.30657],[-58.0962,-32.30657],[-58.09611,-32.30556],[-58.09565,-32.30546],[-58.09565,-32.30509],[-58.095,-32.30463],[-58.09593,-32.3037],[-58.09593,-32.30296],[-58.0937,-32.30102],[-58.0937,-32.30046],[-58.09343,-32.30046],[-58.09259,-32.29833],[-58.09231,-32.29824],[-58.09231,-32.29741],[-58.09176,-32.29685],[-58.09176,-32.29333],[-58.09148,-32.29324],[-58.09148,-32.2925],[-58.09093,-32.29213],[-58.0912,-32.29111],[-58.09065,-32.29019],[-58.09028,-32.28769],[-58.0912,-32.28657],[-58.09139,-32.28565],[-58.09231,-32.28463],[-58.09231,-32.28417],[-58.09343,-32.28361],[-58.09343,-32.28148],[-58.0937,-32.28139],[-58.09352,-32.28009],[-58.09389,-32.27991],[-58.09454,-32.27861],[-58.09454,-32.27731],[-58.09481,-32.27722],[-58.09481,-32.27667],[-58.09565,-32.27519],[-58.09593,-32.27259],[-58.09648,-32.27139],[-58.09667,-32.26917],[-58.0962,-32.26861],[-58.09676,-32.26759],[-58.09648,-32.26593],[-58.09676,-32.26574],[-58.09685,-32.26398],[-58.09593,-32.26352],[-58.09593,-32.26241],[-58.09537,-32.26213],[-58.09565,-32.25972],[-58.09537,-32.25963],[-58.09528,-32.25889],[-58.09426,-32.25833],[-58.0937,-32.25657],[-58.09361,-32.25481],[-58.09398,-32.25287],[-58.09481,-32.25157],[-58.09481,-32.25065],[-58.09528,-32.25065],[-58.09537,-32.25009],[-58.0962,-32.24944],[-58.09648,-32.24741],[-58.09759,-32.24676],[-58.09759,-32.24602],[-58.09685,-32.24685],[-58.0963,-32.24685],[-58.09537,-32.24806],[-58.09389,-32.24833],[-58.09259,-32.24926],[-58.09278,-32.24963],[-58.09324,-32.24954],[-58.09333,-32.24991],[-58.09287,-32.25019],[-58.09231,-32.24981],[-58.09222,-32.25185],[-58.09296,-32.25204],[-58.09324,-32.25287],[-58.09259,-32.25343],[-58.09269,-32.25389],[-58.09222,-32.25417],[-58.09213,-32.25472],[-58.09102,-32.25481],[-58.0913,-32.25537],[-58.09093,-32.25556],[-58.09065,-32.25528],[-58.09037,-32.25565],[-58.0913,-32.25593],[-58.0913,-32.25667],[-58.09065,-32.25676],[-58.09093,-32.25713],[-58.09185,-32.25731],[-58.09222,-32.25694],[-58.09287,-32.25731],[-58.09241,-32.25806],[-58.09148,-32.25769],[-58.09213,-32.25843],[-58.09194,-32.25907],[-58.09222,-32.25944],[-58.09287,-32.26009],[-58.09361,-32.26009],[-58.09352,-32.26037],[-58.09231,-32.26037],[-58.09241,-32.26111],[-58.09407,-32.26056],[-58.09444,-32.26148],[-58.09444,-32.26185],[-58.09398,-32.26204],[-58.0937,-32.26102],[-58.09361,-32.26148],[-58.09259,-32.26176],[-58.0925,-32.26231],[-58.09204,-32.26231],[-58.09176,-32.26176],[-58.09176,-32.26231],[-58.09241,-32.26269],[-58.09213,-32.26306],[-58.09167,-32.26306],[-58.09148,-32.26352],[-58.09204,-32.26343],[-58.09176,-32.2637],[-58.09194,-32.26398],[-58.09491,-32.26389],[-58.09593,-32.26454],[-58.09565,-32.26556],[-58.09472,-32.2662],[-58.09435,-32.26694],[-58.0925,-32.26759],[-58.09269,-32.26806],[-58.09241,-32.26778],[-58.09157,-32.26787],[-58.09231,-32.26815],[-58.09204,-32.26981],[-58.0912,-32.27009],[-58.09102,-32.26954],[-58.09056,-32.26991],[-58.09028,-32.26991],[-58.09037,-32.26954],[-58.08991,-32.26954],[-58.08935,-32.27046],[-58.08898,-32.27028],[-58.08852,-32.27065],[-58.08917,-32.27083],[-58.08917,-32.2713],[-58.08963,-32.27157],[-58.08843,-32.27231],[-58.08824,-32.27296],[-58.08759,-32.27259],[-58.08694,-32.27306],[-58.08676,-32.27352],[-58.08769,-32.27407],[-58.08685,-32.27472],[-58.08694,-32.27546],[-58.08611,-32.27593],[-58.08611,-32.27713],[-58.08444,-32.27667],[-58.08444,-32.27713],[-58.08509,-32.27731],[-58.08519,-32.27778],[-58.08556,-32.27787],[-58.08509,-32.27815],[-58.08509,-32.27833],[-58.08583,-32.27843],[-58.08509,-32.27889],[-58.08491,-32.27954],[-58.08426,-32.27944],[-58.08296,-32.27852],[-58.08231,-32.27852],[-58.0825,-32.27815],[-58.08157,-32.2775],[-58.08074,-32.27759],[-58.08111,-32.27843],[-58.08083,-32.2787],[-58.08028,-32.27843],[-58.07991,-32.2787],[-58.0775,-32.2787],[-58.07796,-32.27935],[-58.07907,-32.27944],[-58.07935,-32.27917],[-58.07954,-32.27954],[-58.08074,-32.2788],[-58.08093,-32.27917],[-58.08139,-32.27917],[-58.08167,-32.27991],[-58.08231,-32.28009],[-58.0813,-32.28065],[-58.08167,-32.28093],[-58.08194,-32.28231],[-58.08194,-32.28352],[-58.08139,-32.28389],[-58.08139,-32.28435],[-58.08194,-32.28444],[-58.08241,-32.28398],[-58.08259,-32.28481],[-58.08231,-32.28509],[-58.08241,-32.28574],[-58.08204,-32.28565],[-58.08194,-32.28611],[-58.08287,-32.28602],[-58.08306,-32.28556],[-58.08352,-32.28574],[-58.0837,-32.28491],[-58.08444,-32.28519],[-58.08407,-32.285],[-58.08417,-32.28472],[-58.08574,-32.28491],[-58.08565,-32.28444],[-58.0862,-32.28463],[-58.08593,-32.28444],[-58.0862,-32.28417],[-58.08602,-32.2837],[-58.08667,-32.28361],[-58.08685,-32.28389],[-58.08704,-32.28315],[-58.08583,-32.28259],[-58.08667,-32.28241],[-58.08713,-32.28287],[-58.08731,-32.28259],[-58.08852,-32.28241],[-58.08852,-32.28194],[-58.08907,-32.28204],[-58.08907,-32.28306],[-58.08778,-32.28315],[-58.08833,-32.28361],[-58.08833,-32.28398],[-58.0887,-32.28361],[-58.08907,-32.28361],[-58.08907,-32.28389],[-58.08778,-32.28435],[-58.08852,-32.28463],[-58.08806,-32.28546],[-58.08843,-32.28593],[-58.08898,-32.28593],[-58.08852,-32.28676],[-58.08861,-32.28741],[-58.08935,-32.28778],[-58.08954,-32.28759],[-58.08907,-32.2875],[-58.08907,-32.28722],[-58.08963,-32.28731],[-58.08963,-32.2888],[-58.09037,-32.29],[-58.09046,-32.29111],[-58.09019,-32.2913],[-58.09065,-32.29139],[-58.09065,-32.29222],[-58.0912,-32.29324],[-58.0912,-32.29472],[-58.09093,-32.29519],[-58.0913,-32.29593],[-58.0913,-32.29731],[-58.09222,-32.29833],[-58.09231,-32.29991],[-58.09333,-32.30074],[-58.09315,-32.30241],[-58.09343,-32.30241],[-58.09361,-32.30315],[-58.09407,-32.30287],[-58.09407,-32.30324],[-58.09333,-32.30343],[-58.09361,-32.3038],[-58.09324,-32.30407],[-58.09361,-32.30435],[-58.09315,-32.30491],[-58.09426,-32.30685],[-58.09454,-32.30639],[-58.09546,-32.30657],[-58.09519,-32.30722],[-58.09435,-32.30731],[-58.09537,-32.30787],[-58.09472,-32.30824],[-58.09611,-32.30843],[-58.09556,-32.3088],[-58.09639,-32.30898],[-58.0962,-32.30935],[-58.09676,-32.30954],[-58.09657,-32.31009],[-58.09713,-32.31028],[-58.09685,-32.31074],[-58.09769,-32.31157],[-58.09796,-32.31139],[-58.09722,-32.31083],[-58.09759,-32.31028],[-58.0988,-32.31065],[-58.09824,-32.31093],[-58.09833,-32.31157],[-58.09907,-32.31148],[-58.10009,-32.31176],[-58.10037,-32.3125],[-58.10102,-32.31241],[-58.10093,-32.31204],[-58.10185,-32.31204],[-58.10176,-32.3125],[-58.10222,-32.31269],[-58.1012,-32.31259],[-58.10148,-32.31296],[-58.10213,-32.31315],[-58.1025,-32.31259],[-58.10296,-32.31259],[-58.10343,-32.31315],[-58.1038,-32.31315],[-58.10389,-32.31435],[-58.10352,-32.31454],[-58.1038,-32.31602],[-58.10352,-32.31537],[-58.10278,-32.31537],[-58.10333,-32.31602],[-58.10278,-32.3162],[-58.10306,-32.31657],[-58.10241,-32.31694],[-58.10269,-32.31778],[-58.10231,-32.31769],[-58.10185,-32.31898],[-58.1013,-32.31926],[-58.10157,-32.31991],[-58.10111,-32.31991],[-58.10093,-32.32028],[-58.10093,-32.32139],[-58.10056,-32.32204],[-58.10083,-32.3225],[-58.10065,-32.32324],[-58.10157,-32.32315],[-58.10139,-32.3237],[-58.10056,-32.32417],[-58.10093,-32.32657],[-58.1012,-32.32676],[-58.10111,-32.32815],[-58.10148,-32.32843],[-58.10185,-32.32815],[-58.10296,-32.32824],[-58.10213,-32.3287],[-58.10065,-32.3287],[-58.09972,-32.32963],[-58.09898,-32.32926],[-58.09861,-32.32954],[-58.09861,-32.33019],[-58.09824,-32.33019],[-58.09833,-32.32981],[-58.09778,-32.32963],[-58.09722,-32.32991],[-58.0963,-32.32972],[-58.09565,-32.33046]],[[-58.09435,-32.30324],[-58.09481,-32.3038],[-58.09389,-32.30407],[-58.0938,-32.3037],[-58.09435,-32.30324]],[[-58.0925,-32.25843],[-58.09491,-32.25926],[-58.09491,-32.26],[-58.09417,-32.25981],[-58.09398,-32.25926],[-58.09333,-32.25917],[-58.0925,-32.25843]],[[-58.0838,-32.28009],[-58.08287,-32.28065],[-58.08241,-32.28009],[-58.08296,-32.28019],[-58.08287,-32.27981],[-58.08324,-32.27981],[-58.0838,-32.28009]],[[-58.08333,-32.28046],[-58.08528,-32.28167],[-58.08491,-32.28222],[-58.08417,-32.28231],[-58.08444,-32.28259],[-58.08426,-32.28306],[-58.08481,-32.28306],[-58.08463,-32.28361],[-58.08361,-32.28306],[-58.08352,-32.28204],[-58.08398,-32.28185],[-58.08407,-32.2812],[-58.08343,-32.28111],[-58.08296,-32.28167],[-58.08278,-32.28139],[-58.08287,-32.28083],[-58.08324,-32.28083],[-58.08333,-32.28046]],[[-58.09074,-32.28111],[-58.09065,-32.28343],[-58.09019,-32.28278],[-58.09028,-32.28194],[-58.08972,-32.2813],[-58.09074,-32.28111]],[[-58.08546,-32.28398],[-58.08556,-32.28315],[-58.08583,-32.28315],[-58.08593,-32.28389],[-58.08546,-32.28398]],[[-58.09083,-32.28435],[-58.09037,-32.28463],[-58.08981,-32.28435],[-58.09009,-32.28361],[-58.09083,-32.28389],[-58.09083,-32.28435]],[[-58.08352,-32.28472],[-58.08324,-32.28463],[-58.08343,-32.2838],[-58.0838,-32.28407],[-58.08352,-32.28472]],[[-58.09389,-32.30222],[-58.09389,-32.30176],[-58.09463,-32.30204],[-58.09454,-32.30222],[-58.09389,-32.30222]],[[-58.10176,-32.32009],[-58.10352,-32.32],[-58.10352,-32.32037],[-58.10398,-32.32056],[-58.1038,-32.32093],[-58.10306,-32.32074],[-58.10296,-32.32028],[-58.10241,-32.32111],[-58.10185,-32.32056],[-58.10176,-32.32009]],[[-58.10194,-32.32454],[-58.1013,-32.32491],[-58.10148,-32.32417],[-58.10194,-32.32454]],[[-58.10333,-32.32991],[-58.10343,-32.33074],[-58.10426,-32.3312],[-58.10444,-32.33176],[-58.10407,-32.33259],[-58.10435,-32.33296],[-58.10398,-32.33315],[-58.10426,-32.33333],[-58.10426,-32.33398],[-58.10361,-32.33454],[-58.10435,-32.33481],[-58.10435,-32.33546],[-58.1038,-32.33583],[-58.10306,-32.33583],[-58.10278,-32.33426],[-58.10231,-32.33444],[-58.1025,-32.33361],[-58.10204,-32.3338],[-58.10167,-32.33352],[-58.10185,-32.33287],[-58.10065,-32.33241],[-58.1012,-32.33185],[-58.10093,-32.33167],[-58.1012,-32.3312],[-58.10046,-32.33074],[-58.10093,-32.32981],[-58.10139,-32.32981],[-58.10157,-32.33046],[-58.10269,-32.33037],[-58.10231,-32.32926],[-58.10259,-32.32954],[-58.10306,-32.32944],[-58.10287,-32.32991],[-58.10333,-32.32991]],[[-58.10435,-32.3412],[-58.1038,-32.34167],[-58.10333,-32.34157],[-58.1037,-32.34065],[-58.10435,-32.3412]],[[-58.10667,-32.34315],[-58.10583,-32.34324],[-58.10565,-32.34278],[-58.10602,-32.34259],[-58.10667,-32.34315]],[[-58.1087,-32.34463],[-58.10898,-32.34519],[-58.10852,-32.34556],[-58.10787,-32.34556],[-58.10769,-32.34472],[-58.10694,-32.34491],[-58.10694,-32.34454],[-58.1075,-32.34407],[-58.1087,-32.34463]],[[-58.11981,-32.34509],[-58.11907,-32.34472],[-58.11898,-32.34454],[-58.12019,-32.34481],[-58.11981,-32.34509]],[[-58.12324,-32.3475],[-58.12361,-32.34694],[-58.12426,-32.34704],[-58.12389,-32.3475],[-58.12324,-32.3475]]],[[[-58.09769,-32.31194],[-58.09694,-32.31287],[-58.0975,-32.31343],[-58.09796,-32.31333],[-58.09824,-32.31361],[-58.09861,-32.31324],[-58.09861,-32.31259],[-58.09926,-32.31315],[-58.09972,-32.31315],[-58.10019,-32.31269],[-58.09926,-32.31222],[-58.0988,-32.31157],[-58.09861,-32.31204],[-58.09769,-32.31194]]],[[[-58.10722,-32.26787],[-58.10759,-32.26833],[-58.1075,-32.26907],[-58.10787,-32.26926],[-58.10796,-32.26731],[-58.10759,-32.26731],[-58.10722,-32.26787]]],[[[-58.0963,-32.22991],[-58.09694,-32.22963],[-58.09685,-32.22944],[-58.09648,-32.22944],[-58.0963,-32.22991]]],[[[-58.09602,-32.22935],[-58.09713,-32.22926],[-58.09713,-32.22972],[-58.09741,-32.22981],[-58.09778,-32.22898],[-58.0962,-32.22898],[-58.09602,-32.22935]]],[[[-58.09852,-32.22769],[-58.09815,-32.22759],[-58.09815,-32.22806],[-58.09852,-32.22806],[-58.09852,-32.22769]]],[[[-58.10093,-32.16907],[-58.10102,-32.16843],[-58.10056,-32.16843],[-58.10065,-32.1688],[-58.10093,-32.16907]]],[[[-58.1,-32.16815],[-58.0987,-32.1688],[-58.09972,-32.1688],[-58.1,-32.16815]]],[[[-58.10306,-32.16472],[-58.1025,-32.16574],[-58.10343,-32.16519],[-58.10463,-32.16509],[-58.10306,-32.16472]]],[[[-58.10315,-32.16222],[-58.10259,-32.16222],[-58.10259,-32.16269],[-58.10296,-32.16269],[-58.10352,-32.16194],[-58.10278,-32.16176],[-58.10315,-32.16222]]],[[[-58.1037,-32.15352],[-58.10398,-32.15333],[-58.10389,-32.15287],[-58.10287,-32.15259],[-58.10287,-32.15315],[-58.10352,-32.15296],[-58.1037,-32.15352]]],[[[-58.10056,-32.14398],[-58.1013,-32.14435],[-58.10102,-32.14333],[-58.10056,-32.14398]]],[[[-58.10296,-32.14435],[-58.10389,-32.14398],[-58.10333,-32.14398],[-58.10315,-32.14333],[-58.10296,-32.14435]]],[[[-58.10056,-32.14278],[-58.10074,-32.14241],[-58.09981,-32.14259],[-58.10056,-32.14278]]],[[[-58.14704,-32.13315],[-58.14843,-32.13176],[-58.14843,-32.1312],[-58.14907,-32.13111],[-58.14935,-32.13019],[-58.14991,-32.12991],[-58.14991,-32.12935],[-58.15046,-32.12907],[-58.15074,-32.12796],[-58.1513,-32.12769],[-58.1513,-32.12713],[-58.15157,-32.12713],[-58.15185,-32.12602],[-58.15213,-32.12602],[-58.15213,-32.12519],[-58.15296,-32.12435],[-58.15352,-32.12269],[-58.15407,-32.12213],[-58.15407,-32.1213],[-58.15435,-32.1213],[-58.15463,-32.11991],[-58.15491,-32.11991],[-58.15491,-32.11907],[-58.15602,-32.11824],[-58.15602,-32.11741],[-58.15657,-32.11713],[-58.15657,-32.1163],[-58.15685,-32.1163],[-58.15741,-32.1138],[-58.15769,-32.1138],[-58.15796,-32.11157],[-58.15824,-32.11157],[-58.15852,-32.10519],[-58.1588,-32.10519],[-58.1588,-32.10407],[-58.15935,-32.1038],[-58.15935,-32.10296],[-58.15963,-32.10296],[-58.15963,-32.10204],[-58.15935,-32.10185],[-58.15963,-32.10185],[-58.15963,-32.10102],[-58.15991,-32.10102],[-58.15991,-32.1],[-58.15926,-32.1],[-58.15935,-32.10046],[-58.15907,-32.10065],[-58.15815,-32.10037],[-58.15815,-32.10111],[-58.1575,-32.10213],[-58.15704,-32.10231],[-58.15741,-32.10259],[-58.1588,-32.10194],[-58.15907,-32.10241],[-58.15824,-32.10417],[-58.15759,-32.10352],[-58.15722,-32.10444],[-58.15722,-32.10472],[-58.15796,-32.10463],[-58.15824,-32.105],[-58.15824,-32.10769],[-58.15796,-32.10815],[-58.15796,-32.11102],[-58.15639,-32.11657],[-58.15556,-32.11806],[-58.15472,-32.1187],[-58.1538,-32.12176],[-58.15222,-32.12435],[-58.15102,-32.12741],[-58.14796,-32.13185],[-58.14639,-32.13343],[-58.14722,-32.1313],[-58.14759,-32.13102],[-58.14722,-32.13093],[-58.1462,-32.13333],[-58.14593,-32.13343],[-58.1463,-32.1338],[-58.14565,-32.13454],[-58.1462,-32.13398],[-58.14676,-32.13398],[-58.14704,-32.13315]]],[[[-58.08639,-32.11954],[-58.08796,-32.11944],[-58.08787,-32.11861],[-58.0875,-32.11861],[-58.08704,-32.11917],[-58.08704,-32.11861],[-58.08657,-32.11843],[-58.08713,-32.11815],[-58.08639,-32.11796],[-58.08759,-32.1175],[-58.0875,-32.11685],[-58.08648,-32.11676],[-58.08648,-32.11722],[-58.08593,-32.11731],[-58.08546,-32.11667],[-58.085,-32.11657],[-58.085,-32.1162],[-58.0862,-32.11509],[-58.08639,-32.11519],[-58.08593,-32.11602],[-58.08685,-32.11593],[-58.08694,-32.11556],[-58.08824,-32.11509],[-58.0887,-32.11537],[-58.08963,-32.11769],[-58.09037,-32.11861],[-58.09074,-32.11954],[-58.09065,-32.12046],[-58.09148,-32.1212],[-58.09167,-32.1225],[-58.09102,-32.12407],[-58.09176,-32.1238],[-58.09231,-32.12259],[-58.09269,-32.12259],[-58.09269,-32.12306],[-58.0938,-32.12343],[-58.0937,-32.1238],[-58.09407,-32.12417],[-58.09259,-32.12472],[-58.09167,-32.12574],[-58.0912,-32.12574],[-58.09111,-32.12537],[-58.08769,-32.12574],[-58.08741,-32.12546],[-58.08546,-32.12565],[-58.08019,-32.12435],[-58.07981,-32.12407],[-58.08,-32.12361],[-58.08269,-32.12398],[-58.08722,-32.12537],[-58.08917,-32.12519],[-58.08917,-32.12481],[-58.08722,-32.12463],[-58.085,-32.12361],[-58.08213,-32.12315],[-58.08019,-32.12333],[-58.0788,-32.12306],[-58.07722,-32.12176],[-58.07685,-32.12074],[-58.07611,-32.12074],[-58.07481,-32.12],[-58.07343,-32.11852],[-58.07361,-32.11731],[-58.07287,-32.11759],[-58.07231,-32.11648],[-58.06926,-32.1138],[-58.06898,-32.11315],[-58.06963,-32.11269],[-58.06963,-32.11204],[-58.06935,-32.11185],[-58.06963,-32.11111],[-58.06935,-32.11065],[-58.06843,-32.11102],[-58.06796,-32.11056],[-58.06796,-32.11009],[-58.06852,-32.10981],[-58.06778,-32.10981],[-58.0675,-32.10917],[-58.06713,-32.10944],[-58.06537,-32.10935],[-58.06602,-32.10815],[-58.06454,-32.10787],[-58.06454,-32.10694],[-58.06167,-32.10491],[-58.0625,-32.10444],[-58.0612,-32.10361],[-58.06093,-32.10306],[-58.06056,-32.10306],[-58.06037,-32.10269],[-58.05972,-32.10306],[-58.05935,-32.10231],[-58.0587,-32.1025],[-58.05852,-32.1012],[-58.05806,-32.10102],[-58.05806,-32.10056],[-58.05731,-32.10046],[-58.05741,-32.1],[-58.05509,-32.10019],[-58.05537,-32.10046],[-58.05574,-32.10028],[-58.05565,-32.10074],[-58.05685,-32.10093],[-58.05676,-32.1013],[-58.05759,-32.10185],[-58.05722,-32.1025],[-58.05861,-32.10315],[-58.05852,-32.1038],[-58.05843,-32.10343],[-58.05796,-32.10343],[-58.05806,-32.10389],[-58.05843,-32.10398],[-58.05815,-32.10435],[-58.05917,-32.10481],[-58.05954,-32.10556],[-58.05944,-32.1063],[-58.06019,-32.10611],[-58.06046,-32.10639],[-58.06093,-32.10574],[-58.06056,-32.10537],[-58.06102,-32.10528],[-58.06102,-32.10583],[-58.06148,-32.10639],[-58.06102,-32.10648],[-58.06093,-32.10685],[-58.06157,-32.1075],[-58.06194,-32.1075],[-58.06259,-32.10833],[-58.06324,-32.10833],[-58.06417,-32.10889],[-58.06519,-32.11019],[-58.0663,-32.10972],[-58.0662,-32.11019],[-58.06731,-32.11046],[-58.06769,-32.11028],[-58.06778,-32.1113],[-58.0687,-32.11194],[-58.06852,-32.1125],[-58.06574,-32.11167],[-58.06509,-32.11083],[-58.06213,-32.10917],[-58.06167,-32.10917],[-58.0613,-32.10861],[-58.06009,-32.10861],[-58.06037,-32.10806],[-58.05981,-32.10778],[-58.05981,-32.10741],[-58.06056,-32.1075],[-58.06019,-32.10685],[-58.05954,-32.10731],[-58.05889,-32.10685],[-58.05926,-32.1062],[-58.05796,-32.10565],[-58.05769,-32.10602],[-58.05704,-32.10611],[-58.05704,-32.10583],[-58.05778,-32.10546],[-58.05731,-32.10519],[-58.05741,-32.10472],[-58.05676,-32.10528],[-58.0562,-32.10528],[-58.05685,-32.10426],[-58.05648,-32.10435],[-58.05639,-32.10481],[-58.05593,-32.10481],[-58.05556,-32.10426],[-58.05648,-32.10426],[-58.05648,-32.1038],[-58.05583,-32.10352],[-58.05519,-32.10426],[-58.05463,-32.10407],[-58.05435,-32.10324],[-58.05194,-32.10185],[-58.05185,-32.1],[-58.05102,-32.1],[-58.05111,-32.10139],[-58.05157,-32.10176],[-58.05157,-32.10222],[-58.05287,-32.10343],[-58.0538,-32.1037],[-58.05602,-32.1062],[-58.05667,-32.10676],[-58.05713,-32.10676],[-58.05741,-32.10731],[-58.05861,-32.10815],[-58.05907,-32.10815],[-58.05963,-32.10898],[-58.06074,-32.10926],[-58.06083,-32.10972],[-58.06167,-32.11028],[-58.06324,-32.11093],[-58.06472,-32.11204],[-58.06583,-32.11231],[-58.06722,-32.11343],[-58.06806,-32.11343],[-58.07213,-32.11704],[-58.07241,-32.11778],[-58.07296,-32.11815],[-58.07296,-32.1187],[-58.07463,-32.12037],[-58.07546,-32.12065],[-58.07574,-32.1212],[-58.07657,-32.12167],[-58.07685,-32.12231],[-58.07741,-32.12231],[-58.0788,-32.12398],[-58.08046,-32.12454],[-58.08083,-32.12509],[-58.08241,-32.12565],[-58.08241,-32.12593],[-58.08546,-32.12648],[-58.08556,-32.12676],[-58.08944,-32.12676],[-58.09037,-32.1262],[-58.09148,-32.1262],[-58.09148,-32.12593],[-58.09231,-32.12593],[-58.09287,-32.12537],[-58.09343,-32.12537],[-58.09481,-32.12389],[-58.09481,-32.12287],[-58.09509,-32.12287],[-58.09481,-32.12046],[-58.09454,-32.12046],[-58.09398,-32.1188],[-58.09315,-32.11852],[-58.09176,-32.11713],[-58.09148,-32.1163],[-58.09093,-32.11602],[-58.09093,-32.11556],[-58.09037,-32.11519],[-58.09037,-32.11444],[-58.08981,-32.11407],[-58.08954,-32.1125],[-58.08926,-32.11241],[-58.08935,-32.10787],[-58.08972,-32.10778],[-58.09037,-32.10565],[-58.09287,-32.10343],[-58.09407,-32.10343],[-58.09546,-32.10287],[-58.09574,-32.10343],[-58.09676,-32.10398],[-58.09852,-32.10398],[-58.09861,-32.10426],[-58.09963,-32.10426],[-58.09963,-32.10454],[-58.10324,-32.10481],[-58.10861,-32.10815],[-58.11046,-32.10843],[-58.11056,-32.1087],[-58.11269,-32.1087],[-58.11333,-32.10926],[-58.11435,-32.10926],[-58.11528,-32.10981],[-58.11685,-32.11009],[-58.11694,-32.11037],[-58.11861,-32.11065],[-58.11935,-32.1112],[-58.11991,-32.1112],[-58.11991,-32.11148],[-58.1213,-32.11176],[-58.12185,-32.11231],[-58.12269,-32.11231],[-58.1237,-32.11306],[-58.12546,-32.11343],[-58.12639,-32.11407],[-58.12796,-32.11426],[-58.12898,-32.11509],[-58.12963,-32.11509],[-58.13,-32.11565],[-58.13102,-32.11593],[-58.13102,-32.1163],[-58.13157,-32.11648],[-58.13185,-32.11722],[-58.13241,-32.11731],[-58.13324,-32.11815],[-58.13324,-32.11917],[-58.1338,-32.12009],[-58.13407,-32.12009],[-58.13435,-32.12167],[-58.13491,-32.12204],[-58.13491,-32.12389],[-58.13574,-32.12509],[-58.13556,-32.12787],[-58.13574,-32.12926],[-58.13602,-32.12926],[-58.13602,-32.13037],[-58.1363,-32.13037],[-58.13657,-32.13333],[-58.13713,-32.13426],[-58.13741,-32.13426],[-58.13741,-32.13472],[-58.13852,-32.13565],[-58.13852,-32.13648],[-58.1388,-32.13657],[-58.13796,-32.13731],[-58.13796,-32.13806],[-58.1388,-32.13815],[-58.1388,-32.13843],[-58.1425,-32.13843],[-58.14481,-32.1362],[-58.14481,-32.13565],[-58.14565,-32.13509],[-58.14565,-32.13454],[-58.14472,-32.13556],[-58.14444,-32.1362],[-58.1425,-32.13787],[-58.14157,-32.13833],[-58.13954,-32.13815],[-58.1387,-32.13741],[-58.13935,-32.1363],[-58.13898,-32.13602],[-58.13898,-32.13565],[-58.13981,-32.13593],[-58.1413,-32.13546],[-58.14,-32.13472],[-58.14093,-32.1338],[-58.14102,-32.13315],[-58.14046,-32.13287],[-58.13917,-32.13306],[-58.13778,-32.13222],[-58.13741,-32.13278],[-58.13806,-32.1338],[-58.13759,-32.13389],[-58.13713,-32.13324],[-58.13657,-32.13028],[-58.13806,-32.13167],[-58.13981,-32.1325],[-58.1413,-32.13278],[-58.14167,-32.13333],[-58.14259,-32.1338],[-58.14324,-32.13389],[-58.14352,-32.13315],[-58.14407,-32.13315],[-58.14491,-32.1325],[-58.14491,-32.13176],[-58.14546,-32.13167],[-58.14713,-32.13],[-58.14787,-32.12907],[-58.14787,-32.12824],[-58.14852,-32.12787],[-58.1488,-32.12722],[-58.14926,-32.12713],[-58.14981,-32.12537],[-58.15056,-32.125],[-58.15037,-32.12435],[-58.15065,-32.12398],[-58.15111,-32.12398],[-58.15167,-32.12296],[-58.15148,-32.12037],[-58.15213,-32.12019],[-58.15222,-32.11954],[-58.15269,-32.11935],[-58.15306,-32.11843],[-58.1538,-32.11824],[-58.15333,-32.11796],[-58.15361,-32.11741],[-58.15407,-32.11741],[-58.15417,-32.11694],[-58.1537,-32.11593],[-58.15509,-32.11574],[-58.15454,-32.11472],[-58.15481,-32.11389],[-58.15583,-32.11296],[-58.1563,-32.11204],[-58.15639,-32.11074],[-58.15667,-32.11056],[-58.15667,-32.1087],[-58.15639,-32.10787],[-58.15593,-32.10778],[-58.15611,-32.10935],[-58.155,-32.11056],[-58.15444,-32.11056],[-58.15389,-32.10917],[-58.15398,-32.10843],[-58.15343,-32.10824],[-58.15231,-32.10843],[-58.15167,-32.10944],[-58.15093,-32.10935],[-58.14991,-32.11046],[-58.14926,-32.11065],[-58.14815,-32.11037],[-58.14796,-32.11083],[-58.14713,-32.11074],[-58.14694,-32.1112],[-58.14593,-32.11139],[-58.14546,-32.11194],[-58.14287,-32.11167],[-58.14269,-32.1112],[-58.14204,-32.11111],[-58.14157,-32.11046],[-58.1412,-32.11056],[-58.14056,-32.10981],[-58.13991,-32.10963],[-58.13991,-32.10926],[-58.13907,-32.10944],[-58.1387,-32.10917],[-58.13852,-32.10954],[-58.13731,-32.10991],[-58.13731,-32.10861],[-58.13787,-32.10852],[-58.13796,-32.10815],[-58.1362,-32.10769],[-58.13694,-32.10676],[-58.13574,-32.10667],[-58.13574,-32.10713],[-58.13509,-32.10713],[-58.13491,-32.10685],[-58.13426,-32.10713],[-58.1338,-32.10657],[-58.13315,-32.10667],[-58.13306,-32.10639],[-58.13426,-32.10546],[-58.13343,-32.10472],[-58.13407,-32.10472],[-58.13435,-32.10426],[-58.13426,-32.10389],[-58.13417,-32.10417],[-58.13343,-32.10407],[-58.13343,-32.10444],[-58.13306,-32.10454],[-58.13315,-32.10306],[-58.13213,-32.10315],[-58.13213,-32.10361],[-58.13139,-32.1037],[-58.13148,-32.10417],[-58.13102,-32.10463],[-58.13157,-32.10463],[-58.13194,-32.105],[-58.13194,-32.10556],[-58.1313,-32.1062],[-58.12963,-32.10593],[-58.12935,-32.105],[-58.12963,-32.10435],[-58.12917,-32.10435],[-58.12898,-32.10398],[-58.12907,-32.10463],[-58.1287,-32.10472],[-58.12815,-32.10426],[-58.12889,-32.1037],[-58.12815,-32.10352],[-58.12796,-32.10407],[-58.1275,-32.1037],[-58.12722,-32.10426],[-58.12565,-32.10398],[-58.12537,-32.10444],[-58.12556,-32.10565],[-58.12491,-32.10593],[-58.125,-32.10481],[-58.12444,-32.10444],[-58.12444,-32.1037],[-58.12361,-32.10361],[-58.1237,-32.10407],[-58.12296,-32.10481],[-58.12259,-32.10463],[-58.12269,-32.10417],[-58.12222,-32.10435],[-58.12185,-32.10472],[-58.12222,-32.10519],[-58.12167,-32.10546],[-58.12324,-32.10537],[-58.12389,-32.1063],[-58.12139,-32.1063],[-58.12111,-32.10602],[-58.12139,-32.10519],[-58.12065,-32.10435],[-58.12111,-32.10333],[-58.12074,-32.10269],[-58.11981,-32.10241],[-58.12,-32.10194],[-58.11963,-32.10157],[-58.11963,-32.1],[-58.11843,-32.1],[-58.11833,-32.10028],[-58.11833,-32.10065],[-58.11917,-32.10083],[-58.11889,-32.10241],[-58.11815,-32.10231],[-58.11796,-32.10167],[-58.11713,-32.1013],[-58.11769,-32.10139],[-58.11769,-32.10093],[-58.11722,-32.10074],[-58.11685,-32.1],[-58.11648,-32.1],[-58.11657,-32.10194],[-58.11713,-32.10204],[-58.11722,-32.10259],[-58.11722,-32.10324],[-58.11685,-32.10361],[-58.11667,-32.10333],[-58.11528,-32.10343],[-58.11491,-32.10306],[-58.11361,-32.10333],[-58.11361,-32.10259],[-58.11296,-32.10222],[-58.11278,-32.10241],[-58.11306,-32.1025],[-58.11306,-32.10324],[-58.11194,-32.10343],[-58.11222,-32.10315],[-58.11222,-32.10231],[-58.1112,-32.10269],[-58.1113,-32.10204],[-58.11046,-32.10074],[-58.10991,-32.10093],[-58.10991,-32.10167],[-58.10954,-32.10157],[-58.10972,-32.1012],[-58.10944,-32.10093],[-58.10778,-32.10139],[-58.10759,-32.1025],[-58.10796,-32.10222],[-58.1088,-32.10287],[-58.10917,-32.10324],[-58.10917,-32.10398],[-58.11009,-32.10444],[-58.11065,-32.10519],[-58.1113,-32.10491],[-58.11093,-32.10481],[-58.11093,-32.10444],[-58.11213,-32.10463],[-58.11176,-32.10389],[-58.11333,-32.10426],[-58.11315,-32.10519],[-58.11046,-32.10722],[-58.10917,-32.10694],[-58.10787,-32.10713],[-58.10685,-32.10611],[-58.10565,-32.10611],[-58.10426,-32.10472],[-58.09676,-32.10352],[-58.09481,-32.10204],[-58.09519,-32.10046],[-58.09481,-32.10046],[-58.09444,-32.10167],[-58.09287,-32.10167],[-58.09176,-32.10074],[-58.09009,-32.10056],[-58.08972,-32.1],[-58.08241,-32.1],[-58.08185,-32.10028],[-58.08148,-32.1],[-58.07796,-32.1],[-58.07769,-32.10037],[-58.0775,-32.1],[-58.07398,-32.1],[-58.07472,-32.10046],[-58.07537,-32.10046],[-58.07593,-32.10102],[-58.07639,-32.10065],[-58.07639,-32.1013],[-58.07796,-32.10111],[-58.07815,-32.10167],[-58.07852,-32.10157],[-58.07889,-32.10194],[-58.07954,-32.10167],[-58.07981,-32.10222],[-58.08019,-32.10222],[-58.08074,-32.10185],[-58.08111,-32.10241],[-58.08185,-32.10222],[-58.08176,-32.10287],[-58.08194,-32.10259],[-58.08231,-32.10296],[-58.08324,-32.10287],[-58.08333,-32.1038],[-58.0825,-32.10398],[-58.0825,-32.10463],[-58.08306,-32.10491],[-58.08167,-32.10537],[-58.08167,-32.10574],[-58.08083,-32.10657],[-58.08046,-32.10657],[-58.08037,-32.1062],[-58.08028,-32.10685],[-58.08148,-32.10778],[-58.0825,-32.10759],[-58.08324,-32.10787],[-58.08278,-32.10833],[-58.08296,-32.10861],[-58.08352,-32.10861],[-58.0838,-32.10815],[-58.08509,-32.10954],[-58.085,-32.11],[-58.08546,-32.10972],[-58.08648,-32.11009],[-58.08546,-32.11028],[-58.08537,-32.11139],[-58.08565,-32.11185],[-58.08593,-32.11139],[-58.08648,-32.11167],[-58.08676,-32.11111],[-58.08796,-32.11074],[-58.08796,-32.11389],[-58.08769,-32.11444],[-58.08648,-32.11491],[-58.08593,-32.11426],[-58.08593,-32.11463],[-58.08444,-32.11528],[-58.08278,-32.11472],[-58.08222,-32.11389],[-58.08213,-32.11296],[-58.08157,-32.11222],[-58.08093,-32.11222],[-58.0812,-32.11157],[-58.08167,-32.11167],[-58.08185,-32.11074],[-58.0813,-32.11019],[-58.08083,-32.11019],[-58.08167,-32.10972],[-58.08157,-32.10889],[-58.0813,-32.10898],[-58.0813,-32.10954],[-58.0812,-32.10898],[-58.08056,-32.10926],[-58.08009,-32.1087],[-58.07972,-32.1087],[-58.07991,-32.10944],[-58.07889,-32.10935],[-58.07852,-32.1087],[-58.07824,-32.10926],[-58.07787,-32.10917],[-58.07741,-32.10963],[-58.07704,-32.10944],[-58.07731,-32.10991],[-58.07676,-32.11],[-58.07694,-32.11074],[-58.07648,-32.11065],[-58.07704,-32.11139],[-58.07639,-32.11176],[-58.07639,-32.1125],[-58.07769,-32.11241],[-58.07778,-32.11324],[-58.07824,-32.11315],[-58.07815,-32.1138],[-58.0788,-32.11398],[-58.07815,-32.11454],[-58.07815,-32.11556],[-58.07852,-32.11546],[-58.07852,-32.11481],[-58.07889,-32.11481],[-58.07898,-32.11556],[-58.08,-32.11556],[-58.08083,-32.11593],[-58.0812,-32.11648],[-58.08167,-32.11639],[-58.08176,-32.11713],[-58.08148,-32.11731],[-58.0812,-32.11694],[-58.0813,-32.11796],[-58.08185,-32.11815],[-58.08185,-32.11731],[-58.08296,-32.11704],[-58.08315,-32.11769],[-58.08176,-32.11843],[-58.08139,-32.12009],[-58.08102,-32.12037],[-58.08111,-32.12065],[-58.08139,-32.12065],[-58.08139,-32.12019],[-58.08194,-32.12046],[-58.08093,-32.12083],[-58.08093,-32.12139],[-58.08157,-32.12167],[-58.08259,-32.12046],[-58.08296,-32.12093],[-58.08417,-32.12037],[-58.085,-32.12046],[-58.08519,-32.1213],[-58.08519,-32.12083],[-58.08593,-32.12074],[-58.08593,-32.12019],[-58.0862,-32.12037],[-58.08602,-32.12074],[-58.08657,-32.12074],[-58.08667,-32.12],[-58.08639,-32.11954]],[[-58.12574,-32.10565],[-58.12685,-32.10676],[-58.12694,-32.10769],[-58.12556,-32.10676],[-58.12426,-32.10685],[-58.12417,-32.1062],[-58.12491,-32.10602],[-58.125,-32.1063],[-58.12574,-32.1063],[-58.12574,-32.10565]],[[-58.08676,-32.11037],[-58.08602,-32.1087],[-58.08519,-32.10815],[-58.08657,-32.10796],[-58.08731,-32.10861],[-58.08787,-32.10843],[-58.08778,-32.1088],[-58.08824,-32.10852],[-58.08824,-32.10935],[-58.08759,-32.10907],[-58.0875,-32.10991],[-58.08806,-32.11],[-58.08796,-32.11065],[-58.08759,-32.11065],[-58.08741,-32.11028],[-58.08676,-32.11037]],[[-58.08519,-32.10824],[-58.08491,-32.10907],[-58.08463,-32.10898],[-58.08481,-32.10843],[-58.08519,-32.10824]],[[-58.08472,-32.1013],[-58.08519,-32.10157],[-58.08491,-32.10222],[-58.08509,-32.10296],[-58.08583,-32.10296],[-58.08537,-32.10222],[-58.08676,-32.10315],[-58.08731,-32.10231],[-58.08843,-32.10231],[-58.08917,-32.10287],[-58.08926,-32.10333],[-58.09046,-32.10315],[-58.09093,-32.1037],[-58.09093,-32.10435],[-58.09019,-32.10519],[-58.08981,-32.10509],[-58.08981,-32.10574],[-58.08907,-32.10713],[-58.08861,-32.10731],[-58.08843,-32.10815],[-58.08704,-32.10806],[-58.08694,-32.10778],[-58.08565,-32.10759],[-58.08546,-32.10722],[-58.08472,-32.10741],[-58.08481,-32.10676],[-58.08528,-32.10667],[-58.08593,-32.10676],[-58.0862,-32.10722],[-58.08685,-32.10704],[-58.08704,-32.1063],[-58.08769,-32.10611],[-58.08806,-32.105],[-58.08787,-32.10407],[-58.08722,-32.10398],[-58.08685,-32.10426],[-58.08704,-32.10463],[-58.08676,-32.10463],[-58.0863,-32.10324],[-58.08537,-32.1037],[-58.08435,-32.10222],[-58.08343,-32.10213],[-58.08343,-32.10176],[-58.08389,-32.10176],[-58.08398,-32.10148],[-58.08389,-32.10037],[-58.08417,-32.10037],[-58.08417,-32.10083],[-58.08491,-32.10093],[-58.08472,-32.1013]],[[-58.11935,-32.1037],[-58.11935,-32.10315],[-58.12009,-32.10315],[-58.12,-32.10352],[-58.11935,-32.1037]],[[-58.11731,-32.10537],[-58.1188,-32.10519],[-58.1188,-32.10556],[-58.1175,-32.10583],[-58.11731,-32.10546],[-58.11676,-32.10537],[-58.11667,-32.10481],[-58.11713,-32.10472],[-58.11731,-32.10537]],[[-58.12056,-32.1062],[-58.11907,-32.1062],[-58.11852,-32.10593],[-58.11954,-32.10546],[-58.12056,-32.10546],[-58.12083,-32.10583],[-58.12056,-32.1062]],[[-58.08324,-32.10657],[-58.08287,-32.10602],[-58.08361,-32.10565],[-58.08361,-32.1063],[-58.08324,-32.10657]],[[-58.11222,-32.10824],[-58.11176,-32.10843],[-58.11074,-32.10815],[-58.11148,-32.10759],[-58.11222,-32.10769],[-58.11222,-32.10824]],[[-58.1275,-32.10861],[-58.12704,-32.10898],[-58.12667,-32.10815],[-58.12694,-32.10806],[-58.1275,-32.10861]],[[-58.11907,-32.10991],[-58.11898,-32.11028],[-58.11843,-32.11028],[-58.11694,-32.10991],[-58.11657,-32.10954],[-58.11907,-32.10991]],[[-58.15241,-32.11065],[-58.15287,-32.11139],[-58.15241,-32.11185],[-58.1512,-32.11176],[-58.15111,-32.1112],[-58.15028,-32.11065],[-58.1513,-32.11037],[-58.15241,-32.11065]],[[-58.1237,-32.11204],[-58.12315,-32.11222],[-58.12185,-32.11176],[-58.12269,-32.11102],[-58.12287,-32.11176],[-58.1237,-32.11204]],[[-58.12981,-32.11398],[-58.12954,-32.11315],[-58.13019,-32.11296],[-58.13037,-32.1138],[-58.12981,-32.11398]],[[-58.14278,-32.11417],[-58.14287,-32.1137],[-58.1438,-32.1137],[-58.14324,-32.11417],[-58.14278,-32.11417]],[[-58.07935,-32.11407],[-58.08074,-32.11519],[-58.07963,-32.11528],[-58.07898,-32.11426],[-58.07935,-32.11407]],[[-58.14306,-32.11519],[-58.1425,-32.11528],[-58.14259,-32.11426],[-58.14315,-32.11472],[-58.14306,-32.11519]],[[-58.1437,-32.11454],[-58.1438,-32.11491],[-58.14333,-32.115],[-58.14324,-32.11454],[-58.1437,-32.11454]],[[-58.13537,-32.11556],[-58.13593,-32.11593],[-58.13556,-32.11676],[-58.13722,-32.11815],[-58.13685,-32.11843],[-58.13713,-32.11889],[-58.13667,-32.1188],[-58.13444,-32.11685],[-58.13398,-32.11685],[-58.13278,-32.11602],[-58.1338,-32.11602],[-58.13333,-32.11519],[-58.13361,-32.115],[-58.13407,-32.11519],[-58.13407,-32.11556],[-58.13537,-32.11556]],[[-58.13704,-32.11537],[-58.13657,-32.11593],[-58.1362,-32.11602],[-58.13648,-32.11509],[-58.13704,-32.11537]],[[-58.14315,-32.1163],[-58.14259,-32.11676],[-58.14278,-32.11741],[-58.14167,-32.11815],[-58.14139,-32.11741],[-58.14194,-32.1163],[-58.14167,-32.11565],[-58.14278,-32.11556],[-58.14315,-32.1163]],[[-58.08306,-32.1163],[-58.08231,-32.11602],[-58.08231,-32.11574],[-58.08324,-32.11593],[-58.08306,-32.1163]],[[-58.08426,-32.11676],[-58.08398,-32.11657],[-58.08398,-32.1162],[-58.08463,-32.11648],[-58.08426,-32.11676]],[[-58.14231,-32.11944],[-58.14194,-32.11907],[-58.14222,-32.1188],[-58.14259,-32.11898],[-58.14231,-32.11944]],[[-58.0937,-32.11898],[-58.09491,-32.12194],[-58.09491,-32.12269],[-58.09435,-32.12352],[-58.09435,-32.12389],[-58.0938,-32.11991],[-58.09315,-32.1188],[-58.0937,-32.11898]],[[-58.0862,-32.11944],[-58.08556,-32.11972],[-58.08537,-32.11889],[-58.08602,-32.11917],[-58.0862,-32.11944]],[[-58.13463,-32.11963],[-58.13546,-32.12],[-58.13565,-32.12065],[-58.13528,-32.12083],[-58.13537,-32.12157],[-58.13565,-32.12083],[-58.13676,-32.12148],[-58.13657,-32.12204],[-58.1363,-32.12167],[-58.13602,-32.12204],[-58.1363,-32.12241],[-58.13565,-32.1238],[-58.13509,-32.12324],[-58.135,-32.12074],[-58.13435,-32.12019],[-58.13426,-32.11944],[-58.13491,-32.11898],[-58.13463,-32.11963]],[[-58.13806,-32.12],[-58.1388,-32.12037],[-58.13907,-32.12148],[-58.13815,-32.1213],[-58.13806,-32.12019],[-58.13741,-32.11917],[-58.13806,-32.11935],[-58.13806,-32.12]],[[-58.14352,-32.12009],[-58.14407,-32.11981],[-58.14472,-32.1212],[-58.14454,-32.12139],[-58.14426,-32.12093],[-58.14398,-32.12176],[-58.14343,-32.12167],[-58.1425,-32.11981],[-58.14278,-32.11963],[-58.14352,-32.12009]],[[-58.14528,-32.12213],[-58.14574,-32.12278],[-58.14583,-32.12204],[-58.14667,-32.12176],[-58.14667,-32.12278],[-58.1475,-32.12361],[-58.14648,-32.12417],[-58.1463,-32.12306],[-58.14593,-32.12324],[-58.14491,-32.12296],[-58.14491,-32.12176],[-58.14583,-32.12176],[-58.14528,-32.12213]],[[-58.13824,-32.12241],[-58.13759,-32.12407],[-58.13806,-32.12546],[-58.13676,-32.12546],[-58.13657,-32.12444],[-58.13694,-32.12407],[-58.13676,-32.12361],[-58.13704,-32.12296],[-58.13741,-32.12278],[-58.13759,-32.12213],[-58.13796,-32.12213],[-58.13787,-32.12167],[-58.13824,-32.12241]],[[-58.13778,-32.12667],[-58.13796,-32.12778],[-58.13824,-32.12796],[-58.1388,-32.12759],[-58.13963,-32.12898],[-58.13944,-32.12935],[-58.14009,-32.13037],[-58.13991,-32.13093],[-58.13898,-32.13019],[-58.13917,-32.12917],[-58.13861,-32.1288],[-58.13861,-32.12843],[-58.13833,-32.12833],[-58.13787,-32.12917],[-58.13713,-32.12769],[-58.13685,-32.12769],[-58.13694,-32.12676],[-58.1362,-32.12694],[-58.13648,-32.12639],[-58.13704,-32.1262],[-58.13815,-32.12648],[-58.13778,-32.12667]]],[[[-58.0812,-32.10852],[-58.08204,-32.10833],[-58.08185,-32.10778],[-58.0812,-32.10815],[-58.0812,-32.10852]]],[[[-58.15667,-32.10509],[-58.15657,-32.1063],[-58.15722,-32.10472],[-58.15667,-32.10509]]],[[[-58.10176,-32.11074],[-58.1012,-32.11037],[-58.10074,-32.11065],[-58.10102,-32.1113],[-58.10139,-32.1113],[-58.10139,-32.11093],[-58.10176,-32.11074]]],[[[-58.08731,-32.33491],[-58.08639,-32.335],[-58.08611,-32.33472],[-58.08537,-32.335],[-58.08537,-32.33537],[-58.08741,-32.33556],[-58.08824,-32.33472],[-58.08759,-32.33435],[-58.08731,-32.33491]]],[[[-58.09648,-32.31176],[-58.09593,-32.31167],[-58.09556,-32.31185],[-58.0963,-32.31194],[-58.09648,-32.31176]]],[[[-58.09593,-32.30944],[-58.09574,-32.30954],[-58.09565,-32.30991],[-58.09602,-32.30991],[-58.09593,-32.30944]]],[[[-58.08833,-32.2888],[-58.08889,-32.28889],[-58.08898,-32.28861],[-58.0887,-32.28833],[-58.08833,-32.2888]]],[[[-58.09102,-32.26685],[-58.09204,-32.26685],[-58.09213,-32.26639],[-58.09102,-32.26639],[-58.09102,-32.26685]]],[[[-58.09056,-32.26583],[-58.09009,-32.26565],[-58.09009,-32.26602],[-58.09056,-32.2663],[-58.09056,-32.26583]]],[[[-58.09046,-32.26417],[-58.09065,-32.2637],[-58.09037,-32.2637],[-58.09019,-32.26407],[-58.09046,-32.26417]]],[[[-58.08944,-32.22546],[-58.09037,-32.22528],[-58.09019,-32.22472],[-58.08944,-32.225],[-58.08944,-32.22546]]],[[[-58.09519,-32.20991],[-58.09565,-32.21083],[-58.0962,-32.21074],[-58.09565,-32.20981],[-58.09444,-32.20944],[-58.09463,-32.21],[-58.09519,-32.20991]]],[[[-58.09343,-32.20769],[-58.09213,-32.20815],[-58.09213,-32.20852],[-58.0925,-32.20852],[-58.09287,-32.20907],[-58.09352,-32.20852],[-58.09407,-32.20861],[-58.09463,-32.20926],[-58.09519,-32.20898],[-58.09509,-32.20861],[-58.09454,-32.20852],[-58.09472,-32.20815],[-58.09417,-32.20787],[-58.09343,-32.20769]]],[[[-58.1337,-32.13463],[-58.13287,-32.13028],[-58.13259,-32.13019],[-58.13259,-32.12694],[-58.13231,-32.12685],[-58.13231,-32.12583],[-58.13176,-32.12519],[-58.13148,-32.12361],[-58.13093,-32.12324],[-58.13093,-32.12278],[-58.12815,-32.11963],[-58.12667,-32.1188],[-58.12611,-32.11796],[-58.12519,-32.11796],[-58.12444,-32.11713],[-58.12231,-32.1163],[-58.12231,-32.11602],[-58.12176,-32.11602],[-58.12176,-32.11574],[-58.1212,-32.11574],[-58.1212,-32.11546],[-58.11954,-32.11519],[-58.11954,-32.11491],[-58.11898,-32.11491],[-58.11833,-32.11435],[-58.11676,-32.11407],[-58.11676,-32.1138],[-58.1162,-32.1138],[-58.11611,-32.11352],[-58.11509,-32.11352],[-58.11472,-32.11296],[-58.11324,-32.11269],[-58.11139,-32.11157],[-58.10926,-32.11111],[-58.10861,-32.11056],[-58.10815,-32.11056],[-58.10778,-32.11],[-58.10713,-32.10991],[-58.10685,-32.10935],[-58.10648,-32.10935],[-58.10528,-32.10833],[-58.10481,-32.10833],[-58.10472,-32.10796],[-58.1037,-32.10769],[-58.10361,-32.10741],[-58.10287,-32.10741],[-58.10287,-32.10713],[-58.10231,-32.10713],[-58.10222,-32.10685],[-58.09954,-32.1063],[-58.09861,-32.10574],[-58.09731,-32.10574],[-58.09722,-32.10546],[-58.09444,-32.10574],[-58.09324,-32.10685],[-58.09241,-32.10833],[-58.09241,-32.10907],[-58.09213,-32.10917],[-58.09213,-32.11454],[-58.09241,-32.11454],[-58.09269,-32.11556],[-58.09352,-32.1162],[-58.09352,-32.11667],[-58.09407,-32.11731],[-58.095,-32.11787],[-58.09574,-32.11787],[-58.09574,-32.11833],[-58.09713,-32.11954],[-58.09741,-32.12333],[-58.09713,-32.12407],[-58.09657,-32.12444],[-58.09657,-32.12491],[-58.09602,-32.12528],[-58.09602,-32.12574],[-58.09519,-32.12602],[-58.09463,-32.12685],[-58.09352,-32.12713],[-58.09269,-32.12796],[-58.0912,-32.12824],[-58.09046,-32.1288],[-58.0875,-32.1288],[-58.08741,-32.12907],[-58.08556,-32.1288],[-58.08537,-32.12907],[-58.08472,-32.12852],[-58.08194,-32.12824],[-58.08148,-32.12769],[-58.07981,-32.12741],[-58.07889,-32.12657],[-58.07731,-32.12611],[-58.07611,-32.12463],[-58.07556,-32.12463],[-58.07343,-32.1225],[-58.07148,-32.12019],[-58.07065,-32.11991],[-58.0687,-32.11796],[-58.06713,-32.1175],[-58.06694,-32.11685],[-58.06648,-32.11685],[-58.0662,-32.1163],[-58.06565,-32.1163],[-58.0637,-32.11435],[-58.06315,-32.11435],[-58.06287,-32.1138],[-58.06176,-32.11352],[-58.06148,-32.11296],[-58.06009,-32.11269],[-58.0587,-32.1113],[-58.05787,-32.11102],[-58.05759,-32.11046],[-58.0562,-32.10963],[-58.05454,-32.10769],[-58.0537,-32.10722],[-58.05259,-32.10556],[-58.05204,-32.10546],[-58.0512,-32.10463],[-58.0512,-32.10417],[-58.05037,-32.1038],[-58.04898,-32.10213],[-58.04583,-32.10019],[-58.04398,-32.1],[-58.04694,-32.1012],[-58.04806,-32.10231],[-58.0487,-32.10231],[-58.04861,-32.10306],[-58.04898,-32.10333],[-58.0488,-32.10407],[-58.04935,-32.10444],[-58.05083,-32.10454],[-58.05139,-32.10546],[-58.05185,-32.10556],[-58.05185,-32.1063],[-58.05315,-32.10759],[-58.05315,-32.10824],[-58.05389,-32.10815],[-58.05454,-32.10852],[-58.05685,-32.11083],[-58.05741,-32.11083],[-58.05787,-32.11148],[-58.0587,-32.11176],[-58.05861,-32.11213],[-58.06352,-32.11463],[-58.06426,-32.11565],[-58.06519,-32.11593],[-58.065,-32.11648],[-58.06574,-32.11759],[-58.06426,-32.11963],[-58.0625,-32.12046],[-58.06296,-32.11972],[-58.06343,-32.11963],[-58.0637,-32.11861],[-58.06435,-32.11824],[-58.06398,-32.11796],[-58.06417,-32.11685],[-58.06296,-32.11481],[-58.06176,-32.11435],[-58.06139,-32.11509],[-58.06157,-32.11583],[-58.06204,-32.11593],[-58.06222,-32.11648],[-58.06296,-32.11704],[-58.06222,-32.11778],[-58.06176,-32.11778],[-58.06148,-32.11741],[-58.06185,-32.11685],[-58.06176,-32.1162],[-58.06139,-32.11593],[-58.06037,-32.11602],[-58.06009,-32.11519],[-58.06037,-32.115],[-58.06009,-32.11463],[-58.06019,-32.1137],[-58.05907,-32.11315],[-58.05843,-32.11343],[-58.0587,-32.11407],[-58.05824,-32.115],[-58.05667,-32.11454],[-58.05741,-32.11611],[-58.05639,-32.11639],[-58.05519,-32.11583],[-58.05537,-32.11454],[-58.05546,-32.11491],[-58.05593,-32.11472],[-58.05593,-32.1137],[-58.05491,-32.11231],[-58.05454,-32.11222],[-58.05426,-32.11296],[-58.05463,-32.11352],[-58.05472,-32.11519],[-58.05389,-32.11565],[-58.0537,-32.11657],[-58.05509,-32.11685],[-58.05472,-32.11667],[-58.05481,-32.1163],[-58.05611,-32.1163],[-58.0562,-32.11731],[-58.05833,-32.11694],[-58.05907,-32.11704],[-58.05898,-32.11759],[-58.06019,-32.11731],[-58.06065,-32.11843],[-58.06139,-32.11843],[-58.06065,-32.11926],[-58.06093,-32.12009],[-58.06037,-32.12083],[-58.0613,-32.12102],[-58.06148,-32.12065],[-58.06185,-32.12065],[-58.06194,-32.12102],[-58.0613,-32.12139],[-58.06009,-32.12139],[-58.0588,-32.12287],[-58.05796,-32.12259],[-58.05759,-32.12213],[-58.05731,-32.12231],[-58.05741,-32.12296],[-58.05704,-32.12315],[-58.05676,-32.12306],[-58.05667,-32.12222],[-58.05509,-32.1213],[-58.05509,-32.12065],[-58.05417,-32.11972],[-58.05259,-32.11963],[-58.05296,-32.11944],[-58.05306,-32.11861],[-58.05231,-32.11815],[-58.05046,-32.11954],[-58.05056,-32.12046],[-58.05028,-32.12074],[-58.04972,-32.12065],[-58.04972,-32.12],[-58.05,-32.11981],[-58.04935,-32.11991],[-58.04917,-32.12074],[-58.04972,-32.1213],[-58.04917,-32.12213],[-58.04833,-32.12213],[-58.04889,-32.12185],[-58.04833,-32.12148],[-58.04898,-32.12102],[-58.04898,-32.12065],[-58.04889,-32.12037],[-58.04787,-32.12037],[-58.04741,-32.11991],[-58.04815,-32.11972],[-58.04833,-32.11935],[-58.04796,-32.1187],[-58.04694,-32.11907],[-58.04639,-32.1188],[-58.04713,-32.11852],[-58.04713,-32.11796],[-58.04639,-32.11815],[-58.04611,-32.11861],[-58.04463,-32.11843],[-58.04426,-32.1187],[-58.04343,-32.11824],[-58.0438,-32.1188],[-58.04352,-32.11917],[-58.04315,-32.11907],[-58.04306,-32.11935],[-58.04352,-32.11963],[-58.04287,-32.11991],[-58.04361,-32.12009],[-58.04435,-32.11981],[-58.04537,-32.12028],[-58.04463,-32.12056],[-58.04444,-32.12019],[-58.04398,-32.12019],[-58.04407,-32.12083],[-58.04361,-32.12102],[-58.04463,-32.12139],[-58.04546,-32.12083],[-58.04546,-32.1213],[-58.04593,-32.12139],[-58.04602,-32.12185],[-58.04657,-32.12185],[-58.04731,-32.12278],[-58.0488,-32.12278],[-58.04907,-32.12324],[-58.05,-32.12269],[-58.05019,-32.12185],[-58.05185,-32.12167],[-58.05185,-32.12204],[-58.05148,-32.12204],[-58.0512,-32.12259],[-58.05139,-32.12296],[-58.05213,-32.12324],[-58.05324,-32.12269],[-58.05361,-32.12315],[-58.05343,-32.12333],[-58.05361,-32.12389],[-58.05426,-32.12296],[-58.05352,-32.12259],[-58.05352,-32.12222],[-58.05407,-32.12213],[-58.05389,-32.12176],[-58.05343,-32.12222],[-58.0525,-32.12204],[-58.05213,-32.12269],[-58.05176,-32.12259],[-58.05222,-32.12194],[-58.05194,-32.12148],[-58.0538,-32.12037],[-58.05352,-32.12102],[-58.05546,-32.12343],[-58.05528,-32.1238],[-58.05417,-32.12407],[-58.05417,-32.125],[-58.05324,-32.12611],[-58.05278,-32.12639],[-58.05204,-32.12611],[-58.05176,-32.12648],[-58.05111,-32.12648],[-58.05083,-32.12722],[-58.05028,-32.12731],[-58.05028,-32.12833],[-58.04926,-32.12815],[-58.04833,-32.12852],[-58.04926,-32.12907],[-58.0513,-32.1287],[-58.05185,-32.12972],[-58.05343,-32.12991],[-58.05324,-32.12806],[-58.05426,-32.12694],[-58.05574,-32.12648],[-58.05602,-32.12602],[-58.05657,-32.12602],[-58.05676,-32.12556],[-58.05787,-32.12481],[-58.05935,-32.12472],[-58.05991,-32.125],[-58.06019,-32.12463],[-58.06074,-32.12509],[-58.06157,-32.12444],[-58.06213,-32.12454],[-58.06241,-32.12528],[-58.06194,-32.12528],[-58.06167,-32.12611],[-58.06213,-32.1262],[-58.06231,-32.12685],[-58.0637,-32.12731],[-58.06333,-32.12759],[-58.06333,-32.1287],[-58.06481,-32.12926],[-58.06565,-32.13046],[-58.06509,-32.13065],[-58.06407,-32.13194],[-58.06315,-32.13241],[-58.06167,-32.13259],[-58.06167,-32.13361],[-58.06204,-32.13435],[-58.06287,-32.13509],[-58.06352,-32.13519],[-58.0663,-32.13407],[-58.06648,-32.13519],[-58.06565,-32.13667],[-58.06639,-32.1363],[-58.06639,-32.13713],[-58.06667,-32.13722],[-58.0687,-32.13657],[-58.06981,-32.13778],[-58.07074,-32.13787],[-58.07111,-32.13833],[-58.0712,-32.14019],[-58.07167,-32.14102],[-58.07167,-32.14222],[-58.07139,-32.14259],[-58.07148,-32.14306],[-58.07185,-32.14315],[-58.07167,-32.14352],[-58.07204,-32.14398],[-58.07352,-32.14398],[-58.0737,-32.14426],[-58.07426,-32.14398],[-58.07519,-32.14407],[-58.07574,-32.14352],[-58.07537,-32.14278],[-58.07565,-32.14194],[-58.07639,-32.14185],[-58.07676,-32.1413],[-58.07741,-32.1413],[-58.07694,-32.13954],[-58.07593,-32.13852],[-58.07602,-32.13815],[-58.07685,-32.13796],[-58.07611,-32.13741],[-58.07593,-32.1362],[-58.0763,-32.1363],[-58.07713,-32.13556],[-58.07806,-32.13565],[-58.07769,-32.13639],[-58.07704,-32.13648],[-58.07704,-32.13685],[-58.07657,-32.13704],[-58.0775,-32.13759],[-58.07787,-32.13676],[-58.07954,-32.13583],[-58.07963,-32.13519],[-58.07981,-32.13546],[-58.07963,-32.13593],[-58.07917,-32.1362],[-58.07917,-32.13685],[-58.08,-32.13722],[-58.08056,-32.13657],[-58.08083,-32.13602],[-58.08056,-32.13509],[-58.08093,-32.13398],[-58.08157,-32.13352],[-58.0813,-32.13259],[-58.08176,-32.13222],[-58.08167,-32.13157],[-58.08065,-32.13194],[-58.08074,-32.13065],[-58.08111,-32.13046],[-58.0813,-32.13102],[-58.08157,-32.13037],[-58.08287,-32.13],[-58.08287,-32.13074],[-58.0838,-32.13046],[-58.08472,-32.13065],[-58.08528,-32.13009],[-58.08472,-32.13028],[-58.08435,-32.12981],[-58.08546,-32.12981],[-58.08583,-32.12926],[-58.08694,-32.12954],[-58.08685,-32.12981],[-58.0862,-32.12963],[-58.08593,-32.12991],[-58.08778,-32.13083],[-58.08796,-32.13241],[-58.08833,-32.13269],[-58.0875,-32.13315],[-58.0875,-32.13352],[-58.08815,-32.13361],[-58.0875,-32.13435],[-58.08769,-32.13491],[-58.08815,-32.13491],[-58.08843,-32.13454],[-58.08852,-32.13491],[-58.08769,-32.13593],[-58.08824,-32.13648],[-58.08843,-32.13741],[-58.08935,-32.13824],[-58.08991,-32.14],[-58.09019,-32.14],[-58.08972,-32.14102],[-58.09009,-32.1412],[-58.09009,-32.14185],[-58.09111,-32.1425],[-58.09148,-32.14204],[-58.09204,-32.14204],[-58.09213,-32.14352],[-58.09278,-32.14398],[-58.09259,-32.14463],[-58.09315,-32.14398],[-58.09306,-32.14296],[-58.09352,-32.14287],[-58.09324,-32.14444],[-58.09296,-32.14454],[-58.09324,-32.145],[-58.09231,-32.14519],[-58.09176,-32.14491],[-58.09213,-32.14546],[-58.09139,-32.14565],[-58.09176,-32.14583],[-58.09148,-32.1462],[-58.09083,-32.14602],[-58.09037,-32.1463],[-58.08981,-32.14602],[-58.08991,-32.14565],[-58.08954,-32.14565],[-58.08963,-32.14667],[-58.08926,-32.14667],[-58.08954,-32.14713],[-58.08917,-32.1475],[-58.08778,-32.14731],[-58.08685,-32.14787],[-58.0862,-32.14787],[-58.08593,-32.14722],[-58.08509,-32.14722],[-58.08509,-32.14806],[-58.08556,-32.14787],[-58.08537,-32.14889],[-58.08602,-32.14889],[-58.08602,-32.14917],[-58.08546,-32.14917],[-58.08556,-32.14963],[-58.08519,-32.14991],[-58.08463,-32.14926],[-58.0838,-32.14981],[-58.08315,-32.14981],[-58.08287,-32.15074],[-58.0813,-32.15176],[-58.08139,-32.15222],[-58.08083,-32.15306],[-58.0813,-32.15278],[-58.08157,-32.15333],[-58.08287,-32.15213],[-58.08389,-32.15213],[-58.08472,-32.15157],[-58.08417,-32.15148],[-58.08407,-32.15102],[-58.08657,-32.15019],[-58.08676,-32.14981],[-58.08713,-32.15083],[-58.08556,-32.15093],[-58.08481,-32.15139],[-58.08565,-32.1513],[-58.08593,-32.15185],[-58.08676,-32.15194],[-58.08704,-32.15269],[-58.08778,-32.15269],[-58.08889,-32.15315],[-58.0887,-32.15352],[-58.08935,-32.15343],[-58.08991,-32.1538],[-58.09028,-32.1538],[-58.09009,-32.15315],[-58.09074,-32.15296],[-58.09056,-32.15259],[-58.0912,-32.15194],[-58.09259,-32.15111],[-58.09296,-32.1512],[-58.09306,-32.15009],[-58.09333,-32.15009],[-58.0937,-32.15093],[-58.09435,-32.15046],[-58.09481,-32.1513],[-58.09509,-32.15065],[-58.09602,-32.1512],[-58.09602,-32.15056],[-58.09676,-32.15037],[-58.09731,-32.14981],[-58.09796,-32.15],[-58.09861,-32.14954],[-58.10019,-32.14935],[-58.10046,-32.15],[-58.10157,-32.15],[-58.10194,-32.15046],[-58.10296,-32.15065],[-58.10259,-32.1513],[-58.10324,-32.1513],[-58.10343,-32.15194],[-58.1037,-32.15185],[-58.10343,-32.15093],[-58.10417,-32.15083],[-58.10435,-32.1513],[-58.10398,-32.15157],[-58.10426,-32.15259],[-58.10565,-32.15176],[-58.10611,-32.15176],[-58.1062,-32.15213],[-58.10667,-32.15194],[-58.1075,-32.15287],[-58.10722,-32.15324],[-58.10769,-32.1538],[-58.1113,-32.15611],[-58.1112,-32.15667],[-58.11176,-32.15713],[-58.11176,-32.15759],[-58.11204,-32.15657],[-58.11306,-32.15667],[-58.11333,-32.15833],[-58.11315,-32.15907],[-58.11167,-32.15889],[-58.11083,-32.15963],[-58.10981,-32.15991],[-58.10935,-32.16056],[-58.10796,-32.15954],[-58.10648,-32.15935],[-58.1062,-32.15972],[-58.1062,-32.1613],[-58.10556,-32.1613],[-58.10546,-32.16019],[-58.10481,-32.16037],[-58.10417,-32.16157],[-58.10491,-32.1613],[-58.10546,-32.16185],[-58.10444,-32.16231],[-58.10444,-32.16333],[-58.1037,-32.16343],[-58.10269,-32.16407],[-58.10361,-32.16407],[-58.10398,-32.16463],[-58.10426,-32.16389],[-58.10463,-32.16426],[-58.10574,-32.16407],[-58.10657,-32.16463],[-58.10676,-32.16361],[-58.10731,-32.16352],[-58.10731,-32.16287],[-58.10676,-32.16287],[-58.10676,-32.16333],[-58.10639,-32.16343],[-58.1062,-32.16259],[-58.10722,-32.16222],[-58.10722,-32.16167],[-58.10778,-32.16139],[-58.10806,-32.16157],[-58.10806,-32.16222],[-58.10778,-32.16241],[-58.10917,-32.1625],[-58.10907,-32.16352],[-58.10954,-32.16435],[-58.11046,-32.16454],[-58.11167,-32.16546],[-58.11269,-32.16565],[-58.11343,-32.16528],[-58.11361,-32.16435],[-58.11417,-32.16407],[-58.1138,-32.1637],[-58.11417,-32.16176],[-58.11491,-32.16204],[-58.11537,-32.16148],[-58.11593,-32.16167],[-58.11611,-32.16102],[-58.11713,-32.16083],[-58.11667,-32.16037],[-58.11722,-32.15981],[-58.11611,-32.15981],[-58.11574,-32.15944],[-58.11519,-32.15944],[-58.115,-32.15889],[-58.11417,-32.15861],[-58.11426,-32.15796],[-58.11481,-32.15787],[-58.11546,-32.15667],[-58.11574,-32.15731],[-58.11731,-32.15815],[-58.11759,-32.1587],[-58.1188,-32.1587],[-58.11917,-32.15917],[-58.12111,-32.16028],[-58.12306,-32.16231],[-58.1238,-32.16259],[-58.12398,-32.16306],[-58.12491,-32.16343],[-58.12602,-32.16454],[-58.12602,-32.165],[-58.12676,-32.16565],[-58.12935,-32.16954],[-58.13,-32.17333],[-58.12972,-32.17417],[-58.12972,-32.17472],[-58.12907,-32.17593],[-58.12852,-32.17657],[-58.12806,-32.17648],[-58.12787,-32.17722],[-58.12713,-32.17778],[-58.12713,-32.17824],[-58.12648,-32.17796],[-58.12648,-32.17694],[-58.12713,-32.1763],[-58.12667,-32.17611],[-58.12648,-32.17481],[-58.12722,-32.17435],[-58.12741,-32.1713],[-58.12741,-32.17037],[-58.12676,-32.16889],[-58.1262,-32.16944],[-58.12583,-32.1712],[-58.12602,-32.17296],[-58.12537,-32.17407],[-58.12546,-32.17472],[-58.12491,-32.17546],[-58.12444,-32.17556],[-58.12463,-32.17611],[-58.12417,-32.1763],[-58.12398,-32.17593],[-58.12398,-32.17657],[-58.1237,-32.17676],[-58.1237,-32.17713],[-58.12417,-32.17713],[-58.12491,-32.17657],[-58.12519,-32.17713],[-58.12463,-32.17889],[-58.12343,-32.17926],[-58.12435,-32.18009],[-58.12435,-32.18139],[-58.12343,-32.18157],[-58.12324,-32.18213],[-58.1225,-32.1825],[-58.12278,-32.18333],[-58.12333,-32.18343],[-58.12259,-32.18398],[-58.12269,-32.18472],[-58.12102,-32.18648],[-58.12046,-32.18769],[-58.12019,-32.18796],[-58.11972,-32.18787],[-58.11991,-32.18843],[-58.11796,-32.19176],[-58.11796,-32.19213],[-58.11741,-32.19231],[-58.11741,-32.19306],[-58.11639,-32.1938],[-58.11602,-32.1937],[-58.11639,-32.19352],[-58.11639,-32.19241],[-58.11722,-32.19204],[-58.11657,-32.19176],[-58.11565,-32.18843],[-58.11602,-32.18796],[-58.11648,-32.18796],[-58.11676,-32.18685],[-58.11741,-32.18704],[-58.11824,-32.18657],[-58.11778,-32.18602],[-58.11722,-32.18602],[-58.1175,-32.18574],[-58.11722,-32.18537],[-58.11796,-32.18528],[-58.1187,-32.18426],[-58.11963,-32.18426],[-58.12019,-32.1837],[-58.12046,-32.18278],[-58.11981,-32.18269],[-58.12009,-32.18213],[-58.11991,-32.18148],[-58.11944,-32.1825],[-58.11972,-32.18278],[-58.11963,-32.18343],[-58.11861,-32.18306],[-58.11861,-32.18352],[-58.11796,-32.18324],[-58.11815,-32.18259],[-58.11778,-32.1812],[-58.11806,-32.18093],[-58.11731,-32.18093],[-58.11722,-32.18185],[-58.11694,-32.18204],[-58.11713,-32.18241],[-58.11648,-32.18259],[-58.11667,-32.18306],[-58.11611,-32.18296],[-58.11556,-32.18241],[-58.11574,-32.18204],[-58.11537,-32.18194],[-58.11528,-32.18241],[-58.11574,-32.18324],[-58.11546,-32.18444],[-58.11481,-32.18454],[-58.11481,-32.18472],[-58.11519,-32.18463],[-58.11574,-32.18519],[-58.11519,-32.18519],[-58.11472,-32.18583],[-58.11352,-32.18583],[-58.11315,-32.18519],[-58.11259,-32.1862],[-58.11463,-32.18648],[-58.1137,-32.18657],[-58.1137,-32.18778],[-58.11315,-32.18787],[-58.11315,-32.18824],[-58.11343,-32.18796],[-58.11407,-32.18815],[-58.1138,-32.18852],[-58.11407,-32.18861],[-58.11398,-32.18907],[-58.11444,-32.18926],[-58.11407,-32.18981],[-58.11352,-32.18991],[-58.11426,-32.19037],[-58.11454,-32.1913],[-58.11509,-32.19148],[-58.11491,-32.19185],[-58.11546,-32.19306],[-58.11528,-32.19333],[-58.11491,-32.19306],[-58.11454,-32.19333],[-58.11537,-32.1937],[-58.11537,-32.19444],[-58.11602,-32.19417],[-58.11611,-32.19602],[-58.11704,-32.19676],[-58.11713,-32.19731],[-58.11583,-32.19722],[-58.115,-32.19759],[-58.115,-32.19824],[-58.11463,-32.19852],[-58.11426,-32.19852],[-58.11435,-32.19806],[-58.11398,-32.19824],[-58.11352,-32.20046],[-58.11269,-32.20065],[-58.11324,-32.20074],[-58.11324,-32.2013],[-58.11352,-32.20139],[-58.1137,-32.20056],[-58.11407,-32.20056],[-58.11352,-32.20241],[-58.11306,-32.20213],[-58.11333,-32.20185],[-58.11315,-32.2013],[-58.11259,-32.20102],[-58.11204,-32.20241],[-58.11204,-32.20352],[-58.1112,-32.2037],[-58.11213,-32.20444],[-58.1125,-32.20407],[-58.11222,-32.20343],[-58.11296,-32.20324],[-58.11324,-32.20435],[-58.1138,-32.20435],[-58.11426,-32.20481],[-58.11426,-32.20546],[-58.11389,-32.20565],[-58.11407,-32.2063],[-58.11324,-32.2062],[-58.11324,-32.20769],[-58.11269,-32.2088],[-58.11241,-32.2088],[-58.11213,-32.21056],[-58.11083,-32.21287],[-58.11074,-32.2138],[-58.10898,-32.21472],[-58.10917,-32.2137],[-58.11009,-32.21204],[-58.10954,-32.21185],[-58.1087,-32.21213],[-58.10898,-32.21194],[-58.10898,-32.2112],[-58.10843,-32.21139],[-58.10778,-32.2112],[-58.10861,-32.21065],[-58.10926,-32.21065],[-58.10981,-32.20981],[-58.11037,-32.20963],[-58.11046,-32.20898],[-58.11139,-32.20824],[-58.11148,-32.20769],[-58.11213,-32.20741],[-58.11213,-32.20639],[-58.11176,-32.20639],[-58.11157,-32.20602],[-58.11083,-32.20602],[-58.11,-32.20778],[-58.11009,-32.20852],[-58.10935,-32.20917],[-58.10852,-32.20954],[-58.10806,-32.20926],[-58.10806,-32.20972],[-58.10333,-32.2112],[-58.10407,-32.21213],[-58.1037,-32.21204],[-58.1038,-32.21269],[-58.10343,-32.2125],[-58.10296,-32.21296],[-58.10324,-32.21213],[-58.10222,-32.2125],[-58.1025,-32.21157],[-58.10296,-32.2112],[-58.10213,-32.21],[-58.10167,-32.21009],[-58.10157,-32.21083],[-58.10102,-32.21019],[-58.10074,-32.21065],[-58.0963,-32.21065],[-58.09657,-32.2112],[-58.09694,-32.2112],[-58.09722,-32.21213],[-58.09824,-32.21287],[-58.09787,-32.21343],[-58.09815,-32.2138],[-58.09731,-32.2138],[-58.09713,-32.21407],[-58.09778,-32.21472],[-58.10102,-32.21444],[-58.1013,-32.21481],[-58.10102,-32.21519],[-58.10139,-32.21593],[-58.1013,-32.21657],[-58.10167,-32.21685],[-58.10176,-32.21648],[-58.10194,-32.21648],[-58.1012,-32.21806],[-58.10139,-32.21852],[-58.10056,-32.21898],[-58.10037,-32.22037],[-58.09954,-32.22093],[-58.09991,-32.22111],[-58.1,-32.22167],[-58.09954,-32.22185],[-58.09926,-32.22157],[-58.09889,-32.22231],[-58.09917,-32.22269],[-58.09935,-32.22213],[-58.09963,-32.22259],[-58.09935,-32.22352],[-58.09954,-32.22556],[-58.09861,-32.22593],[-58.09963,-32.22713],[-58.09889,-32.22769],[-58.09991,-32.22833],[-58.10056,-32.23037],[-58.10019,-32.2313],[-58.09972,-32.23157],[-58.10019,-32.23204],[-58.09991,-32.23333],[-58.09907,-32.23324],[-58.09787,-32.23167],[-58.09741,-32.23157],[-58.09796,-32.2312],[-58.09759,-32.2312],[-58.09657,-32.23028],[-58.09593,-32.23028],[-58.09509,-32.22944],[-58.09519,-32.22852],[-58.09574,-32.22843],[-58.09611,-32.22787],[-58.09648,-32.22796],[-58.09685,-32.22787],[-58.09639,-32.22741],[-58.09639,-32.22694],[-58.09583,-32.22667],[-58.09602,-32.2262],[-58.09565,-32.22611],[-58.09472,-32.22454],[-58.09417,-32.225],[-58.09435,-32.22574],[-58.0937,-32.22648],[-58.0938,-32.22704],[-58.09352,-32.22741],[-58.09324,-32.22704],[-58.09269,-32.22731],[-58.09278,-32.22806],[-58.09324,-32.22861],[-58.0938,-32.2287],[-58.0938,-32.22935],[-58.09324,-32.22991],[-58.09296,-32.22991],[-58.09296,-32.22935],[-58.09269,-32.22944],[-58.09213,-32.23028],[-58.09148,-32.23019],[-58.09185,-32.22991],[-58.09176,-32.22926],[-58.09093,-32.22954],[-58.09093,-32.23028],[-58.09167,-32.23102],[-58.09074,-32.23194],[-58.09,-32.23213],[-58.0888,-32.23167],[-58.08657,-32.23194],[-58.08574,-32.2312],[-58.08574,-32.23028],[-58.0863,-32.22926],[-58.08759,-32.22852],[-58.08861,-32.22833],[-58.0887,-32.22787],[-58.08796,-32.22769],[-58.08824,-32.22694],[-58.0888,-32.22704],[-58.08898,-32.22778],[-58.08954,-32.22759],[-58.09009,-32.22593],[-58.08926,-32.22657],[-58.08898,-32.22583],[-58.0875,-32.22694],[-58.08639,-32.22639],[-58.0837,-32.22639],[-58.08315,-32.22667],[-58.08296,-32.22741],[-58.08194,-32.2275],[-58.08185,-32.22796],[-58.08148,-32.22796],[-58.08102,-32.22759],[-58.08157,-32.22704],[-58.08083,-32.22657],[-58.08037,-32.22565],[-58.08009,-32.2263],[-58.08111,-32.22926],[-58.08056,-32.22963],[-58.0812,-32.22991],[-58.08037,-32.22981],[-58.07833,-32.23056],[-58.07796,-32.2313],[-58.07861,-32.23269],[-58.07787,-32.23269],[-58.07806,-32.23231],[-58.07759,-32.23222],[-58.07778,-32.23296],[-58.07694,-32.23352],[-58.07731,-32.2338],[-58.07889,-32.23352],[-58.07917,-32.2337],[-58.07889,-32.23435],[-58.07963,-32.23481],[-58.08009,-32.23361],[-58.08111,-32.23361],[-58.08222,-32.23296],[-58.08231,-32.23259],[-58.0825,-32.23296],[-58.08287,-32.23296],[-58.08306,-32.23259],[-58.08278,-32.23231],[-58.08315,-32.23139],[-58.08361,-32.23148],[-58.08333,-32.23185],[-58.08389,-32.23185],[-58.08398,-32.23222],[-58.08472,-32.23241],[-58.08509,-32.23389],[-58.08556,-32.23426],[-58.08556,-32.23491],[-58.0863,-32.23556],[-58.08611,-32.23685],[-58.08731,-32.23815],[-58.08722,-32.24102],[-58.08657,-32.24176],[-58.08694,-32.24204],[-58.08667,-32.24269],[-58.08565,-32.24287],[-58.08546,-32.24259],[-58.08454,-32.24259],[-58.08417,-32.2413],[-58.08343,-32.24074],[-58.08333,-32.24],[-58.08194,-32.23843],[-58.0812,-32.23815],[-58.08037,-32.23833],[-58.0788,-32.23657],[-58.07861,-32.23593],[-58.07722,-32.23602],[-58.07713,-32.23769],[-58.07759,-32.23843],[-58.07731,-32.2388],[-58.07481,-32.23926],[-58.0737,-32.23917],[-58.07324,-32.23944],[-58.07176,-32.23935],[-58.07093,-32.23981],[-58.07074,-32.24037],[-58.06935,-32.24176],[-58.06787,-32.24167],[-58.06806,-32.24222],[-58.0687,-32.24185],[-58.06917,-32.24213],[-58.06509,-32.24602],[-58.06435,-32.24648],[-58.06407,-32.24611],[-58.06324,-32.24611],[-58.06417,-32.24713],[-58.06352,-32.24731],[-58.06315,-32.24796],[-58.0613,-32.24787],[-58.06019,-32.24685],[-58.05954,-32.24713],[-58.05907,-32.24648],[-58.05806,-32.24676],[-58.05769,-32.24657],[-58.05796,-32.24611],[-58.05759,-32.2462],[-58.0575,-32.24574],[-58.05815,-32.24556],[-58.05815,-32.24583],[-58.05852,-32.24574],[-58.0588,-32.24611],[-58.0588,-32.24546],[-58.05824,-32.245],[-58.05722,-32.24528],[-58.05667,-32.24472],[-58.05602,-32.24639],[-58.05472,-32.24722],[-58.05454,-32.24861],[-58.05611,-32.24796],[-58.0563,-32.24759],[-58.05676,-32.24898],[-58.05537,-32.24981],[-58.05556,-32.25037],[-58.05472,-32.25102],[-58.05444,-32.25176],[-58.05343,-32.25222],[-58.05278,-32.25324],[-58.05185,-32.2537],[-58.05157,-32.25426],[-58.0512,-32.25417],[-58.05009,-32.255],[-58.04935,-32.255],[-58.04741,-32.25361],[-58.04741,-32.25306],[-58.04815,-32.25222],[-58.04843,-32.25306],[-58.04963,-32.25269],[-58.04981,-32.25222],[-58.04954,-32.25176],[-58.04824,-32.25148],[-58.04833,-32.25093],[-58.04778,-32.25009],[-58.04713,-32.24972],[-58.045,-32.25],[-58.04417,-32.24935],[-58.04269,-32.24889],[-58.04222,-32.24824],[-58.04102,-32.24759],[-58.04102,-32.24731],[-58.04083,-32.24731],[-58.04102,-32.24824],[-58.04056,-32.24787],[-58.04056,-32.24833],[-58.04019,-32.24852],[-58.03954,-32.24852],[-58.0387,-32.24787],[-58.03917,-32.2487],[-58.03861,-32.24926],[-58.03898,-32.24954],[-58.03889,-32.25],[-58.03926,-32.24954],[-58.04204,-32.24935],[-58.04287,-32.24972],[-58.04361,-32.24954],[-58.04556,-32.25046],[-58.04694,-32.25],[-58.04694,-32.25056],[-58.04648,-32.25102],[-58.04574,-32.25083],[-58.04528,-32.2513],[-58.04565,-32.25204],[-58.04556,-32.25296],[-58.04593,-32.25333],[-58.04574,-32.25407],[-58.04676,-32.25352],[-58.04685,-32.2525],[-58.04694,-32.25352],[-58.04796,-32.25454],[-58.04759,-32.25491],[-58.04824,-32.25537],[-58.04796,-32.25593],[-58.04806,-32.25722],[-58.04889,-32.25639],[-58.0487,-32.25528],[-58.04972,-32.25574],[-58.0512,-32.25472],[-58.05269,-32.25417],[-58.05278,-32.2537],[-58.05333,-32.25352],[-58.0537,-32.25296],[-58.05407,-32.25296],[-58.05426,-32.25333],[-58.05472,-32.25324],[-58.05444,-32.25296],[-58.05444,-32.25185],[-58.05537,-32.25176],[-58.05528,-32.25213],[-58.05463,-32.25231],[-58.05481,-32.25259],[-58.05546,-32.25231],[-58.05546,-32.25148],[-58.05611,-32.25046],[-58.05657,-32.25028],[-58.05657,-32.24954],[-58.05704,-32.24917],[-58.05861,-32.24861],[-58.05907,-32.24944],[-58.05852,-32.24991],[-58.05907,-32.25074],[-58.05944,-32.25037],[-58.06,-32.25046],[-58.05991,-32.24981],[-58.06037,-32.24926],[-58.06102,-32.24944],[-58.06176,-32.2488],[-58.0638,-32.24843],[-58.06417,-32.24778],[-58.06722,-32.24528],[-58.06796,-32.24565],[-58.06796,-32.24593],[-58.0675,-32.24602],[-58.06815,-32.24602],[-58.06843,-32.24657],[-58.06963,-32.2463],[-58.07009,-32.24583],[-58.07102,-32.24583],[-58.07157,-32.2463],[-58.0725,-32.24528],[-58.07194,-32.24481],[-58.07213,-32.24352],[-58.07324,-32.24333],[-58.07398,-32.24241],[-58.07398,-32.24194],[-58.07657,-32.24194],[-58.07676,-32.24139],[-58.07722,-32.24148],[-58.07704,-32.24176],[-58.07713,-32.24194],[-58.07815,-32.24093],[-58.07861,-32.24111],[-58.07815,-32.24185],[-58.07991,-32.24157],[-58.08009,-32.24185],[-58.08176,-32.24222],[-58.08259,-32.24194],[-58.08352,-32.24278],[-58.0838,-32.24361],[-58.08352,-32.24472],[-58.0837,-32.24667],[-58.08407,-32.24667],[-58.08426,-32.24611],[-58.08491,-32.24639],[-58.08528,-32.24593],[-58.08472,-32.24556],[-58.08481,-32.24444],[-58.08731,-32.24444],[-58.08806,-32.2438],[-58.08852,-32.2438],[-58.0887,-32.24241],[-58.08954,-32.24139],[-58.09157,-32.2412],[-58.09167,-32.24093],[-58.09111,-32.24065],[-58.0913,-32.23981],[-58.09083,-32.23963],[-58.09083,-32.23833],[-58.09046,-32.23759],[-58.09111,-32.2375],[-58.09065,-32.23685],[-58.09102,-32.23657],[-58.09083,-32.23611],[-58.09176,-32.23537],[-58.09315,-32.23602],[-58.09352,-32.23583],[-58.09435,-32.23648],[-58.09417,-32.23722],[-58.0938,-32.23741],[-58.0937,-32.23833],[-58.09519,-32.23861],[-58.09565,-32.23935],[-58.09602,-32.23907],[-58.09694,-32.24],[-58.0975,-32.23981],[-58.09796,-32.24009],[-58.09713,-32.24037],[-58.09769,-32.24167],[-58.09713,-32.24352],[-58.0975,-32.2438],[-58.0975,-32.245],[-58.09778,-32.24528],[-58.09759,-32.24593],[-58.09787,-32.24593],[-58.09759,-32.24231],[-58.09787,-32.24231],[-58.09833,-32.24019],[-58.09787,-32.23963],[-58.09704,-32.23963],[-58.09676,-32.23926],[-58.09815,-32.23926],[-58.09843,-32.23898],[-58.09843,-32.23796],[-58.09926,-32.23722],[-58.09926,-32.23648],[-58.09954,-32.23639],[-58.09954,-32.23509],[-58.10065,-32.23481],[-58.10065,-32.23426],[-58.1,-32.23407],[-58.09991,-32.23435],[-58.09852,-32.23463],[-58.09852,-32.23491],[-58.09769,-32.23491],[-58.09769,-32.23519],[-58.09713,-32.23519],[-58.09713,-32.23546],[-58.09685,-32.23546],[-58.09685,-32.23574],[-58.09602,-32.2363],[-58.09574,-32.23787],[-58.09602,-32.23787],[-58.09602,-32.23843],[-58.09657,-32.2387],[-58.09657,-32.23907],[-58.0962,-32.23907],[-58.0962,-32.23852],[-58.09593,-32.23852],[-58.09593,-32.23806],[-58.09565,-32.23796],[-58.09565,-32.23676],[-58.09648,-32.23537],[-58.09704,-32.23537],[-58.09704,-32.23509],[-58.09759,-32.23509],[-58.09759,-32.23481],[-58.0988,-32.23454],[-58.0987,-32.23352],[-58.09815,-32.23296],[-58.09704,-32.23269],[-58.09704,-32.23241],[-58.09648,-32.23241],[-58.09648,-32.23213],[-58.09491,-32.23194],[-58.09361,-32.23241],[-58.09333,-32.23222],[-58.09333,-32.23139],[-58.09444,-32.2312],[-58.09454,-32.23093],[-58.09602,-32.2312],[-58.09722,-32.23231],[-58.09796,-32.23231],[-58.09935,-32.23389],[-58.10009,-32.2337],[-58.10009,-32.23315],[-58.10037,-32.23315],[-58.10037,-32.23148],[-58.10093,-32.23111],[-58.10093,-32.23019],[-58.10065,-32.23019],[-58.10111,-32.22926],[-58.10083,-32.22787],[-58.1012,-32.22787],[-58.1012,-32.22731],[-58.10204,-32.22731],[-58.10204,-32.22648],[-58.1025,-32.22611],[-58.10241,-32.22537],[-58.10287,-32.22444],[-58.10444,-32.22398],[-58.10426,-32.22315],[-58.10454,-32.22306],[-58.10454,-32.22231],[-58.10481,-32.22231],[-58.10481,-32.22148],[-58.10537,-32.22111],[-58.10593,-32.21981],[-58.11009,-32.21565],[-58.11037,-32.21454],[-58.11093,-32.21426],[-58.11176,-32.21176],[-58.11231,-32.21111],[-58.11259,-32.20944],[-58.11315,-32.20917],[-58.11398,-32.20704],[-58.11426,-32.20704],[-58.11426,-32.20593],[-58.11454,-32.20593],[-58.11454,-32.20444],[-58.11426,-32.20398],[-58.11454,-32.20389],[-58.11481,-32.20259],[-58.11509,-32.20259],[-58.1162,-32.20065],[-58.11731,-32.19954],[-58.11731,-32.19898],[-58.11759,-32.19898],[-58.11759,-32.19741],[-58.11731,-32.19741],[-58.11731,-32.19657],[-58.1162,-32.19546],[-58.11648,-32.19528],[-58.11648,-32.19426],[-58.11759,-32.19343],[-58.11759,-32.19259],[-58.1187,-32.19148],[-58.1187,-32.19093],[-58.11898,-32.19093],[-58.11926,-32.18981],[-58.11981,-32.18954],[-58.12009,-32.18843],[-58.12093,-32.18769],[-58.1212,-32.18676],[-58.12259,-32.18556],[-58.12287,-32.18454],[-58.12509,-32.18231],[-58.12509,-32.18176],[-58.12565,-32.18139],[-58.12565,-32.18065],[-58.1262,-32.18037],[-58.12648,-32.17954],[-58.12704,-32.17917],[-58.12704,-32.1787],[-58.12815,-32.17778],[-58.12815,-32.17731],[-58.1287,-32.17704],[-58.1287,-32.17648],[-58.12926,-32.1762],[-58.12926,-32.17565],[-58.12981,-32.17537],[-58.12981,-32.17426],[-58.13009,-32.17426],[-58.13009,-32.17157],[-58.12981,-32.17157],[-58.12954,-32.16935],[-58.1287,-32.16852],[-58.1287,-32.16796],[-58.12815,-32.16769],[-58.12815,-32.16713],[-58.12759,-32.16685],[-58.12759,-32.1663],[-58.12704,-32.16602],[-58.12704,-32.16546],[-58.1262,-32.16491],[-58.1262,-32.16435],[-58.12454,-32.16269],[-58.12398,-32.16269],[-58.1237,-32.16213],[-58.12315,-32.16213],[-58.12315,-32.16167],[-58.12259,-32.16102],[-58.12204,-32.16102],[-58.1212,-32.15991],[-58.12009,-32.15963],[-58.11898,-32.15852],[-58.11843,-32.15852],[-58.11843,-32.15824],[-58.11787,-32.15824],[-58.11731,-32.15769],[-58.11676,-32.15769],[-58.11676,-32.15741],[-58.1162,-32.15741],[-58.11565,-32.15685],[-58.11565,-32.1563],[-58.11509,-32.15602],[-58.11509,-32.15546],[-58.11398,-32.15491],[-58.11426,-32.15407],[-58.11398,-32.15407],[-58.11398,-32.15324],[-58.1137,-32.15324],[-58.1137,-32.15231],[-58.11398,-32.15231],[-58.11426,-32.15065],[-58.11648,-32.14843],[-58.11704,-32.14843],[-58.11704,-32.14815],[-58.11898,-32.14787],[-58.11898,-32.14759],[-58.12065,-32.14759],[-58.12065,-32.14731],[-58.12537,-32.14704],[-58.12537,-32.14676],[-58.1262,-32.14676],[-58.1262,-32.14648],[-58.12787,-32.14593],[-58.12926,-32.14454],[-58.12981,-32.14454],[-58.13093,-32.14343],[-58.13093,-32.14287],[-58.13204,-32.14204],[-58.13204,-32.14148],[-58.13259,-32.1412],[-58.13287,-32.13954],[-58.13398,-32.13843],[-58.13426,-32.13556],[-58.13398,-32.13546],[-58.13398,-32.13463],[-58.1337,-32.13463]],[[-58.12472,-32.18139],[-58.12472,-32.18194],[-58.12444,-32.18213],[-58.12435,-32.18139],[-58.12472,-32.18139]],[[-58.07222,-32.24343],[-58.07176,-32.24324],[-58.07139,-32.24352],[-58.07148,-32.24315],[-58.07213,-32.24287],[-58.07222,-32.24343]],[[-58.13361,-32.13843],[-58.13278,-32.13944],[-58.13241,-32.14083],[-58.13157,-32.14213],[-58.12954,-32.14435],[-58.12917,-32.14444],[-58.12778,-32.14565],[-58.125,-32.14685],[-58.12019,-32.14722],[-58.11676,-32.14796],[-58.11546,-32.14917],[-58.11537,-32.1488],[-58.11491,-32.14889],[-58.11481,-32.14963],[-58.1137,-32.15139],[-58.1138,-32.15093],[-58.11352,-32.15065],[-58.1137,-32.15],[-58.11407,-32.14991],[-58.11389,-32.14926],[-58.11454,-32.14898],[-58.11444,-32.14843],[-58.11556,-32.14806],[-58.11528,-32.14713],[-58.11537,-32.14639],[-58.11574,-32.14611],[-58.11537,-32.1462],[-58.11528,-32.14574],[-58.11574,-32.14593],[-58.11676,-32.14556],[-58.11741,-32.14593],[-58.11722,-32.14639],[-58.11769,-32.14602],[-58.11722,-32.14537],[-58.11648,-32.14519],[-58.11648,-32.14481],[-58.11713,-32.14481],[-58.11731,-32.14444],[-58.11796,-32.14454],[-58.1175,-32.14491],[-58.11778,-32.14528],[-58.11833,-32.14519],[-58.11824,-32.14667],[-58.12009,-32.14611],[-58.12157,-32.1463],[-58.12204,-32.145],[-58.12241,-32.14491],[-58.12231,-32.14454],[-58.12278,-32.14407],[-58.12315,-32.14463],[-58.12537,-32.14472],[-58.125,-32.14519],[-58.12574,-32.14537],[-58.12593,-32.14463],[-58.12556,-32.14454],[-58.1263,-32.14426],[-58.1263,-32.14463],[-58.12676,-32.14472],[-58.12731,-32.14389],[-58.1287,-32.1438],[-58.12889,-32.14324],[-58.12963,-32.14269],[-58.12981,-32.1412],[-58.13102,-32.14148],[-58.13139,-32.14009],[-58.13102,-32.13954],[-58.12972,-32.13963],[-58.12935,-32.13917],[-58.12861,-32.13991],[-58.12824,-32.13991],[-58.12852,-32.1387],[-58.12815,-32.13852],[-58.12815,-32.13759],[-58.12657,-32.13694],[-58.12546,-32.13685],[-58.12611,-32.13611],[-58.12657,-32.13602],[-58.12639,-32.13565],[-58.12815,-32.13463],[-58.12907,-32.13454],[-58.12954,-32.13565],[-58.13065,-32.13463],[-58.13056,-32.1337],[-58.12944,-32.1325],[-58.12861,-32.13269],[-58.12824,-32.13324],[-58.12806,-32.13306],[-58.12861,-32.13204],[-58.12843,-32.13093],[-58.12954,-32.13028],[-58.12741,-32.13028],[-58.12759,-32.12926],[-58.12713,-32.12907],[-58.12796,-32.12852],[-58.12731,-32.12833],[-58.12769,-32.12769],[-58.12741,-32.12583],[-58.12935,-32.12509],[-58.1287,-32.125],[-58.12833,-32.12426],[-58.12731,-32.12352],[-58.12694,-32.1237],[-58.12704,-32.12398],[-58.12824,-32.12509],[-58.12769,-32.12519],[-58.12722,-32.12444],[-58.12639,-32.12417],[-58.12593,-32.12352],[-58.12593,-32.12426],[-58.12676,-32.12509],[-58.12741,-32.12519],[-58.12741,-32.12556],[-58.12611,-32.12574],[-58.12574,-32.12463],[-58.12491,-32.12435],[-58.12426,-32.1237],[-58.12315,-32.12407],[-58.12315,-32.12333],[-58.12278,-32.12287],[-58.12222,-32.12278],[-58.12167,-32.1213],[-58.1213,-32.12167],[-58.12046,-32.12167],[-58.12019,-32.12222],[-58.11926,-32.12222],[-58.1188,-32.12296],[-58.11843,-32.12296],[-58.12056,-32.12093],[-58.12093,-32.11991],[-58.12065,-32.11972],[-58.12,-32.12009],[-58.11991,-32.12083],[-58.11963,-32.12074],[-58.12,-32.11926],[-58.11991,-32.11815],[-58.11963,-32.11861],[-58.11926,-32.11861],[-58.11898,-32.11778],[-58.11954,-32.1162],[-58.11769,-32.11639],[-58.11759,-32.11565],[-58.11704,-32.11509],[-58.11583,-32.11565],[-58.11685,-32.1162],[-58.11685,-32.11704],[-58.11667,-32.1163],[-58.11593,-32.1163],[-58.11574,-32.11593],[-58.11509,-32.11648],[-58.11472,-32.11611],[-58.11491,-32.11537],[-58.11333,-32.11426],[-58.11269,-32.11417],[-58.11259,-32.1137],[-58.11167,-32.11306],[-58.11167,-32.11259],[-58.11417,-32.11315],[-58.11528,-32.11389],[-58.11713,-32.11426],[-58.11926,-32.11537],[-58.12148,-32.11593],[-58.12528,-32.11843],[-58.1287,-32.12139],[-58.13028,-32.1237],[-58.13111,-32.12556],[-58.1313,-32.12713],[-58.13167,-32.12778],[-58.13176,-32.12935],[-58.13148,-32.12972],[-58.13204,-32.13074],[-58.1325,-32.13093],[-58.1325,-32.13269],[-58.13324,-32.13315],[-58.13324,-32.13398],[-58.1338,-32.135],[-58.13407,-32.13713],[-58.13361,-32.13843]],[[-58.09528,-32.10676],[-58.09463,-32.10685],[-58.09481,-32.1062],[-58.09537,-32.10648],[-58.09528,-32.10676]],[[-58.095,-32.10731],[-58.09398,-32.10731],[-58.09352,-32.10787],[-58.09361,-32.1088],[-58.09315,-32.1088],[-58.09315,-32.10787],[-58.09426,-32.10667],[-58.09454,-32.10676],[-58.09454,-32.10722],[-58.095,-32.10731]],[[-58.10287,-32.10907],[-58.10259,-32.10917],[-58.10241,-32.10861],[-58.10194,-32.10889],[-58.10194,-32.10935],[-58.10241,-32.10935],[-58.10278,-32.11009],[-58.10333,-32.10991],[-58.10296,-32.10954],[-58.10306,-32.1087],[-58.1038,-32.10889],[-58.10398,-32.10926],[-58.10463,-32.10926],[-58.10435,-32.10991],[-58.10481,-32.11009],[-58.10472,-32.11046],[-58.10528,-32.11093],[-58.10574,-32.11213],[-58.105,-32.11241],[-58.10426,-32.11222],[-58.10407,-32.11296],[-58.10352,-32.11315],[-58.10352,-32.11361],[-58.10278,-32.11306],[-58.10324,-32.11231],[-58.1038,-32.11213],[-58.10352,-32.1112],[-58.10315,-32.1112],[-58.10333,-32.11176],[-58.10278,-32.11139],[-58.10148,-32.11148],[-58.10222,-32.11204],[-58.10241,-32.11278],[-58.10185,-32.11241],[-58.10139,-32.11259],[-58.10139,-32.11204],[-58.1,-32.11185],[-58.09981,-32.11241],[-58.10056,-32.11259],[-58.10056,-32.11296],[-58.09981,-32.11296],[-58.09972,-32.1125],[-58.09926,-32.11222],[-58.09907,-32.11324],[-58.09944,-32.11352],[-58.09889,-32.1138],[-58.09787,-32.11361],[-58.09741,-32.11398],[-58.0975,-32.11472],[-58.09731,-32.11546],[-58.09694,-32.11565],[-58.09676,-32.11685],[-58.09611,-32.11694],[-58.09583,-32.11611],[-58.09731,-32.11407],[-58.09713,-32.11352],[-58.09759,-32.11269],[-58.09833,-32.11231],[-58.09843,-32.11083],[-58.09917,-32.11],[-58.09935,-32.10926],[-58.09981,-32.10898],[-58.10009,-32.10926],[-58.10139,-32.10907],[-58.10167,-32.1087],[-58.1013,-32.10815],[-58.10278,-32.10843],[-58.10287,-32.10907]],[[-58.09352,-32.10944],[-58.09287,-32.10944],[-58.09287,-32.10889],[-58.09361,-32.10917],[-58.09352,-32.10944]],[[-58.10481,-32.10954],[-58.10722,-32.11037],[-58.10778,-32.11093],[-58.10741,-32.1113],[-58.10704,-32.1112],[-58.10648,-32.11213],[-58.10611,-32.11213],[-58.10639,-32.1112],[-58.10593,-32.11065],[-58.105,-32.11037],[-58.10481,-32.10954]],[[-58.09287,-32.11056],[-58.09259,-32.11056],[-58.09259,-32.10972],[-58.09306,-32.11],[-58.09287,-32.11056]],[[-58.09352,-32.11167],[-58.0938,-32.11185],[-58.09324,-32.11269],[-58.09306,-32.1137],[-58.09361,-32.11546],[-58.09407,-32.11565],[-58.09463,-32.11657],[-58.09528,-32.11639],[-58.09537,-32.11685],[-58.09676,-32.1175],[-58.09694,-32.11852],[-58.09463,-32.11713],[-58.09269,-32.11454],[-58.09241,-32.11185],[-58.09259,-32.11083],[-58.09343,-32.11074],[-58.09352,-32.11167]],[[-58.11102,-32.11444],[-58.11157,-32.11519],[-58.11083,-32.11528],[-58.11083,-32.11565],[-58.11194,-32.11639],[-58.1137,-32.12028],[-58.11454,-32.12139],[-58.115,-32.12093],[-58.11426,-32.11926],[-58.11463,-32.11907],[-58.11537,-32.11972],[-58.11593,-32.1213],[-58.11657,-32.12176],[-58.11602,-32.12259],[-58.11537,-32.12185],[-58.11407,-32.12167],[-58.11306,-32.12093],[-58.11306,-32.11981],[-58.11148,-32.11824],[-58.11139,-32.11694],[-58.11037,-32.11556],[-58.10963,-32.11537],[-58.10981,-32.11481],[-58.10935,-32.11435],[-58.10778,-32.11389],[-58.10713,-32.11444],[-58.10676,-32.11435],[-58.10657,-32.11491],[-58.10694,-32.11519],[-58.10574,-32.11491],[-58.10639,-32.11454],[-58.10602,-32.11398],[-58.10667,-32.1138],[-58.10685,-32.11417],[-58.10685,-32.11343],[-58.10778,-32.11259],[-58.10796,-32.11111],[-58.10852,-32.11111],[-58.10917,-32.11167],[-58.1088,-32.11269],[-58.10898,-32.11306],[-58.10944,-32.11306],[-58.10926,-32.1138],[-58.10963,-32.11398],[-58.10991,-32.11361],[-58.11056,-32.11398],[-58.11065,-32.11343],[-58.11102,-32.11343],[-58.11102,-32.11444]],[[-58.10444,-32.11398],[-58.10574,-32.11352],[-58.10593,-32.11407],[-58.105,-32.1138],[-58.10491,-32.11407],[-58.10398,-32.11417],[-58.10361,-32.1138],[-58.10398,-32.11343],[-58.10444,-32.11343],[-58.10444,-32.11398]],[[-58.10843,-32.11519],[-58.10806,-32.11491],[-58.10787,-32.11537],[-58.10787,-32.11444],[-58.10815,-32.11472],[-58.10843,-32.11435],[-58.1087,-32.11444],[-58.10843,-32.11519]],[[-58.11065,-32.11713],[-58.11102,-32.11731],[-58.11102,-32.1187],[-58.11157,-32.11963],[-58.11213,-32.11954],[-58.11241,-32.12037],[-58.11222,-32.12083],[-58.11148,-32.12056],[-58.11185,-32.12102],[-58.1112,-32.1212],[-58.11111,-32.12176],[-58.11065,-32.12176],[-58.11046,-32.12065],[-58.10944,-32.12074],[-58.10944,-32.12009],[-58.10981,-32.11991],[-58.10963,-32.11926],[-58.11028,-32.11935],[-58.11,-32.11907],[-58.11028,-32.11843],[-58.10963,-32.11824],[-58.11028,-32.11648],[-58.10954,-32.11676],[-58.10954,-32.1162],[-58.11037,-32.1162],[-58.11065,-32.11713]],[[-58.11806,-32.11759],[-58.11778,-32.11667],[-58.11852,-32.11667],[-58.11833,-32.11759],[-58.11806,-32.11759]],[[-58.1087,-32.11861],[-58.10935,-32.11833],[-58.10963,-32.11889],[-58.1087,-32.11898],[-58.1087,-32.11861]],[[-58.0688,-32.11907],[-58.06833,-32.11898],[-58.06833,-32.11843],[-58.0688,-32.1187],[-58.0688,-32.11907]],[[-58.10917,-32.12046],[-58.10852,-32.11981],[-58.10898,-32.11963],[-58.10898,-32.11917],[-58.10944,-32.11907],[-58.10954,-32.11944],[-58.10907,-32.11954],[-58.10917,-32.12046]],[[-58.0687,-32.12565],[-58.06704,-32.12556],[-58.06713,-32.12481],[-58.06657,-32.12426],[-58.06537,-32.12463],[-58.06519,-32.12352],[-58.06472,-32.12352],[-58.06481,-32.12306],[-58.06546,-32.12343],[-58.06565,-32.12315],[-58.06537,-32.12287],[-58.06593,-32.1225],[-58.06694,-32.12287],[-58.06704,-32.12389],[-58.06769,-32.1238],[-58.06787,-32.12315],[-58.06824,-32.12306],[-58.06806,-32.12259],[-58.06741,-32.1225],[-58.06657,-32.12167],[-58.06639,-32.12093],[-58.06546,-32.12037],[-58.06546,-32.12009],[-58.06472,-32.12019],[-58.06593,-32.11917],[-58.06602,-32.11972],[-58.06657,-32.12],[-58.06806,-32.12213],[-58.06935,-32.12259],[-58.06907,-32.12306],[-58.07,-32.1237],[-58.06944,-32.12389],[-58.06898,-32.12352],[-58.06889,-32.1238],[-58.07009,-32.12444],[-58.07009,-32.12519],[-58.07019,-32.12481],[-58.07056,-32.12481],[-58.07065,-32.12519],[-58.07028,-32.12528],[-58.07,-32.12611],[-58.06963,-32.12602],[-58.06963,-32.12528],[-58.0687,-32.12565]],[[-58.04657,-32.11981],[-58.04648,-32.12019],[-58.04546,-32.11963],[-58.04546,-32.11926],[-58.04602,-32.11926],[-58.04657,-32.11981]],[[-58.06463,-32.12028],[-58.06426,-32.12157],[-58.06398,-32.12093],[-58.06324,-32.12222],[-58.06343,-32.12278],[-58.06426,-32.12278],[-58.0637,-32.12426],[-58.06343,-32.12407],[-58.06361,-32.12352],[-58.06315,-32.12343],[-58.06259,-32.12269],[-58.0625,-32.12167],[-58.06463,-32.12028]],[[-58.11204,-32.12185],[-58.1125,-32.12176],[-58.11231,-32.12222],[-58.1113,-32.12185],[-58.11139,-32.12157],[-58.11204,-32.12185]],[[-58.11315,-32.12167],[-58.11509,-32.12231],[-58.11509,-32.12333],[-58.11602,-32.12278],[-58.11602,-32.12352],[-58.1138,-32.12556],[-58.1113,-32.12722],[-58.11065,-32.12722],[-58.10981,-32.12639],[-58.10602,-32.12685],[-58.10667,-32.12657],[-58.10676,-32.12574],[-58.10741,-32.12528],[-58.10898,-32.12602],[-58.10935,-32.12602],[-58.10926,-32.12546],[-58.11009,-32.12574],[-58.11,-32.12537],[-58.11019,-32.12574],[-58.11204,-32.12574],[-58.11222,-32.12509],[-58.11176,-32.125],[-58.1112,-32.12565],[-58.11093,-32.12454],[-58.11056,-32.12426],[-58.11185,-32.1238],[-58.11213,-32.12352],[-58.11194,-32.12296],[-58.11231,-32.12259],[-58.11269,-32.12333],[-58.11269,-32.1225],[-58.11306,-32.12241],[-58.11315,-32.12167]],[[-58.09917,-32.12241],[-58.09815,-32.12315],[-58.09787,-32.12194],[-58.09824,-32.12194],[-58.09917,-32.12241]],[[-58.05991,-32.1238],[-58.06009,-32.12407],[-58.05963,-32.12435],[-58.05898,-32.12389],[-58.05935,-32.12333],[-58.06046,-32.12287],[-58.05991,-32.1238]],[[-58.11102,-32.1238],[-58.11074,-32.12324],[-58.11093,-32.12306],[-58.1113,-32.12315],[-58.11102,-32.1238]],[[-58.11824,-32.12389],[-58.1188,-32.12352],[-58.11935,-32.12426],[-58.11935,-32.1237],[-58.11981,-32.1237],[-58.11972,-32.12417],[-58.12056,-32.12444],[-58.12046,-32.12481],[-58.12009,-32.12472],[-58.12009,-32.12519],[-58.12074,-32.12583],[-58.12009,-32.12583],[-58.11944,-32.12519],[-58.11944,-32.12472],[-58.11815,-32.12463],[-58.11769,-32.12537],[-58.11769,-32.12602],[-58.11731,-32.12593],[-58.11713,-32.12657],[-58.11611,-32.12704],[-58.11657,-32.1275],[-58.11657,-32.12796],[-58.11565,-32.12787],[-58.11528,-32.12731],[-58.11676,-32.12491],[-58.11639,-32.12454],[-58.11806,-32.12315],[-58.11833,-32.12315],[-58.11806,-32.1237],[-58.11824,-32.12389]],[[-58.05806,-32.12343],[-58.05694,-32.12435],[-58.05648,-32.12417],[-58.05741,-32.12343],[-58.05806,-32.12343]],[[-58.06306,-32.12444],[-58.06259,-32.12454],[-58.06231,-32.12361],[-58.06296,-32.1237],[-58.06306,-32.12444]],[[-58.06389,-32.125],[-58.06343,-32.125],[-58.0637,-32.12435],[-58.06417,-32.12444],[-58.06389,-32.125]],[[-58.07176,-32.125],[-58.07222,-32.12574],[-58.07167,-32.12593],[-58.07139,-32.12676],[-58.06991,-32.12667],[-58.07009,-32.1263],[-58.07046,-32.12648],[-58.07028,-32.12583],[-58.0712,-32.12481],[-58.07176,-32.125]],[[-58.07287,-32.12565],[-58.07306,-32.12648],[-58.07259,-32.12639],[-58.07278,-32.12593],[-58.07241,-32.12565],[-58.07287,-32.12565]],[[-58.07407,-32.12611],[-58.07509,-32.12704],[-58.07454,-32.12713],[-58.07343,-32.12667],[-58.07333,-32.1263],[-58.07407,-32.12611]],[[-58.12574,-32.12676],[-58.12519,-32.12685],[-58.12556,-32.1263],[-58.12611,-32.1262],[-58.12574,-32.12676]],[[-58.10361,-32.12713],[-58.10435,-32.12722],[-58.10491,-32.12769],[-58.10296,-32.12917],[-58.10241,-32.12926],[-58.10213,-32.12991],[-58.10083,-32.12935],[-58.10083,-32.1287],[-58.10194,-32.12796],[-58.10194,-32.12759],[-58.10287,-32.12741],[-58.10315,-32.12657],[-58.10361,-32.1262],[-58.10361,-32.12713]],[[-58.09565,-32.12722],[-58.09472,-32.12806],[-58.09343,-32.12815],[-58.0937,-32.12759],[-58.09602,-32.1262],[-58.09565,-32.12722]],[[-58.05315,-32.12694],[-58.05333,-32.12667],[-58.0538,-32.12648],[-58.05361,-32.12722],[-58.05315,-32.12694]],[[-58.11352,-32.12676],[-58.11333,-32.12954],[-58.11241,-32.12963],[-58.11222,-32.12787],[-58.11167,-32.12769],[-58.11278,-32.12713],[-58.11306,-32.12667],[-58.11352,-32.12676]],[[-58.07713,-32.12722],[-58.07963,-32.12759],[-58.0812,-32.12824],[-58.08074,-32.1287],[-58.07898,-32.12824],[-58.07917,-32.1288],[-58.0787,-32.12898],[-58.07787,-32.12833],[-58.07769,-32.12759],[-58.07694,-32.12778],[-58.07574,-32.12694],[-58.07602,-32.12676],[-58.07713,-32.12722]],[[-58.11491,-32.12833],[-58.11444,-32.12833],[-58.11426,-32.12731],[-58.11491,-32.12787],[-58.11491,-32.12833]],[[-58.12111,-32.12861],[-58.12046,-32.12833],[-58.12037,-32.12787],[-58.12167,-32.12759],[-58.12148,-32.12843],[-58.12111,-32.12861]],[[-58.09111,-32.12917],[-58.08963,-32.12963],[-58.0888,-32.12944],[-58.08898,-32.12917],[-58.09028,-32.12926],[-58.09074,-32.12889],[-58.09111,-32.12889],[-58.09111,-32.12917]],[[-58.11852,-32.12917],[-58.11944,-32.12926],[-58.11917,-32.12963],[-58.11852,-32.12963],[-58.11852,-32.12917]],[[-58.08796,-32.13009],[-58.0875,-32.13],[-58.0875,-32.12954],[-58.08833,-32.12926],[-58.08796,-32.13009]],[[-58.11556,-32.13],[-58.11741,-32.13065],[-58.1175,-32.13102],[-58.11667,-32.1312],[-58.1162,-32.13269],[-58.11583,-32.13287],[-58.11593,-32.13324],[-58.11519,-32.1337],[-58.11546,-32.13417],[-58.11509,-32.13417],[-58.11556,-32.13148],[-58.11426,-32.12954],[-58.115,-32.12944],[-58.11556,-32.13]],[[-58.12324,-32.13157],[-58.12259,-32.13213],[-58.12278,-32.13009],[-58.12231,-32.13009],[-58.12157,-32.13111],[-58.1212,-32.13102],[-58.12148,-32.13028],[-58.12324,-32.12954],[-58.12324,-32.13157]],[[-58.11435,-32.1337],[-58.11361,-32.13259],[-58.11417,-32.13213],[-58.11426,-32.1312],[-58.11287,-32.13019],[-58.11324,-32.12963],[-58.1138,-32.12991],[-58.11491,-32.13176],[-58.11435,-32.1337]],[[-58.11426,-32.1338],[-58.11417,-32.13435],[-58.1137,-32.13444],[-58.1137,-32.13398],[-58.11426,-32.1338]],[[-58.09935,-32.13315],[-58.0987,-32.13278],[-58.09917,-32.13241],[-58.09889,-32.13204],[-58.10037,-32.13157],[-58.10019,-32.13093],[-58.10009,-32.13102],[-58.09972,-32.13093],[-58.10009,-32.13056],[-58.10046,-32.13065],[-58.10093,-32.12981],[-58.10157,-32.13],[-58.10176,-32.13111],[-58.10046,-32.13278],[-58.09935,-32.13315]],[[-58.07241,-32.13037],[-58.07324,-32.13],[-58.0737,-32.13083],[-58.07444,-32.13111],[-58.07481,-32.13213],[-58.07593,-32.13231],[-58.07593,-32.13269],[-58.075,-32.13306],[-58.07509,-32.1325],[-58.07481,-32.13241],[-58.07407,-32.1325],[-58.0737,-32.13213],[-58.07231,-32.13259],[-58.07194,-32.13204],[-58.0713,-32.13204],[-58.07111,-32.13176],[-58.07157,-32.13111],[-58.07269,-32.1313],[-58.07296,-32.13083],[-58.07269,-32.13046],[-58.07194,-32.13056],[-58.07167,-32.13009],[-58.07213,-32.12991],[-58.07241,-32.13037]],[[-58.12139,-32.13213],[-58.12204,-32.13204],[-58.12185,-32.13241],[-58.12111,-32.13241],[-58.12028,-32.13213],[-58.12019,-32.13176],[-58.12148,-32.13167],[-58.12185,-32.1312],[-58.12185,-32.13167],[-58.12139,-32.13213]],[[-58.10991,-32.13213],[-58.10926,-32.13157],[-58.10935,-32.1312],[-58.11,-32.13176],[-58.10991,-32.13213]],[[-58.0787,-32.13176],[-58.07935,-32.13167],[-58.07944,-32.13185],[-58.07935,-32.13213],[-58.07861,-32.13213],[-58.0787,-32.13176]],[[-58.12537,-32.13269],[-58.12454,-32.13287],[-58.12389,-32.13231],[-58.12463,-32.13194],[-58.12519,-32.13213],[-58.12537,-32.13269]],[[-58.06963,-32.13194],[-58.07083,-32.13324],[-58.06981,-32.13361],[-58.06917,-32.13231],[-58.06963,-32.13194]],[[-58.06769,-32.13296],[-58.06676,-32.13296],[-58.06648,-32.13259],[-58.0675,-32.13231],[-58.06769,-32.13296]],[[-58.12648,-32.1338],[-58.12741,-32.13389],[-58.12741,-32.13454],[-58.12574,-32.13528],[-58.12417,-32.13657],[-58.12259,-32.13694],[-58.12241,-32.1363],[-58.12213,-32.1363],[-58.12361,-32.1362],[-58.12528,-32.13519],[-58.12546,-32.13481],[-58.12509,-32.13472],[-58.12509,-32.13426],[-58.12546,-32.13426],[-58.12546,-32.13398],[-58.125,-32.13389],[-58.12509,-32.13315],[-58.1262,-32.13333],[-58.12648,-32.1338]],[[-58.10074,-32.13343],[-58.10046,-32.13546],[-58.10009,-32.13546],[-58.10019,-32.13509],[-58.09963,-32.13472],[-58.09944,-32.13361],[-58.10074,-32.13343]],[[-58.07417,-32.13435],[-58.07444,-32.13398],[-58.07528,-32.13407],[-58.07583,-32.1338],[-58.0763,-32.13407],[-58.07611,-32.13481],[-58.07574,-32.135],[-58.07583,-32.13546],[-58.07528,-32.13546],[-58.075,-32.13481],[-58.07417,-32.13444],[-58.07407,-32.13509],[-58.07278,-32.13537],[-58.0738,-32.13546],[-58.07389,-32.13583],[-58.07333,-32.13583],[-58.07269,-32.13639],[-58.07204,-32.1363],[-58.07222,-32.13593],[-58.07157,-32.13583],[-58.07102,-32.13528],[-58.07037,-32.13546],[-58.07019,-32.1362],[-58.06935,-32.13611],[-58.06935,-32.13556],[-58.06741,-32.13528],[-58.0675,-32.13481],[-58.06815,-32.13435],[-58.06981,-32.13435],[-58.06963,-32.13389],[-58.07028,-32.13389],[-58.07083,-32.13435],[-58.07231,-32.13435],[-58.07241,-32.13463],[-58.07296,-32.13463],[-58.07324,-32.13407],[-58.07417,-32.13435]],[[-58.12074,-32.1362],[-58.12046,-32.13565],[-58.12102,-32.13537],[-58.12074,-32.1362]],[[-58.07361,-32.13648],[-58.07287,-32.13731],[-58.07278,-32.13704],[-58.07324,-32.13648],[-58.07361,-32.13648]],[[-58.12352,-32.13731],[-58.12287,-32.13833],[-58.12269,-32.13759],[-58.12352,-32.13731]],[[-58.12491,-32.13852],[-58.12426,-32.1387],[-58.12407,-32.13917],[-58.12389,-32.13907],[-58.12463,-32.1375],[-58.12509,-32.13741],[-58.12491,-32.13852]],[[-58.1238,-32.13917],[-58.12296,-32.14157],[-58.12204,-32.14157],[-58.1238,-32.13917]],[[-58.10343,-32.14037],[-58.10417,-32.14139],[-58.1037,-32.1413],[-58.10296,-32.14037],[-58.10343,-32.14037]],[[-58.10231,-32.14056],[-58.10352,-32.14148],[-58.10352,-32.14231],[-58.10491,-32.14296],[-58.10472,-32.14204],[-58.10519,-32.14204],[-58.10639,-32.14333],[-58.10657,-32.14435],[-58.10593,-32.14435],[-58.10574,-32.14491],[-58.10648,-32.14463],[-58.10713,-32.14481],[-58.10759,-32.1463],[-58.10694,-32.14639],[-58.10694,-32.14769],[-58.10519,-32.14806],[-58.10333,-32.14713],[-58.10278,-32.14759],[-58.10009,-32.14741],[-58.09741,-32.14602],[-58.09685,-32.14519],[-58.09648,-32.14528],[-58.09565,-32.14463],[-58.09639,-32.14454],[-58.09676,-32.14472],[-58.09676,-32.14509],[-58.09713,-32.14481],[-58.09778,-32.14519],[-58.09778,-32.14472],[-58.0987,-32.14472],[-58.0988,-32.14426],[-58.09935,-32.14417],[-58.09963,-32.145],[-58.09972,-32.14444],[-58.10037,-32.14398],[-58.09944,-32.14417],[-58.09907,-32.1437],[-58.09833,-32.14352],[-58.09852,-32.14315],[-58.09759,-32.14324],[-58.09769,-32.14287],[-58.09704,-32.14259],[-58.09704,-32.14204],[-58.09833,-32.14204],[-58.09898,-32.14148],[-58.10028,-32.14139],[-58.10231,-32.14056]],[[-58.12185,-32.14185],[-58.1213,-32.14306],[-58.12056,-32.14306],[-58.12037,-32.14352],[-58.11917,-32.14407],[-58.1188,-32.14463],[-58.11833,-32.14435],[-58.11963,-32.1437],[-58.1213,-32.14194],[-58.12185,-32.14185]],[[-58.11602,-32.14556],[-58.11537,-32.14565],[-58.11519,-32.14509],[-58.11602,-32.14472],[-58.11602,-32.14556]],[[-58.09324,-32.14528],[-58.09231,-32.14648],[-58.09185,-32.14583],[-58.09324,-32.14528]],[[-58.10833,-32.14963],[-58.10898,-32.15065],[-58.11167,-32.15176],[-58.11213,-32.15259],[-58.11194,-32.15296],[-58.11148,-32.15287],[-58.11065,-32.15333],[-58.10954,-32.15269],[-58.10935,-32.15222],[-58.10833,-32.15213],[-58.10852,-32.15139],[-58.10815,-32.15111],[-58.10778,-32.14972],[-58.10833,-32.14963]],[[-58.11361,-32.15435],[-58.11278,-32.15435],[-58.11278,-32.15389],[-58.11333,-32.15324],[-58.11315,-32.15259],[-58.11343,-32.15222],[-58.11352,-32.15324],[-58.1138,-32.15343],[-58.11361,-32.15435]],[[-58.11324,-32.16],[-58.11333,-32.16102],[-58.11287,-32.16167],[-58.11333,-32.16185],[-58.1125,-32.16231],[-58.11213,-32.16306],[-58.11157,-32.16296],[-58.11176,-32.16213],[-58.11231,-32.16157],[-58.11204,-32.1612],[-58.11213,-32.16037],[-58.11167,-32.16009],[-58.11157,-32.15954],[-58.11213,-32.15935],[-58.11324,-32.16]],[[-58.10778,-32.16046],[-58.10704,-32.16083],[-58.10648,-32.15981],[-58.10787,-32.15972],[-58.10778,-32.16046]],[[-58.10991,-32.16139],[-58.10991,-32.16083],[-58.11056,-32.16093],[-58.11046,-32.16139],[-58.10991,-32.16139]],[[-58.11722,-32.19898],[-58.1163,-32.19991],[-58.1163,-32.19852],[-58.11528,-32.19907],[-58.11565,-32.19815],[-58.11611,-32.19806],[-58.1163,-32.19843],[-58.11611,-32.19787],[-58.11685,-32.19769],[-58.1175,-32.19787],[-58.11722,-32.19898]],[[-58.10528,-32.21167],[-58.10444,-32.21148],[-58.10556,-32.2112],[-58.10528,-32.21167]],[[-58.10806,-32.21417],[-58.10657,-32.21648],[-58.10593,-32.21676],[-58.10583,-32.21741],[-58.10463,-32.21806],[-58.10463,-32.21833],[-58.10509,-32.21833],[-58.10519,-32.21806],[-58.10509,-32.2188],[-58.10602,-32.2187],[-58.1062,-32.21907],[-58.10556,-32.21954],[-58.10537,-32.22046],[-58.10472,-32.22111],[-58.10407,-32.2238],[-58.10324,-32.22333],[-58.10259,-32.22352],[-58.10259,-32.22093],[-58.10222,-32.22074],[-58.10241,-32.21991],[-58.10315,-32.21935],[-58.1037,-32.21935],[-58.10352,-32.21833],[-58.10519,-32.21713],[-58.10537,-32.21667],[-58.10583,-32.21657],[-58.10583,-32.2162],[-58.10676,-32.21537],[-58.10731,-32.21398],[-58.10806,-32.21417]],[[-58.10917,-32.21593],[-58.10741,-32.21796],[-58.10667,-32.21824],[-58.10778,-32.21676],[-58.10917,-32.21593]],[[-58.09463,-32.22704],[-58.09407,-32.22806],[-58.0937,-32.22796],[-58.09426,-32.22694],[-58.09463,-32.22704]],[[-58.08046,-32.23213],[-58.08,-32.2325],[-58.07954,-32.23241],[-58.07926,-32.23157],[-58.08074,-32.23111],[-58.08046,-32.23213]],[[-58.09667,-32.23324],[-58.0975,-32.23315],[-58.09824,-32.2337],[-58.09787,-32.23463],[-58.09694,-32.23481],[-58.09676,-32.23435],[-58.09667,-32.23519],[-58.09593,-32.23565],[-58.09611,-32.23444],[-58.09546,-32.23407],[-58.09574,-32.23315],[-58.0963,-32.23259],[-58.09676,-32.23259],[-58.09667,-32.23324]],[[-58.09917,-32.2363],[-58.0988,-32.23704],[-58.09815,-32.23731],[-58.09815,-32.2388],[-58.09787,-32.23907],[-58.09704,-32.23907],[-58.09611,-32.23769],[-58.0962,-32.23667],[-58.09667,-32.23602],[-58.09815,-32.235],[-58.09917,-32.23481],[-58.09917,-32.2363]],[[-58.08852,-32.24083],[-58.08815,-32.24102],[-58.08787,-32.24037],[-58.08852,-32.24046],[-58.0888,-32.24],[-58.08852,-32.24083]],[[-58.07046,-32.24343],[-58.06991,-32.24333],[-58.07009,-32.24269],[-58.07056,-32.24296],[-58.07046,-32.24343]],[[-58.04787,-32.25083],[-58.04778,-32.25222],[-58.04694,-32.25222],[-58.04731,-32.25074],[-58.04787,-32.25083]]],[[[-58.04787,-32.10269],[-58.04778,-32.10231],[-58.04713,-32.10259],[-58.04778,-32.10306],[-58.04796,-32.10417],[-58.04852,-32.1038],[-58.04861,-32.10306],[-58.04787,-32.10269]]],[[[-58.10981,-32.11417],[-58.11,-32.11491],[-58.11046,-32.11481],[-58.11074,-32.11398],[-58.10981,-32.11417]]],[[[-58.06898,-32.12537],[-58.06944,-32.12528],[-58.06935,-32.12481],[-58.06898,-32.12481],[-58.06898,-32.12537]]],[[[-58.08843,-32.11935],[-58.0888,-32.11954],[-58.08907,-32.11926],[-58.08907,-32.11861],[-58.08861,-32.1188],[-58.08843,-32.11935]]],[[[-58.08213,-32.10398],[-58.08176,-32.1038],[-58.08167,-32.10407],[-58.08213,-32.10435],[-58.08213,-32.10398]]],[[[-58.08148,-32.28481],[-58.08093,-32.28509],[-58.08083,-32.28546],[-58.08148,-32.28546],[-58.08148,-32.28481]]],[[[-58.08083,-32.28546],[-58.08009,-32.28657],[-58.08074,-32.28657],[-58.08083,-32.28546]]],[[[-58.08083,-32.28167],[-58.08037,-32.28167],[-58.08037,-32.28185],[-58.08083,-32.28194],[-58.08083,-32.28167]]],[[[-58.05889,-32.25157],[-58.05935,-32.25167],[-58.05954,-32.25102],[-58.05926,-32.25093],[-58.05889,-32.25157]]],[[[-58.06139,-32.24676],[-58.06176,-32.24722],[-58.06306,-32.24685],[-58.06213,-32.2462],[-58.06139,-32.24676]]],[[[-58.05981,-32.24583],[-58.05991,-32.24546],[-58.05954,-32.24537],[-58.05944,-32.24583],[-58.05981,-32.24583]]],[[[-58.06463,-32.24537],[-58.06519,-32.24546],[-58.06546,-32.24509],[-58.06463,-32.24537]]],[[[-58.06602,-32.24213],[-58.065,-32.24278],[-58.06509,-32.24333],[-58.06556,-32.24324],[-58.06565,-32.24407],[-58.06528,-32.24463],[-58.06667,-32.24426],[-58.06741,-32.24324],[-58.06741,-32.24278],[-58.06667,-32.24324],[-58.06713,-32.24204],[-58.06639,-32.24167],[-58.06593,-32.24176],[-58.06602,-32.24213]]],[[[-58.07611,-32.2363],[-58.07639,-32.2363],[-58.07657,-32.23546],[-58.0762,-32.23574],[-58.07611,-32.2363]]],[[[-58.07593,-32.23491],[-58.07583,-32.23472],[-58.07519,-32.23481],[-58.07537,-32.235],[-58.07593,-32.23491]]],[[[-58.07407,-32.23231],[-58.07361,-32.23204],[-58.07343,-32.23241],[-58.07407,-32.2325],[-58.0738,-32.23296],[-58.07472,-32.23324],[-58.07481,-32.23148],[-58.07426,-32.23167],[-58.07407,-32.23231]]],[[[-58.07556,-32.2313],[-58.07537,-32.23157],[-58.07602,-32.23185],[-58.0763,-32.23185],[-58.07611,-32.23148],[-58.07731,-32.23157],[-58.07713,-32.23111],[-58.07556,-32.2313]]],[[[-58.07454,-32.23056],[-58.07556,-32.23056],[-58.07593,-32.23019],[-58.07611,-32.23046],[-58.07648,-32.23037],[-58.07593,-32.22981],[-58.075,-32.22972],[-58.07454,-32.23056]]],[[[-58.06796,-32.12352],[-58.0687,-32.12343],[-58.06796,-32.12324],[-58.06796,-32.12352]]],[[[-58.07889,-32.11815],[-58.07981,-32.11852],[-58.07963,-32.11806],[-58.07889,-32.11815]]],[[[-58.07574,-32.11731],[-58.07593,-32.11806],[-58.07722,-32.11815],[-58.07685,-32.11694],[-58.07574,-32.11731]]],[[[-58.07296,-32.11602],[-58.07352,-32.11657],[-58.07407,-32.11593],[-58.07343,-32.11556],[-58.07296,-32.11602]]],[[[-58.0725,-32.11546],[-58.07306,-32.11556],[-58.07315,-32.11537],[-58.07287,-32.115],[-58.0725,-32.11546]]],[[[-58.07213,-32.11426],[-58.07241,-32.115],[-58.07241,-32.11407],[-58.07213,-32.11426]]],[[[-58.05639,-32.11417],[-58.05602,-32.11417],[-58.05602,-32.11463],[-58.05639,-32.11463],[-58.05639,-32.11417]]],[[[-58.05602,-32.11306],[-58.05648,-32.11296],[-58.05639,-32.11241],[-58.05574,-32.1125],[-58.05602,-32.11306]]],[[[-58.05667,-32.11269],[-58.05713,-32.11231],[-58.05657,-32.11231],[-58.05667,-32.11269]]],[[[-58.06611,-32.10787],[-58.06602,-32.10731],[-58.06546,-32.10704],[-58.06565,-32.10778],[-58.06611,-32.10787]]],[[[-58.08083,-32.10491],[-58.08185,-32.105],[-58.08185,-32.10444],[-58.08093,-32.10472],[-58.08083,-32.10491]]],[[[-58.05537,-32.10231],[-58.05694,-32.10333],[-58.0575,-32.10324],[-58.05722,-32.10259],[-58.05676,-32.10259],[-58.05667,-32.10231],[-58.05537,-32.10231]]],[[[-58.05972,-32.1012],[-58.05944,-32.1012],[-58.05954,-32.10194],[-58.05963,-32.10194],[-58.05972,-32.1012]]],[[[-58.07269,-32.10102],[-58.07343,-32.10065],[-58.07306,-32.10056],[-58.07269,-32.10102]]],[[[-58.05824,-32.10056],[-58.05815,-32.1],[-58.05778,-32.1],[-58.05778,-32.10019],[-58.05824,-32.10056]]],[[[-58.03694,-32.27176],[-58.03741,-32.27204],[-58.03741,-32.27148],[-58.03694,-32.27176]]],[[[-58.03981,-32.27102],[-58.03926,-32.27074],[-58.03898,-32.27102],[-58.03981,-32.27102]]],[[[-58.04231,-32.26731],[-58.04194,-32.26861],[-58.0412,-32.26926],[-58.0412,-32.26963],[-58.04065,-32.27],[-58.04009,-32.26917],[-58.03926,-32.27028],[-58.03991,-32.27019],[-58.04009,-32.27083],[-58.04102,-32.27037],[-58.04278,-32.26741],[-58.04231,-32.26731]]],[[[-58.03917,-32.26713],[-58.03981,-32.26778],[-58.04019,-32.2675],[-58.04056,-32.26787],[-58.04037,-32.26824],[-58.04065,-32.26833],[-58.04074,-32.26907],[-58.04111,-32.26852],[-58.04074,-32.26833],[-58.0412,-32.26741],[-58.04111,-32.26704],[-58.04028,-32.26722],[-58.04028,-32.26694],[-58.03954,-32.26704],[-58.03926,-32.26667],[-58.03917,-32.26713]]],[[[-58.03815,-32.26593],[-58.03833,-32.26528],[-58.03787,-32.26528],[-58.03778,-32.26546],[-58.03815,-32.26593]]],[[[-58.03907,-32.26296],[-58.0387,-32.26296],[-58.03833,-32.26361],[-58.03935,-32.26361],[-58.03907,-32.26296]]],[[[-58.03759,-32.26444],[-58.03796,-32.26435],[-58.03833,-32.26361],[-58.03759,-32.26417],[-58.03759,-32.26444]]],[[[-58.04037,-32.26333],[-58.04102,-32.26315],[-58.04111,-32.26287],[-58.04046,-32.26287],[-58.04037,-32.26333]]],[[[-58.0413,-32.26167],[-58.04213,-32.26028],[-58.04231,-32.25843],[-58.04259,-32.2588],[-58.04324,-32.2588],[-58.04343,-32.25833],[-58.04389,-32.25824],[-58.0437,-32.25787],[-58.04435,-32.25769],[-58.04602,-32.25806],[-58.04685,-32.25787],[-58.04676,-32.25852],[-58.04713,-32.25852],[-58.04796,-32.25731],[-58.04593,-32.25759],[-58.04481,-32.2575],[-58.04407,-32.25694],[-58.0438,-32.25704],[-58.04389,-32.25741],[-58.04241,-32.25722],[-58.04222,-32.2575],[-58.04296,-32.25769],[-58.04139,-32.25759],[-58.04157,-32.25815],[-58.0413,-32.2587],[-58.04093,-32.25778],[-58.03972,-32.25759],[-58.03991,-32.25824],[-58.03926,-32.25898],[-58.03926,-32.25991],[-58.03944,-32.25954],[-58.04,-32.25944],[-58.04,-32.26056],[-58.04074,-32.26074],[-58.0412,-32.26019],[-58.04093,-32.25981],[-58.04185,-32.25926],[-58.04185,-32.25991],[-58.04093,-32.26148],[-58.0413,-32.26167]]],[[[-58.04037,-32.26519],[-58.04176,-32.26389],[-58.04241,-32.2638],[-58.04259,-32.26343],[-58.04269,-32.26259],[-58.04194,-32.26139],[-58.04167,-32.26139],[-58.04185,-32.26194],[-58.04093,-32.26185],[-58.04093,-32.26148],[-58.04065,-32.26148],[-58.03926,-32.26259],[-58.03926,-32.26296],[-58.04019,-32.26231],[-58.04102,-32.26222],[-58.04204,-32.26324],[-58.04139,-32.26361],[-58.04009,-32.26352],[-58.03963,-32.26398],[-58.03926,-32.2638],[-58.0388,-32.26426],[-58.0388,-32.26509],[-58.03843,-32.26519],[-58.04037,-32.26519]]],[[[-58.04037,-32.26546],[-58.04185,-32.26639],[-58.0413,-32.26556],[-58.04083,-32.26565],[-58.04037,-32.26519],[-58.04037,-32.26546]]],[[[-58.04593,-32.25917],[-58.04593,-32.2588],[-58.04657,-32.2587],[-58.04565,-32.2588],[-58.04565,-32.25917],[-58.04593,-32.25917]]],[[[-58.04565,-32.25713],[-58.04704,-32.25722],[-58.04741,-32.25704],[-58.04741,-32.25667],[-58.04565,-32.25713]]],[[[-58.04898,-32.25407],[-58.04991,-32.25454],[-58.05093,-32.25389],[-58.04944,-32.25343],[-58.04889,-32.2537],[-58.04898,-32.25407]]],[[[-58.0525,-32.25074],[-58.05148,-32.25065],[-58.05157,-32.25111],[-58.05093,-32.25111],[-58.05074,-32.25083],[-58.04944,-32.25102],[-58.04981,-32.25102],[-58.05028,-32.25241],[-58.05093,-32.25296],[-58.05157,-32.25296],[-58.05176,-32.25213],[-58.05269,-32.25259],[-58.05306,-32.25167],[-58.05398,-32.2513],[-58.05407,-32.25056],[-58.05343,-32.25019],[-58.0525,-32.25074]]],[[[-58.03833,-32.25009],[-58.03861,-32.24954],[-58.03815,-32.24954],[-58.03833,-32.25009]]],[[[-58.04648,-32.24935],[-58.04602,-32.24898],[-58.04602,-32.24944],[-58.04648,-32.24935]]],[[[-58.04583,-32.24898],[-58.045,-32.24898],[-58.045,-32.24907],[-58.04509,-32.24935],[-58.04556,-32.24935],[-58.04583,-32.24898]]],[[[-58.03787,-32.24769],[-58.03824,-32.24722],[-58.03731,-32.24704],[-58.03778,-32.24731],[-58.03722,-32.24778],[-58.03741,-32.24852],[-58.03787,-32.24843],[-58.03787,-32.24769]]],[[[-58.03667,-32.24722],[-58.03611,-32.24824],[-58.03694,-32.24861],[-58.03722,-32.24824],[-58.03694,-32.24778],[-58.03722,-32.24759],[-58.03685,-32.24759],[-58.03667,-32.24722]]],[[[-58.03639,-32.24713],[-58.03602,-32.24676],[-58.03565,-32.24676],[-58.03593,-32.24722],[-58.03639,-32.24713]]],[[[-58.03917,-32.24667],[-58.03833,-32.24713],[-58.0388,-32.24722],[-58.03917,-32.24667]]],[[[-58.05231,-32.12611],[-58.05278,-32.12602],[-58.05296,-32.12556],[-58.05259,-32.12565],[-58.05231,-32.12611]]],[[[-58.05324,-32.125],[-58.05389,-32.125],[-58.0538,-32.12407],[-58.05333,-32.12435],[-58.05324,-32.125]]],[[[-58.05019,-32.12259],[-58.05037,-32.12333],[-58.05093,-32.12324],[-58.05083,-32.12241],[-58.05019,-32.12259]]],[[[-58.05509,-32.11148],[-58.05611,-32.11222],[-58.05593,-32.11148],[-58.05509,-32.11148]]],[[[-58.05454,-32.11037],[-58.055,-32.11009],[-58.05454,-32.10972],[-58.05454,-32.11037]]],[[[-58.0512,-32.10769],[-58.05148,-32.10907],[-58.05269,-32.10852],[-58.05204,-32.10787],[-58.05185,-32.10713],[-58.0512,-32.10769]]],[[[-58.05167,-32.10657],[-58.0512,-32.10648],[-58.05148,-32.10713],[-58.05167,-32.10704],[-58.05167,-32.10657]]],[[[-58.05093,-32.1063],[-58.05111,-32.10565],[-58.05065,-32.10565],[-58.05093,-32.1063]]],[[[-58.04778,-32.10454],[-58.04769,-32.10426],[-58.04704,-32.10426],[-58.04722,-32.10481],[-58.04778,-32.10454]]],[[[-58.05398,-32.10213],[-58.05472,-32.10204],[-58.05481,-32.10176],[-58.05398,-32.10148],[-58.05398,-32.10213]]],[[[-58.0463,-32.10185],[-58.04583,-32.1013],[-58.04565,-32.10176],[-58.0463,-32.10185]]],[[[-58.05361,-32.1],[-58.0525,-32.1],[-58.0525,-32.10019],[-58.05259,-32.10046],[-58.05324,-32.10046],[-58.05361,-32.1]]]]}}]}